source_id,ruwe,non_single_star,radial_velocity,radial_velocity_error,rv_nb_transits,rv_renormalised_gof,rv_chisq_pvalue,rv_amplitude_robust,rv_template_teff,phot_g_mean_mag
401262031210472192,1.002587,0,18.98274,3.7641196,21,,,,3600.0,14.88949
420186481756802304,0.95866126,0,,,,,,,,8.925358
427408726965844352,1.0063868,0,-7.3555026,0.97157615,24,,,,4500.0,13.0813
439319598985602304,1.1030713,0,0.039300475,8.817134,10,,,,3200.0,15.079033
498103613771414528,0.898163,0,14.601886,0.28144187,22,0.9862085,0.18091759,3.5171585,5750.0,10.349591
554372083395152512,1.0826304,0,,,,,,,,13.691353
560049480405555456,1.0840808,0,-13.197239,9.276333,12,,,,3600.0,15.427876
569809948203170176,1.1161584,0,3.8301332,0.64789486,21,0.48305154,0.28831404,9.720158,4500.0,12.740192
76733752567219328,1.1250865,0,-32.97372,1.2783195,16,1.0628028,0.16508578,16.455679,4500.0,12.605345
83756951808944128,1.2385199,0,24.225462,2.0077114,14,,,,3800.0,13.620646
87111905382846976,1.2372977,0,-9.280218,0.6326832,11,0.5209669,0.22280319,5.4098177,4750.0,11.371038
105004842216905344,1.0285375,0,28.374744,0.36574966,16,0.16927059,0.3732185,4.503479,4250.0,11.342271
293202062790569984,1.1368431,0,52.029995,16.02717,15,39.408592,0.0,190.2511,3900.0,13.1993885
312844906740246912,0.9170178,0,15.845257,0.21685898,17,2.1260264,0.0011203145,2.4546566,5000.0,9.786652
153741760270606464,0.87567115,0,60.43242,0.23897439,30,0.63250256,0.1288891,3.2129097,5000.0,10.848608
179245207355823232,0.90196306,0,7.8653173,2.466078,15,11.069129,0.0,24.388922,4750.0,10.481513
184425006635992192,0.81285167,0,30.736555,0.76832914,16,6.119706,7.5495166E-15,6.7948456,7000.0,8.178479
138999542724521728,1.891112,0,24.308878,1.8942045,3,1.1280227,0.12448119,5.1917343,3800.0,12.292258
274994974877051008,0.91349006,0,-20.233826,0.12537615,27,-0.17605726,0.2230809,0.87454987,5500.0,8.154951
407807355212400640,0.9304189,0,-8.705871,1.0113915,18,6.190609,1.8827162E-12,12.069004,6250.0,9.841054
422990648724458496,1.107237,0,-25.771557,4.8051066,19,,,,3800.0,14.802353
429459689802077056,1.2615312,0,-7.2855754,4.222056,20,13.970991,0.0,63.92437,4250.0,13.012264
464089774894392320,1.075249,0,3.5548763,2.272494,24,,,,3900.0,13.907666
536732996309658752,1.0046345,0,13.608966,0.30585575,20,1.1513212,0.039434433,4.738,5500.0,10.3395
20803314049005312,1.1054516,0,14.107739,2.2026386,14,,,,4500.0,13.552298
76797696040078720,1.1140869,0,7.418181,0.9150902,16,4.295513,2.3015098E-5,9.757082,4500.0,11.49332
114610210157251840,1.3743027,0,-5.0643864,0.8776444,8,-1.1619223,0.9054799,6.8825607,3900.0,12.7955265
292687422629073280,0.82494366,0,54.983173,18.703165,10,49.499294,0.0,135.12836,5250.0,10.784423
364505288772532224,0.9863915,0,-16.900003,0.33963346,16,0.6591755,0.18891688,3.691265,5750.0,10.452671
44261218533253376,1.0928633,0,6.7059884,0.55124617,8,1.3034209,0.046673488,3.580089,6250.0,9.46624
64319196843026816,1.3560493,0,-12.60754,0.47134438,17,-0.44215524,0.5883457,4.841633,5250.0,11.78481
174200029532209536,1.073443,0,-27.06169,2.815488,25,,,,3700.0,14.650793
657690648435123456,1.0804307,0,-25.546478,1.9913802,10,2.5593128,0.0016360519,17.416742,4750.0,12.380926
669770016322676480,1.2049134,0,-75.52749,3.2078674,14,,,,3600.0,14.254254
359021092279279488,0.9617138,0,-29.166868,0.35040024,13,1.1209888,0.108873874,3.3494911,6000.0,10.29073
427571660842129408,1.3520446,0,-15.198618,0.46171546,14,0.72975475,0.11460878,5.1229095,4750.0,11.018418
430461830239712512,0.86681604,0,5.7027225,0.25939614,12,0.7060727,0.07618983,2.2372093,5500.0,9.479104
430853359448212864,1.6567526,0,-51.908825,0.7021952,19,2.064486,0.051711675,8.390713,4000.0,12.616526
459840540408951936,1.0010508,0,-13.720173,5.12088,18,,,,3600.0,15.353491
559852564744528384,0.9475712,0,-22.188122,0.18655418,18,1.6163069,0.00607917,1.9263344,5000.0,9.837654
568302105444299136,1.0524129,0,,,,,,,,15.408494
87368744426907136,0.82816166,0,7.842193,0.12288234,14,-1.6269691,0.8854472,0.49590206,5500.0,7.66607
362966483595382912,1.0329839,0,-14.416135,1.2666631,20,5.082632,8.213038E-7,20.104237,4500.0,13.14024
385375870598159744,1.467941,0,3.3305488,0.5318834,22,2.2608075,0.005745242,7.773857,5250.0,11.712763
607348477764505856,0.94507694,0,3.3973768,0.12731619,32,0.008969537,0.1589675,1.0086176,6250.0,7.7778735
661127824863058176,0.9736572,0,51.452286,0.16109422,18,-0.07242799,0.2943394,1.6008911,5750.0,9.139158
138999542725203328,0.9980052,0,19.227638,0.13614741,11,-0.4294112,0.51470727,0.67360497,6000.0,7.5577617
229119364031026048,1.2681508,0,-51.987087,0.19931251,25,0.10623592,0.18614776,3.3372498,5250.0,9.9488535
250642815241960832,0.84318966,0,-100.44656,0.2917191,24,-0.8698948,0.7687491,4.272995,5750.0,11.2498665
285954769337569536,1.2545737,0,13.017265,0.53823256,24,5.868923,3.8348102E-11,7.0855255,6000.0,9.871383
359860814220884736,0.9403853,0,22.43988,0.3793306,13,-0.07429481,0.39674705,3.859295,5250.0,10.686833
377340609559431168,1.3152616,0,-10.024476,0.7430449,14,1.4992312,0.15195872,5.7703266,5500.0,12.041373
491129102280823424,1.0090791,0,-8.990398,0.17067944,50,1.8735937,0.0014252267,3.1884065,5500.0,9.99835
505620802978438528,1.0738324,0,-18.55887,1.5543021,20,,,,4250.0,13.592688
549583366659361536,0.9762405,0,2.4450188,22.420033,18,60.19877,0.0,240.32132,4500.0,11.4569
557754524758724224,1.0844983,0,-42.110935,1.3952576,23,,,,4500.0,13.319528
561795470510401792,0.9288835,0,9.417369,0.5038405,15,-0.2793725,0.69056237,6.148483,4000.0,12.154843
293203471539843200,1.0121884,0,11.748564,1.2242208,19,0.14206296,0.5523465,16.748535,4000.0,13.130042
308936280342442112,1.150202,0,-50.00586,1.3416598,17,,,,4500.0,13.306742
331862364796816640,1.2400622,0,51.90443,0.21466574,5,-0.5692328,0.60213816,0.7908478,5750.0,8.902301
347092735441128448,1.287741,0,10.446244,1.3617613,15,2.8404138,0.002136527,15.924039,4500.0,12.655907
362966384810896384,1.0454751,0,-15.574614,0.9001267,22,1.3631499,0.03339192,13.574669,4750.0,12.457743
367204241927159552,1.0230262,0,-1.2967687,4.378431,17,,,,3900.0,14.808773
59901913173069056,0.866632,0,11.568584,0.44850442,9,0.0131244315,0.51643896,2.827814,6250.0,10.226436
192190410585966592,1.0054203,0,13.320847,0.23170462,17,-0.71992284,0.68738896,2.4684505,6250.0,9.629718
630692793249541504,0.9631524,0,,,,,,,,9.550999
650210052357446784,1.1292404,0,-27.242218,1.6893728,30,,,,3600.0,14.222903
660892426295541632,1.0592304,0,-22.058409,2.6825335,21,,,,3300.0,14.479358
142405279992781696,0.9420794,0,6.5569787,0.30995736,9,-0.20222883,0.56513184,2.2216,5750.0,10.426415
212436852058969472,1.0012169,0,-29.64095,0.9552601,31,,,,4500.0,13.336937
229120016866056064,1.2998543,0,-51.79921,0.39882675,21,0.2478736,0.28514045,5.199253,5000.0,11.573013
238437999956688128,1.0869697,0,-25.00621,2.6373076,11,,,,3800.0,14.115265
274314720771783296,1.1087128,0,,,,,,,,15.080966
333112410735588608,1.1479542,0,-25.725073,0.1212015,4,-1.9710685,0.97462875,0.16036415,5250.0,8.737712
386091996265106944,0.8728509,0,,,,,,,,8.701095
419281996003276032,1.0396506,0,-22.150127,4.4570727,27,,,,3900.0,15.2744
515446897877603968,1.0149173,0,4.9872284,2.7963634,27,,,,4250.0,14.179607
542818999326601984,1.5226632,0,15.4015875,2.0217235,25,,,,3700.0,14.255476
547488689632466816,0.8610727,0,2.5575273,0.5891995,27,-0.43710855,0.5804604,11.998262,5000.0,12.094623
556016299954244352,0.9017958,0,,,,,,,,11.228202
89818147096036608,1.3409654,0,27.501244,0.5242544,10,-0.6366601,0.7699971,4.004553,4000.0,12.279392
128620870218113536,1.10128,0,-20.204826,1.4030396,10,0.34280333,0.9999179,1.0439568,4750.0,12.118671
61557468448003968,1.1336032,0,14.846453,4.0833373,13,,,,3400.0,14.921372
112327142984566272,1.0253338,0,-26.529247,0.17462784,11,1.1296183,0.07758012,1.2073135,6250.0,8.156865
173675768644363520,0.9791346,0,-2.4184978,2.3743916,16,,,,3700.0,14.38216
609255816905687680,1.0392874,0,26.338072,1.0222822,23,2.4103203,0.006962973,15.485857,4500.0,13.039169
609256817634478720,0.8646093,0,25.859833,0.23630448,23,0.7320899,0.062044326,2.839037,7500.0,7.9244385
657690644139606400,0.9896988,0,-22.303564,1.8967791,10,1.2889203,0.13918264,15.423346,4000.0,12.892966
142392876127313280,1.2608677,0,-2.7605877,8.583011,13,,,,3300.0,14.226919
235724881995995904,1.0803721,0,33.312714,0.3246388,7,-0.03841865,0.556685,1.6256752,6750.0,8.848467
282703788331666816,0.9730386,0,15.637825,1.1273822,30,,,,4250.0,13.277903
287980516431427200,1.0370425,0,-77.401855,0.20046552,27,-0.13906501,0.30111346,2.8296814,4750.0,10.593901
389257181004439680,1.0315102,0,-1.6036212,1.4582144,22,5.4225354,5.0085014E-10,22.41182,4750.0,12.271673
401261618893617792,1.431704,0,14.58467,0.5742315,23,1.4049923,0.0756227,8.747474,4750.0,11.884682
405157703989646208,1.45293,0,-13.526529,0.37278932,39,-0.7936788,0.6807018,7.333973,5000.0,12.179873
452483089633044736,1.3140877,0,12.679177,0.38515964,24,-0.82326144,0.6597546,5.891157,3500.0,12.122259
453620637490316800,1.1877613,0,-4.9590893,2.666817,21,,,,5500.0,14.150821
459159697896389504,0.99570096,0,3.2430174,0.16010346,15,-0.77325535,0.5659558,1.1116695,4750.0,9.928811
540540055320100224,1.2713362,0,-0.35603407,1.5304009,30,,,,3600.0,14.281379
546883722014750592,0.9466594,0,-5.590258,1.3833486,25,,,,3900.0,13.791538
560228047964634624,1.1343223,0,-21.272842,1.0508608,25,,,,3600.0,13.690621
20803348408743296,1.0626276,0,12.761273,1.8044127,12,,,,4500.0,13.287762
22502677989165824,1.1606158,0,10.455719,2.3749282,10,1.8008327,0.033975866,22.711027,4500.0,12.721568
314031172413231232,1.0647783,0,-9.249576,1.4084607,15,,,,4500.0,13.265108
372066046121799168,1.0531524,0,8.557783,1.3607855,12,0.3965058,0.40618438,15.2823305,4250.0,13.221119
61557468448004224,1.1507385,0,11.226068,2.0649724,11,,,,3400.0,13.806926
138363715767409792,1.0229326,0,8.825238,2.4402204,10,,,,3900.0,13.724536
640400377115920896,1.4701626,0,-39.535263,0.3195317,36,-0.42332774,0.89668715,6.6355743,4250.0,12.10541
648998734141447296,0.96127,0,20.524042,0.1266339,22,0.13497414,0.17430073,0.9359684,5500.0,7.552212
233369938547945600,1.066692,0,33.277473,5.2837024,24,,,,3400.0,15.7603655
282273226449842048,1.0684447,0,,,,,,,,15.552943
282354418511810816,1.1599365,0,41.617073,0.4199675,28,-0.3253415,0.86906666,5.20253,5750.0,10.72859
282703788331666304,0.9933748,0,16.63525,1.129345,34,,,,4500.0,13.414741
287980512135232512,1.1538376,0,-77.17319,0.39801928,28,-1.2296774,0.9206424,8.735626,4000.0,12.237927
389531685252473216,1.1630583,0,-2.1325157,2.4390094,29,,,,3400.0,13.969172
407807389572138368,0.9238414,0,-9.269591,0.4491068,17,1.4451984,0.07973285,5.7808247,5750.0,10.770191
424727705298716032,1.1081355,0,-27.733887,3.5540438,19,,,,3400.0,14.882161
433710474771804288,1.2337013,0,-10.168838,2.731919,13,,,,3300.0,13.857923
435772952428714368,0.98042494,0,5.045956,0.7743393,11,0.08003414,0.39667803,6.7059264,4750.0,11.855605
477172726309717120,1.0127158,0,,,,,,,,15.762846
484876454530005248,0.96093184,0,45.69315,6.432562,43,44.6727,0.0,145.64215,4500.0,12.515436
499211646614554368,1.3303503,0,-11.506805,0.9319087,26,,,,4000.0,12.839567
572577831287553664,0.9496547,0,-22.03215,0.24102665,19,0.2762381,0.22856265,2.9418526,5500.0,10.609141
89810794112224896,1.0300307,0,27.589884,4.106971,11,,,,5500.0,14.345515
109628219892375680,1.0639169,0,-10.440691,4.3094378,9,,,,3900.0,14.378629
305279850129931520,1.1660264,0,,,,,,,,15.768867
328755007498367232,1.0765865,0,2.961026,0.58230335,14,0.09743833,0.3453609,5.2517414,4750.0,11.802133
368613029854798592,2.8723183,0,0.77640724,5.433599,18,12.199265,0.003015862,23.748405,3500.0,13.44136
385942634482613120,1.0286914,0,-17.91576,9.568093,29,,,,3600.0,14.729831
148064771281926528,1.0258309,0,19.660166,1.1725954,9,0.8861429,0.31929907,9.91392,4500.0,12.337038
193871422128204672,1.2437658,0,0.6261782,2.5794861,8,,,,4500.0,13.388354
634332863932416384,1.3554401,0,15.376272,0.24130449,23,0.45567575,0.18374336,3.1125374,5250.0,10.922952
208739087077678720,1.0026982,0,,,,,,,,9.644428
248810174176448000,0.9442547,0,-17.85159,5.2982874,24,26.187414,0.0,79.94266,4250.0,12.290327
282354418512592384,1.154089,0,40.86773,1.6138917,28,,,,5500.0,13.43851
359860814217600896,1.2046239,0,22.823006,0.3878688,11,-1.5001955,0.9026723,3.1879883,4750.0,11.457157
389257322741446528,1.0764128,0,-2.0179617,1.6787515,21,,,,4250.0,13.509241
416013251008903424,0.9011406,0,-9.470728,10.968484,29,71.148544,0.0,140.90009,5500.0,11.001213
420186687915224704,1.1154928,0,-31.428091,4.190208,19,,,,3100.0,15.622287
490129577491428608,1.1080961,0,13.910311,3.0751176,35,,,,3200.0,15.410609
549583362361436288,0.8545106,0,-2.3191082,0.23079191,21,1.5639633,0.015477855,2.4804955,5500.0,10.071659
565169459376414592,0.85268134,0,-16.942095,3.1319666,9,,,,3300.0,14.406208
18493721155296640,1.2710598,0,-0.8678155,5.405586,8,,,,3500.0,14.626608
87368744426906624,1.0698314,0,7.756263,2.515372,10,,,,3300.0,14.058827
99684168011233664,0.9097479,0,1.6751636,0.41112632,8,-1.1746088,0.8554445,2.8494942,5000.0,11.452179
128468660872094720,1.2360492,0,16.277712,1.0292364,6,-0.25534338,0.6129985,5.53349,4500.0,12.628943
348020242217448576,1.521157,0,-28.317282,0.393816,18,-1.5565333,0.8975818,4.3812656,3400.0,12.497144
385942776219158400,1.0384243,0,-13.302231,2.2148767,37,19.163706,0.0,60.61664,4250.0,12.793016
69116748327393536,1.2591625,0,-22.76465,0.52985865,14,-0.87536657,0.83610755,5.5290794,4000.0,11.944057
159209872113202560,1.468175,0,,,,,,,,13.073949
180431717841878656,1.011474,0,74.71427,0.23491387,19,-0.3019295,0.3479212,3.1868591,4750.0,10.258771
191786202624203776,0.97020465,0,20.744192,0.12957071,26,-0.23615602,0.25168976,0.9026451,5750.0,8.161208
192190479305442944,0.9309637,0,14.272,0.38059545,20,-0.9338676,0.8158183,4.8797674,5250.0,11.715032
591952149584297984,1.3573971,0,-13.163486,0.84644884,18,1.0301188,0.23447022,9.481572,3700.0,13.018805
604054817669168640,1.1132511,0,21.2554,0.7170816,18,2.1252775,0.012510246,9.188183,4500.0,12.175135
607348473471575296,1.041326,0,2.6271415,0.73573154,19,2.0566494,0.03463977,11.382069,4000.0,12.433846
214220500437473152,1.1516911,0,-39.149963,0.44724917,24,-2.3313394,0.986452,7.561611,5250.0,11.940134
233369938547947264,1.1293974,0,33.22835,1.695991,25,,,,3500.0,14.280008
238521867779351296,1.0896538,0,10.409172,0.17697434,12,1.0333775,0.36514673,0.82772064,5500.0,8.450065
354631639997245568,1.2003541,0,-72.72086,0.8324301,13,-0.31910783,0.76335734,8.280388,4250.0,12.565785
418608579491456512,0.94968414,0,-8.549826,0.75469875,25,0.57608783,0.23658423,11.875383,4500.0,13.061538
427410238794326144,1.0021491,0,-7.1952677,1.5974033,23,,,,3700.0,13.864752
452506557335052800,1.0648255,0,10.165302,2.8269591,17,,,,3300.0,14.97713
464090015412555392,1.1594868,0,3.219708,0.20508848,28,-0.16182509,0.3779238,2.9266202,6000.0,9.90384
474383849430446336,1.0176629,0,-6.4147367,0.28450698,23,-0.46577734,0.50831056,3.634716,5500.0,10.813881
481338191754186624,0.9952736,0,28.950306,0.63875216,28,-0.23747262,0.5404854,11.955898,5250.0,12.270722
498103613771414272,1.0338371,0,10.29319,3.5275996,21,,,,4250.0,14.219607
534364785702331776,0.8344343,0,-14.97379,0.5838389,20,1.6344042,0.30030462,3.403102,5250.0,10.80376
540540055321084672,1.186815,0,-0.622422,1.8585315,29,,,,5500.0,14.28532
544437922821310976,1.0922742,2,-18.46112,12.569036,17,85.12626,0.0,113.40019,7000.0,8.619171
79734044921385216,1.1279235,0,-14.862671,1.5811796,12,3.4683192,0.058004737,8.261427,5500.0,12.286897
114610210156605952,2.0797415,0,-6.3086624,1.421797,2,,,,6000.0,11.251113
128620870221374464,1.1796542,0,-19.763977,0.6294245,10,-1.1062065,0.83453983,4.0535736,4750.0,12.300728
322413681559182720,1.3673805,0,-8.050205,0.17283894,11,0.049975805,0.31905833,1.027514,5500.0,8.805257
111033876790996736,0.9897194,0,-2.390097,0.4840022,11,-0.45535153,0.58863014,3.9500134,4750.0,11.642194
119423459747572480,1.1832731,0,21.533571,0.5731091,12,0.5321138,0.2735474,5.2310314,4500.0,11.773962
223983476497066368,0.9780844,0,18.142843,0.15687503,20,0.9747306,0.02328843,1.629858,4750.0,9.135876
577269894078176384,0.94488645,0,83.636024,0.1893455,14,-0.4647634,0.53192437,1.3495941,6250.0,9.61145
641109325892710400,0.9837696,0,32.55913,0.17749381,31,1.6729832,0.005471165,2.2442589,6000.0,9.326014
142405997252358528,1.1572762,0,5.525538,1.7931792,11,2.3208418,0.007643648,15.089212,4500.0,12.9128065
212436852058968960,1.0220696,0,-31.73415,0.93528163,33,,,,4500.0,13.307036
391250977841681280,1.0950449,0,-18.681704,0.3279303,28,1.5653547,0.020184604,4.5324917,5500.0,11.029718
405143341618608128,1.0733337,0,-21.075727,1.1059823,18,0.49412307,0.3551396,15.89848,4250.0,13.094057
424727705298716288,1.0414441,0,-30.539722,2.0957322,21,,,,3600.0,13.95064
431215167500140800,0.9701014,0,-23.472424,3.2496748,15,,,,3100.0,14.624151
435772952425833984,1.2349654,0,3.3182375,1.5580587,10,-0.3391719,0.6926939,13.339758,3800.0,13.340856
440261605572076288,1.1289638,0,-20.410484,0.47990605,12,-0.57743436,0.6650966,3.828453,4750.0,12.025806
440261777370775808,1.0108756,0,-19.087341,0.20605412,8,-2.0887764,0.97137374,1.1665783,6250.0,9.1184845
544470946827357440,0.983066,0,-19.00993,1.3861006,25,,,,4500.0,13.660998
547476908538458496,0.9770802,0,3.4895422,2.3470583,20,,,,3800.0,13.680502
568302105444218368,5.5777755,0,-4.194089,1.2415378,20,0.15898564,0.49396577,17.322824,3500.0,13.531312
575368391797878912,1.2116821,0,-26.04213,5.679748,19,,,,3600.0,15.413491
294765362166691968,1.2575126,0,8.34787,1.1279229,14,1.1643286,0.1811064,9.809954,4500.0,12.825826
367837015163654272,1.0542022,0,-4.4908485,1.6215532,28,,,,4250.0,14.115561
370238447342099968,0.86154413,0,3.767075,0.4481554,15,2.7929664,5.2294607E-4,5.581578,6250.0,9.620477
30923115991811200,1.1806601,0,68.805664,0.9173778,15,1.029322,0.1278514,9.687286,4500.0,12.756451
37991601370442752,1.095724,0,31.856272,1.2060354,12,1.0245374,0.23841313,10.39053,3800.0,13.415518
54348417380161792,1.3330992,0,63.52195,0.6012996,12,2.472716,0.0049048164,5.2897377,5250.0,11.03225
153741691551129216,0.9440737,0,60.588394,0.23853643,27,0.019802617,0.30431014,3.5891151,5250.0,10.691618
191786305703417344,1.0041913,0,21.61271,0.2076602,13,0.5415895,0.15906984,1.595995,5250.0,9.814988
193871426426337408,1.0424519,0,-0.8803587,2.4234004,12,,,,3800.0,13.36701
579529081235551360,1.0288881,0,-5.1977544,0.15498188,13,0.21830055,0.1562357,1.015944,5000.0,8.969806
599799952483478528,0.9711935,0,34.602455,0.14945254,13,0.56715506,0.21733063,1.0542259,5750.0,8.525257
627699888238838272,0.9787585,0,30.58979,0.1760964,14,-1.1366702,0.7239634,1.3782845,6000.0,7.457997
209441129550252160,1.0858616,0,16.997805,0.70827895,25,3.1144454,0.0011310657,11.727169,4500.0,12.353682
248810242895926784,0.9708748,0,-22.777033,0.52548605,25,-0.047804013,0.50512666,10.031832,4500.0,12.320274
281230923786814976,1.041184,0,16.128,4.8302116,28,,,,3700.0,15.408926
285954077845322368,1.0081409,0,14.3643055,0.5281219,29,-1.3083978,0.9429897,8.925933,4500.0,12.517458
415194595883202304,1.0155195,0,,,,,,,,10.416849
465819989577003904,1.071912,0,-23.00095,1.0064194,25,,,,4500.0,13.272022
484876729407910784,0.9907838,0,36.60495,3.7250898,39,,,,3700.0,15.202207
491391095281199360,1.1899766,0,-58.559784,0.9943969,11,0.7453934,0.27487025,9.156658,4000.0,12.453561
503640960487800832,1.0244069,0,-39.903816,4.0928216,22,,,,3800.0,15.124228
503640960487804288,1.0199146,0,-50.36595,0.5417112,26,-2.4534423,0.99250865,11.086994,4500.0,12.845213
515519740524517120,1.0725312,0,14.6777,1.5691797,27,,,,4250.0,13.690169
541208695829591040,1.2413346,0,-10.282163,0.31417075,35,2.3398564,6.5370614E-4,6.1560864,5500.0,10.384849
558098087782303104,1.1067761,0,-49.369286,1.4011524,21,,,,4500.0,13.469823
22490853943543936,1.1444383,0,12.061616,1.5100262,9,3.1977005,7.1859756E-4,10.829834,5750.0,10.743056
130938267066740864,2.00938,0,-1.0733598,1.3806306,8,0.28412855,0.49974492,9.749278,3400.0,13.27735
304636915000059520,1.1316657,0,3.6610165,1.1545295,12,0.43185982,0.6773157,9.771975,3800.0,13.320822
314031206772969472,1.1227024,0,-6.988138,0.5364889,19,2.0092146,0.01447062,7.1981654,5250.0,11.675261
372255707582908032,1.110907,0,-5.52691,4.26906,12,,,,3600.0,15.281327
379806333104005760,1.1507691,0,-5.451227,0.8726735,44,2.897978,0.57144016,15.729298,3700.0,13.415619
64319196846180608,1.0592878,0,-13.221751,1.1470014,7,1.1474282,0.08678976,7.9804974,5000.0,11.519369
590936273855212416,0.94142,0,3.2426057,0.2927746,19,-0.509713,0.5506299,4.0601406,5000.0,11.110361
622576576370678528,1.0836309,0,10.771283,4.0218425,13,,,,3600.0,14.364985
626941427079604480,0.92117345,0,8.478381,0.72324055,10,-0.54545265,0.695063,5.132762,4750.0,12.082772
626941431374359168,1.0197396,0,9.194023,1.4905701,9,2.2257879,0.01772307,9.182241,4500.0,12.353112
208739469333705984,1.0676247,0,,,,,,,,15.951826
210974806536375424,1.036787,0,2.7521858,0.5611873,26,1.8939832,0.02775486,8.995009,4500.0,12.179093
254642533606567168,1.0004206,0,-18.38654,1.3389034,13,2.3531659,0.024009448,15.397914,4250.0,12.479766
281230923786814464,1.1285706,0,18.902002,0.3841996,37,-0.14099641,0.890085,6.310666,4250.0,11.9471
415194660304697088,1.2652235,0,-2.769836,0.50500935,28,0.39822274,0.25369778,8.600931,5250.0,11.685484
425753618364996608,1.046251,0,-26.851559,5.1746025,29,,,,3600.0,13.820914
429505152045646208,1.040399,0,-5.0411386,3.1338942,18,,,,3900.0,14.412191
433710474771804800,1.3683484,0,-8.871786,0.27524072,17,-1.0693095,0.83686006,3.3376741,4000.0,11.24742
458265386927749632,0.95452434,0,-15.437736,0.25116003,19,-0.6688352,0.669843,2.8338823,6000.0,10.392392
465303219119652864,1.3065727,0,-51.142647,0.55520415,19,-0.37262073,0.58907104,8.104626,5000.0,11.72704
466294295706341760,0.99605733,0,-2.4418578,0.11854931,39,-0.058350537,0.14959423,0.6891775,5750.0,6.483679
481338432272355840,1.111244,0,30.211987,1.2152383,32,,,,4500.0,13.320056
525177330960908672,0.8426302,0,-46.00418,0.76877695,20,0.40755805,0.26120368,11.0925255,4750.0,12.113998
544438236356823680,1.1244425,0,3.8520622,0.36054114,25,-0.46034437,0.51154345,6.0335193,4750.0,11.478545
561794096120038784,1.0141624,0,,,,,,,,15.910133
83757054888158720,1.190236,0,23.963867,5.0222616,13,,,,3800.0,14.678279
87111458705996800,0.96395767,0,-9.080272,0.6407356,9,0.19944122,0.41776487,5.4547415,5000.0,10.923105
134853250020189440,1.167573,0,2.1511908,0.16122179,14,-0.13220108,0.2722771,1.0657146,6250.0,8.365929
308936280342441728,1.0609547,0,-51.76758,1.4863738,17,1.4160004,0.12992848,22.399979,4000.0,13.096244
328755527190287616,0.8811087,0,2.7612493,0.2935,11,0.58715034,0.15175833,2.6441689,5750.0,9.793943
368613231718631296,4.094425,0,5.375952,2.3761039,15,,,,3400.0,14.308069
379806333104005376,1.07967,0,,,,,,,,16.545006
158106714058192256,0.9074707,0,44.053856,0.88408655,17,0.06510609,0.52279997,10.032505,4250.0,12.934907
620743656127286528,1.054992,0,29.291037,2.7015781,28,,,,3900.0,14.271352
630692788954450688,0.8637291,0,11.08443,0.2621307,9,1.0244195,0.07374013,1.6205225,5750.0,9.628762
652239441584849280,1.0011172,0,96.93948,0.4529994,21,-1.4991567,0.9653345,6.683708,4000.0,12.448022
210975940407741312,1.253731,0,2.862997,0.28708574,24,-0.114877686,0.4122932,4.242098,5250.0,11.061008
235724886291425280,0.9079559,0,32.5966,0.1591554,3,-1.4330161,0.92275476,0.30952454,6750.0,8.654913
245017374457491584,0.9492754,0,25.503578,0.601327,23,0.8934439,0.11656301,10.271276,4750.0,11.796
262168896854271872,1.0649974,0,-16.44656,5.30104,7,,,,3400.0,14.798462
405143341614128384,1.0949937,0,,,,,,,,15.82346
418608575189156224,1.00487,0,-8.765111,1.2283585,24,2.9400997,9.5932715E-4,24.317545,4500.0,13.063809
422990648724458112,0.9298943,0,-8.8772135,1.3035706,26,,,,4500.0,13.179094
425753584005267712,1.0851182,0,-15.502343,3.2421358,30,,,,3800.0,14.592018
426746305567596544,1.0122263,0,-6.8988104,1.2922328,20,,,,4500.0,13.134263
465303223412228608,0.82037824,0,-51.1513,1.0230029,19,3.4204912,0.0028631336,13.769535,5000.0,12.294224
491391095286240768,0.9353156,0,-58.01967,0.19288073,12,0.046719246,0.23922321,1.3848381,5500.0,9.293292
492444152546801024,1.0722206,0,-0.4658969,0.38662374,38,-0.042917587,0.33138877,7.705711,4750.0,12.031105
496355252845354880,0.9973125,0,15.097609,2.0123966,34,,,,4000.0,14.482937
519447092977136896,1.0347253,0,-61.2849,2.0623882,23,,,,3900.0,14.255451
556015990716600576,0.95217806,0,-10.286565,2.4875774,16,,,,4000.0,13.892062
560137716212911104,1.0271684,0,15.0719595,0.26431647,22,0.4909576,0.14941287,3.932207,4500.0,10.9172325
565169459378433152,1.1433004,0,-15.911839,0.15838924,18,-2.5329607,0.87136394,1.2996721,3800.0,10.218442
76797696040078848,1.219278,0,-0.9997243,4.9053397,16,,,,3500.0,13.990765
299039056489259520,1.5351741,0,14.650255,0.83406043,8,0.54771954,0.2949029,5.2777214,4750.0,12.348042
59901977596795392,1.030551,0,11.960478,4.1009436,13,10.98235,0.0,40.631126,4750.0,11.829451
69116748327393664,1.2211262,0,-25.24386,2.3607862,14,,,,3500.0,14.012529
164545351071767168,1.2428851,0,5.838389,0.8584462,34,2.9252095,8.5584255E-4,18.14487,6000.0,12.260599
225858487420752000,0.9888516,0,43.62013,0.59015805,14,1.0922027,0.114263244,6.11174,4500.0,11.900824
590936029042084736,1.0364226,0,-0.47286183,8.322118,12,,,,3800.0,15.186689
599799952483478144,0.9866633,0,35.56299,0.22356506,10,0.7075402,0.108952835,1.6933556,5250.0,9.592321
620743651832022656,1.0424684,0,,,,,,,,10.433021
648998699781710976,0.9601736,0,21.22939,0.14672495,16,0.4648878,0.14875807,0.98223686,4750.0,9.315979
250806200097954688,0.92680514,0,-61.338833,0.22043659,12,-0.9745735,0.78096634,1.8510399,5750.0,10.044447
354631639997248512,1.678114,3,-71.9969,1.4393219,13,14.839516,0.0,12.213898,4500.0,11.178518
422673886296537600,1.0397663,0,-39.16051,1.5744218,26,,,,5500.0,13.898069
422900965508429952,1.1170036,0,-21.557844,0.8034561,10,-0.72261333,0.7934282,5.980343,4000.0,12.352082
423496424074014080,1.0634886,0,15.229991,1.5103623,37,5.424261,8.754731E-8,38.124275,4250.0,13.297561
430459184539975680,1.0888336,0,5.09411,3.885366,16,,,,3500.0,14.784093
448706610786714112,1.068957,0,-61.10115,3.0618894,28,,,,5500.0,14.483606
465820371840581632,1.1160285,0,,,,,,,,14.815555
477171523718873472,0.9459554,0,-22.147137,0.9375366,38,-0.11053369,0.67894757,18.445051,4000.0,13.313639
505620699899223680,1.4164083,0,-20.74658,0.45170394,20,-0.04295878,0.38527378,5.1674633,4750.0,11.801955
552882897974140544,0.9914254,0,-7.9845734,0.41775006,17,2.8148737,4.5705913E-4,5.1656866,6250.0,9.743017
560137510054479360,1.3064668,0,16.173197,0.20623139,22,0.5632481,0.07290187,2.5446978,5250.0,9.727352
572577831286933888,1.0828881,0,,,,,,,,16.17793
1611029348657664,1.1673424,0,,,,,,,,13.534256
19291416841363072,1.1004331,0,-41.248123,0.24890368,8,-0.5583119,0.5797592,1.4827805,6250.0,8.878724
76733752567219200,1.1110668,0,-33.130684,1.5386478,15,,,,5500.0,13.1654005
99684580328093184,0.8972847,0,,,,,,,,9.5893135
114785234368723456,1.0935655,0,1.5025737,0.3310916,13,0.051267963,0.35653606,2.5842404,4000.0,10.945886
331862369093689728,1.304295,0,51.81208,0.5210388,7,1.8074943,0.019497005,2.73032,5500.0,10.61785
362926355715515392,1.1900632,0,-7.743098,3.874884,24,,,,3600.0,15.172231
365106240596798848,0.9855593,0,,,,,,,,8.731249
367839587848377344,0.9966879,0,-5.041909,0.5036397,25,0.83643,0.09847296,8.766032,4750.0,12.271687
372145451477254784,1.0330049,0,-20.607662,4.290471,13,,,,4000.0,14.403108
54348520459376512,1.0924228,0,64.99544,1.3801417,10,1.9084527,0.029518075,12.08931,5000.0,11.742868
111035526058434176,1.3405182,0,-7.5770564,7.1300397,11,20.626055,0.0,62.314125,3800.0,12.581834
112326868106660224,1.2203025,0,-6.800736,4.3183784,7,,,,3400.0,14.135624
225858487420751872,1.0039057,0,40.88362,5.2485905,16,,,,3700.0,14.68556
208795888023931904,1.1781775,0,,,,,,,,13.591336
209488305471029888,1.0149659,0,13.978569,8.023153,22,,,,3400.0,15.1431875
214220672236164480,0.94147587,0,-38.785713,0.70708257,24,0.15626606,0.94326365,6.207649,5000.0,12.284672
245004111598494464,0.8732391,0,25.465223,0.24237421,16,0.4917462,0.3022305,2.410057,6500.0,9.4215
250642544663256704,1.1915035,0,-101.19842,0.28909615,22,-2.2029684,0.97561866,3.89711,5000.0,11.910318
250806200097954304,1.103443,0,-60.949993,0.46804363,15,0.3147881,0.4067255,4.992756,5000.0,11.6396885
254633600074619904,0.9466042,0,-19.206964,0.21044007,6,-0.017903121,0.3355847,1.0753784,6250.0,8.515779
274994940516356864,0.98604524,0,-20.294058,0.25189707,18,0.3873994,0.10136629,3.6310349,4000.0,10.533416
397867014182276096,0.98875016,0,2.7475295,0.34602946,15,-1.1442308,0.84441835,3.55054,5250.0,11.628779
405157222953327872,0.9640975,0,-13.98509,0.20213152,33,-0.776231,0.6609286,3.5609722,6000.0,10.416616
422900969808335744,0.9828883,0,-22.55572,0.14473975,25,-3.4216824,0.990654,1.5436993,7000.0,7.6570063
439320629777281152,1.2493951,0,-0.013712435,2.2772279,17,10.157356,0.0,33.17114,3500.0,13.584553
492443980748106752,1.0771418,0,8.283823,4.62483,26,,,,3300.0,15.247022
496090511060609152,1.0133862,0,,,,,,,,16.079174
544494070931363456,1.2111042,0,-1.6487411,12.045035,23,36.676407,6.3869166E-10,21.818712,3500.0,12.923282
544494070931364096,0.9678416,0,0.49073154,0.17504351,23,0.36405167,0.12996309,2.1879854,4500.0,9.867176
1611029348487680,1.1936022,0,-9.581694,3.5917819,8,,,,3500.0,14.417983
18493721155296768,0.99149853,0,,,,,,,,15.540302
130241795171784960,1.2870468,0,-15.388521,0.33572018,12,1.5594519,0.022756247,2.8678236,5250.0,10.612463
323534942901420544,0.98571855,0,8.007297,0.23243831,17,0.7359,0.1221936,2.4087987,5000.0,10.106999
323535007325034112,1.0907351,0,,,,,,,,15.983433
37990776736722304,1.2170604,0,30.61827,0.4736635,12,-0.9308531,0.866796,4.5863094,4000.0,12.27583
148064741217507456,0.93457735,0,20.697636,0.35627553,10,0.4294046,0.21011698,3.0155106,5750.0,9.814013
158106752713803904,1.002902,0,43.79782,0.33074433,8,0.866527,0.120664075,2.1708107,6000.0,9.592658
159209837754730496,0.9605458,0,-8.421535,0.13874118,16,-0.29412398,0.35694033,0.69667244,6500.0,7.655416
173675699924827008,0.8787981,0,-3.6597517,0.21509005,14,-1.9970512,0.9740587,1.4757409,5250.0,11.040427
579529081235551488,0.9136816,0,-6.038968,0.1722689,12,0.7859438,0.05948966,1.1340065,5000.0,9.170425
590582368550236544,1.0498449,0,22.795275,2.8610559,16,,,,3700.0,14.736105
591952153879833344,1.0052588,0,,,,,,,,16.552135
626701566040442240,0.9303145,0,20.00117,0.71353775,21,1.0369804,0.1026048,9.341798,5000.0,12.369771
626701634759919104,0.88976485,0,19.90584,0.2382357,17,0.94153655,0.07520677,2.5613575,6000.0,9.650856
634333070090825728,1.1082872,0,14.626896,1.9913068,24,,,,3800.0,14.162683
640401201749641344,0.9072485,0,-39.495808,0.14468677,26,-0.5169802,0.4308046,1.322052,6000.0,9.036631
650210224156139264,1.0143814,0,-30.761324,0.55262,27,0.6567756,0.38862067,8.390198,4000.0,12.581827
652232737138721280,0.9822891,0,95.66636,0.61605173,24,0.9473652,0.24707721,11.23703,3900.0,12.40715
238437999956687104,1.0605015,0,-25.541594,4.862168,16,,,,3600.0,15.0226965
257725632931406208,1.3883411,0,25.531372,0.38284168,29,1.1194577,0.073324956,6.463253,4500.0,11.5057955
260227090603341312,1.1422424,0,,,,,,,,14.913764
271780724429515008,1.0365251,0,-3.400172,2.9323175,18,,,,3900.0,14.38479
274314720771783808,0.9931005,0,,,,,,,,16.21443
282273226449841920,1.1267673,0,,,,,,,,15.602538
388274629925415808,0.78255326,0,-41.62534,0.32304913,12,-0.5448547,0.61618835,3.1547012,5750.0,10.269306
416013251008902912,1.1065869,0,-2.1698055,1.6249946,30,,,,4500.0,13.8314495
422673886296535552,1.0007688,0,,,,,,,,16.125786
443881438367484288,0.94063455,0,-17.430973,0.16274905,23,0.5651065,0.09974051,1.6206913,6000.0,9.246518
448682730768569856,0.9244211,0,-65.16994,0.17368303,19,-1.6954771,0.91776514,1.9936981,6000.0,9.983118
479233967015156224,1.1492689,0,-79.946556,1.5219363,28,,,,3600.0,14.168417
491129102280823040,2.1883461,0,-8.6195755,3.9551263,42,,,,3200.0,14.76083
537369029427451264,1.0488231,0,-30.278654,0.31308848,7,0.5824965,0.2727664,1.4546432,5500.0,9.702501
537369609245172992,1.0354514,0,-29.533028,2.5402865,20,,,,3700.0,14.329358
541208627109074688,0.9744099,0,-10.01752,0.40579385,35,0.034093063,0.34460422,9.503538,5000.0,11.934445
558096610313557376,1.027557,0,-49.663998,1.5309739,18,,,,4000.0,13.585249
560049480405555328,1.0948983,0,-19.54111,5.4069295,14,,,,3900.0,14.633591
575368391797880064,1.1436462,0,-30.087275,5.003427,15,,,,3400.0,15.160456
79734079280918784,1.0420454,0,-14.790578,0.8144044,12,-0.5215715,0.6849259,7.790431,4500.0,12.438617
109628219892375936,1.1912123,0,-11.380171,5.2180576,9,,,,4250.0,13.8361025
294053600186513920,1.0389386,0,-36.029343,5.2460794,11,,,,3400.0,15.048864
362845094934326400,1.0763947,0,-8.725031,0.92537427,36,,,,4250.0,13.237694
370243090202595712,0.9713593,0,2.7713683,1.3465631,19,3.4076548,5.1602132E-5,19.959806,4750.0,11.644984
30923111699089536,1.2241373,0,69.37631,0.9716383,14,-0.27703464,0.59503424,11.095497,4500.0,12.516282
47583912609312640,0.95062107,0,-25.448587,0.50908375,16,0.03466814,0.3922255,5.6283436,4750.0,11.62079
64962892180951936,1.2192278,0,13.749541,1.9909304,12,2.2223067,0.0204011,18.889593,3600.0,13.486581
180431717839741696,1.0094786,0,,,,,,,,16.588
142392498170195584,0.8868486,0,,,,,,,,10.5532675
208795888023928448,1.1405902,0,86.62416,1.227095,12,-0.49317586,0.7396352,11.874664,3500.0,13.367318
238521872077340416,1.270948,0,11.226079,0.38227484,13,0.7217022,0.2756731,3.513979,4250.0,11.1867
398670963340154112,1.004493,0,26.198109,0.24213682,15,0.3220612,0.2215435,2.3323174,5250.0,10.377405
423495908677965056,1.0709378,0,17.075645,1.2652667,30,,,,4000.0,13.651063
440947391590004096,1.0608932,0,-39.929585,0.22658296,11,0.05264198,0.332394,1.5753975,6000.0,9.507917
458265283848540160,0.9895744,0,-15.074561,2.5678222,16,,,,4500.0,13.941262
459840540408950784,1.7597514,0,-18.336048,0.75703675,13,-0.7202589,0.80250925,7.77588,4250.0,12.7907915
466291787445425408,1.6152977,0,-1.4149177,0.22012149,38,-0.8475887,0.23680936,4.259473,3600.0,11.493313
473604055166748672,1.0851536,0,-16.150267,0.47293025,20,-1.0635086,0.7855694,6.673561,5500.0,11.720967
536732996309660416,0.88360053,0,15.600418,0.2767075,15,-1.4129632,0.8780137,2.8951244,5000.0,11.114463
542818995028451968,1.2365792,0,16.005787,0.4136386,24,2.1889098,0.017818836,6.7738132,4250.0,11.628444
543701666645486592,1.0542809,0,36.995365,0.18860877,20,-1.9298122,0.74309987,2.123169,3800.0,10.64924
551777476472454656,1.0615569,0,-55.831238,1.285987,29,,,,5500.0,13.468294
556414494962726400,1.0170728,0,4.4126387,4.842786,11,,,,3400.0,15.446664
19291412546583552,1.4752113,0,-42.23466,2.3889232,7,2.415532,0.04225956,14.812035,4250.0,12.494367
104998928046427264,0.88307244,0,28.942314,0.3556827,16,0.07078317,0.48038155,3.3089561,4250.0,11.24686
127238754037267456,1.1579283,0,-35.49346,2.8096302,13,,,,3900.0,14.153747
292687456988812544,0.93599665,0,34.68956,0.27925617,9,0.7704929,0.12498458,1.7773285,6250.0,9.169709
294053600186513664,1.0062809,0,-34.34107,0.20324333,15,1.8981693,0.0057341554,1.9216766,5000.0,9.707777
305279854424566656,1.0183283,0,4.9437113,0.17510428,13,-0.76629305,0.57835,1.0900068,5750.0,8.75024
322414398818886656,1.0341315,0,-8.3902025,0.13038109,13,-0.6260231,0.54264736,0.7178831,6250.0,7.409462
365227770991323776,1.0242834,0,-18.141335,2.8195717,30,,,,3600.0,14.66271
372066076185339648,1.047888,0,8.836702,0.25566724,9,-0.46264386,0.602583,1.7141104,5750.0,10.224758
385355362131635200,1.0516889,0,4.912196,1.9105862,32,,,,4000.0,14.165729
138273074778091264,0.9136928,0,,,,,,,,10.756972
155550766136695680,1.0324136,0,-34.37225,0.16636744,16,-1.2540855,0.8208927,1.3581161,7000.0,8.699743
184424559959402752,0.9942366,0,25.841015,0.5079698,16,0.66229004,0.17731908,6.061487,5000.0,11.347968
190070517809847168,0.8692447,0,-45.94679,0.31326488,12,3.6932607,3.818562E-6,2.8239136,5000.0,10.258233
590581578276253952,1.1540833,0,23.509783,1.9875704,14,,,,4500.0,13.30789
622575614297953024,1.0830839,0,9.695065,1.1218492,14,0.9146921,0.4004022,12.731996,4000.0,12.869421
641109321599927808,1.0936644,0,35.432312,3.8287299,35,,,,3400.0,15.046764
669979099625517440,1.0226634,0,14.736184,1.6476061,20,,,,4250.0,13.383883
257725632931406080,1.0977283,0,26.36299,0.40814534,25,0.123261675,0.5045657,7.840624,4250.0,11.712382
262172229748897664,1.1354891,0,-9.239651,2.0116682,15,1.6865108,0.06313881,23.811172,3400.0,13.493715
333112410735211904,1.4307723,0,-26.161362,2.4163492,2,0.123874396,,,3500.0,12.914595
377340609559431040,0.8972979,0,-11.916845,0.3486235,14,1.8191178,0.07965837,2.7583418,6000.0,9.89911
395908131142473600,0.95481294,0,-23.314312,1.1556165,17,1.6467284,0.092791796,9.219053,4500.0,12.434062
398670619743480192,1.7066294,0,,,,,,,,10.078877
440959142620525568,1.0982989,0,-40.7304,0.27510437,10,0.07765727,0.26982713,2.2575989,5250.0,9.737139
490129577491428992,1.086186,0,13.449068,2.2913415,42,,,,3400.0,15.007263
499211745396693248,1.1539551,0,-11.59068,0.37366638,28,1.9880754,0.009928613,6.532155,5500.0,10.992273
519447092977136000,1.0276194,0,-62.08507,1.8258699,19,,,,3800.0,13.936098
525174414686285824,0.9682717,0,-46.687763,1.592197,22,,,,4500.0,13.471351
534364751342593536,0.9832949,0,-12.842956,0.7307135,18,0.55659044,0.21618862,10.159414,4750.0,12.513236
543741661380991872,1.1515291,0,37.224487,1.5249062,24,0.4787294,0.04499422,22.034767,3300.0,13.558603
551774281015922304,0.989212,0,-56.033363,0.98730665,32,1.7787727,0.08584426,20.83813,4250.0,13.202846
557754593478199296,1.0862845,0,-39.358524,5.7742257,17,,,,3900.0,14.858108
558404709791514624,0.93592393,0,-23.211105,0.4086327,25,-0.7273257,0.83178097,6.364702,4500.0,12.171991
569809948203169792,1.0220371,0,5.5860124,1.3031244,21,,,,4500.0,13.551235
292267477906740608,1.0907853,0,-6.9989157,3.1436713,12,,,,3600.0,14.2611
292273319062262912,1.1186075,0,-3.0057693,4.5084157,9,,,,3900.0,14.137839
312850919694459136,1.2267604,0,14.626294,1.7584116,17,,,,3200.0,13.919001
347315730143997696,1.140971,0,-51.68654,0.18460965,15,-1.2253739,0.87798995,1.2932472,6000.0,10.097463
364505357492670720,1.1228868,0,-16.78905,0.16872016,14,-0.74206907,0.58395094,1.2686043,6250.0,8.998852
372252787005039104,0.9711237,0,-0.8231146,0.17105669,9,0.27673006,0.21221374,1.0562966,5750.0,8.599096
15897117071508096,1.3153164,0,-2.7272606,10.551171,9,19.163465,0.0,76.76924,3300.0,13.229266
15898083439754496,1.1496676,0,0.03826499,3.5878928,10,,,,3500.0,14.292163
120877353420915712,1.2462393,0,27.309397,0.76281095,6,2.9319153,5.8342854E-4,3.3734932,5750.0,10.394404
164545424087902976,1.033239,0,4.4399114,2.616606,17,4.4379187,7.7199185E-4,18.232786,5750.0,12.735436
190070723967291904,1.2850981,0,-49.00988,1.2374883,11,-0.5252089,0.7383201,11.2248,3600.0,13.626809
627699888238838528,0.9673829,0,30.80722,0.15771294,13,-0.7686562,0.6564415,1.1916428,6000.0,8.216481
660892426295541504,0.98210955,0,-29.226517,5.3139153,20,,,,3500.0,15.175706
244819840320944128,1.0598344,0,-19.972752,0.8192813,18,0.7725925,0.28274986,11.145373,4500.0,12.806783
359021160998756352,1.2268432,0,-29.153524,0.28106102,16,0.9456518,0.101804286,3.028885,5750.0,10.251911
386088942546347264,0.9450907,0,-13.197188,0.80890083,31,1.6604369,0.071994886,18.779629,4250.0,13.094933
395908131142473984,1.1587216,0,-21.93304,6.589779,15,,,,5500.0,14.476536
397866773664108800,1.1338773,0,4.381175,2.4752617,11,,,,4250.0,13.808231
419281789844845312,1.1527165,0,-25.133993,1.7095597,30,5.648233,4.523451E-9,37.874275,4500.0,13.0271
430853359448212992,0.97378564,0,-50.969868,0.24169345,19,-0.5273303,0.54610586,2.589592,5000.0,10.958358
431215133140408832,1.0381008,0,-26.77569,2.6975853,20,,,,5500.0,14.278346
453620637489337216,1.2188785,0,-5.3515997,0.26138204,20,-0.69646776,0.611137,3.3990571,4500.0,11.073177
488529478835185024,1.0362206,0,,,,,,,,15.854466
488529478835185408,2.1198268,0,-5.7357907,3.1814601,41,,,,3400.0,14.804596
496355836960930816,1.0288646,0,18.462296,0.28543207,35,0.56382084,0.17094359,5.3882904,5500.0,10.928997
515446897877601792,1.1892085,0,5.785249,2.4251845,30,9.924765,0.004736158,13.824825,4250.0,12.977814
515519740524516992,1.1140888,0,13.128705,0.28578797,21,-0.9753992,0.8131287,4.2551107,4750.0,11.18996
546883687655013632,1.0081288,0,-5.3236384,3.8516567,23,,,,3700.0,15.474069
552882829254666112,1.048158,0,-2.2846878,3.634121,23,,,,3800.0,14.727665
558404714087311616,0.9121484,0,-23.512314,1.7325544,23,,,,3900.0,14.098232
114785101225623808,1.0773408,0,-2.4052029,3.5316691,9,,,,3400.0,15.166007
127238646662302208,0.96660966,0,-37.08306,0.24520564,4,0.271883,0.27439144,0.8232193,5500.0,8.943064
130241795171784832,1.2078803,0,-19.465073,4.982381,6,,,,3500.0,14.894445
299039193928212864,1.3438798,0,13.091402,1.0438555,13,1.3430514,0.08447916,9.114896,4500.0,12.62301
347091940871800832,1.4550177,0,8.853497,0.47348225,12,0.5382997,0.22367889,4.5399203,4500.0,11.443768
362845198012788864,1.023786,0,-9.168123,0.5122456,5,0.61677265,0.2583165,2.4346151,6250.0,10.32614
365106240596798976,0.9966925,0,,,,,,,,8.72235
365224575535659264,1.0527381,0,-16.31437,4.017183,27,,,,3700.0,15.44486
367204246221751424,1.0431697,0,7.9670215,0.2982509,21,-1.2131255,0.81739336,4.591337,5000.0,11.2151985
372121880696734848,1.0663037,0,-15.050153,1.942969,17,,,,4500.0,13.601286
47577762216145920,0.9738569,0,-25.56936,3.1371036,14,,,,3800.0,14.453668
120877357716054528,0.8166561,0,27.316244,0.33351165,6,0.00861802,0.50774854,1.6217365,6000.0,9.904005
174200231393648000,1.1223999,0,-24.509789,1.872354,16,,,,3700.0,13.727894
179244760679229184,1.1846755,0,11.258581,3.347717,13,,,,3900.0,13.483546
577269894078176512,1.1952218,0,85.19047,37.21394,21,47.143803,0.081178635,15.533241,5750.0,13.357499
604054821964450944,1.0795842,0,18.278814,2.007882,18,,,,3700.0,14.17817
661128752575993600,1.1966547,0,51.53522,0.17741998,19,-2.270666,0.9774108,1.8287506,4750.0,10.811936
663843343706623232,1.2079023,0,-15.132265,0.47580627,18,-0.55375063,0.80917585,7.9725056,4000.0,12.35919
244820596235188480,1.0103946,0,-20.107187,0.28222796,22,-0.041583925,0.4146387,3.9202366,5000.0,11.396324
260227090603335168,1.0493606,0,16.797983,2.407335,27,,,,3700.0,14.353842
271780724429515520,1.1413033,4,,,,,,,,14.129217
388274629927317120,0.9951629,0,-42.112038,0.63105863,10,-0.3534662,0.56260306,4.2450104,5000.0,11.647945
389531685252473856,1.1211056,0,-7.3410697,1.7835976,31,,,,3500.0,14.095252
391250909122205952,1.9460704,0,-17.845575,0.43700323,27,1.248429,0.07657479,6.719578,5250.0,11.906955
426746305567596672,1.1215341,0,-3.032871,1.9715235,19,10.271937,0.098820046,19.581806,4500.0,12.9985895
427571660842129792,1.0013207,0,,,,,,,,9.132743
443881404008207616,1.0381142,0,-18.799002,3.1233156,28,,,,3700.0,14.948664
459159805276412032,1.1092865,0,2.0796971,0.78591555,20,0.5124468,0.38702866,9.990478,3600.0,13.202709
473604055166742528,0.94085026,0,-16.450516,0.40218386,18,0.03891418,0.40515634,5.864361,5750.0,10.54889
474383849428742144,0.9205312,0,-7.0639753,0.35461298,21,0.74487513,0.122457854,4.742583,5250.0,10.88033
479233898293201664,1.2911475,0,-78.2503,1.5092231,23,,,,5500.0,13.523319
496096352216124672,1.0077477,0,-39.48512,3.2488215,28,,,,3400.0,15.107408
544470981187095296,1.0456227,0,-20.547215,3.6390202,21,,,,3800.0,15.010771
554378199428559744,0.98144996,0,2.4197438,0.1693748,18,-1.3421955,0.8625487,1.6155075,4500.0,10.573554
556367559558588544,1.0210172,0,,,,,,,,10.716634
128468660872094848,0.9152055,0,17.219934,0.7343411,8,0.25894052,0.3468447,5.2904205,5250.0,11.614259
130938267067432704,4.5188212,0,10.380543,9.558943,8,93.9193,0.0,57.100166,4750.0,8.760493
134854315172071424,1.0784862,0,3.052163,0.5990549,9,0.36899287,0.3079045,3.7595057,4500.0,11.732441
294764739395997440,1.0694834,0,7.5434337,0.20717435,13,0.6989177,0.13859226,1.6113515,5750.0,9.371304
304636154790517760,1.0555538,0,1.0075341,0.19627376,8,0.5566569,0.17721486,1.0014907,6000.0,8.810084
347315764503733760,1.0638363,0,-50.92336,0.72934365,20,-1.1180005,0.7768209,12.873737,4750.0,12.507612
348020482735930112,7.246776,0,-28.74587,0.12611356,9,,0.7095655,0.39946938,6250.0,3.966133
362926561873943936,1.1015469,0,-10.0567665,1.6528871,28,,,,3800.0,13.9877205
44308325734555392,1.0084432,0,6.280063,0.49197716,9,1.1860062,0.08227194,3.8238945,6250.0,10.100495
64961556448201856,1.1525114,0,,,,,,,,15.831441
119434042546990080,0.94464254,0,20.60752,0.3374991,7,1.7677311,0.022545064,1.9854088,5750.0,9.00542
223983442137333376,1.269995,0,17.807178,0.26768896,9,1.6599926,0.0195919,1.913641,4500.0,10.392784
663843446785837952,1.1852556,0,-15.552483,3.5050926,18,,,,3600.0,14.871153
669770016321496832,0.7979197,0,-73.00221,0.38532573,14,2.0513647,0.010830719,3.5981827,5750.0,10.47274
844104117550863616,1.1236683,0,-81.387955,6.920209,28,58.975624,0.0,106.14826,4750.0,11.608081
913794733636069376,1.3575296,0,10.83125,0.55486864,20,-2.0706677,0.9946116,9.246073,4000.0,12.804753
976030566397942656,1.289947,0,33.97273,0.49854732,16,-1.183936,0.88079107,6.5225964,4500.0,12.102804
1021917447232306816,0.97769016,0,-1.5231303,0.20127252,25,2.0958345,0.0017342004,2.8866577,5750.0,9.635975
1065143338128983680,1.5572104,0,7.370138,0.64039147,26,,,,5000.0,12.073454
1090013947554283648,1.3033637,0,-21.32577,6.38762,23,25.870722,0.0,94.54768,3700.0,12.812751
1125663722297715584,0.85509,0,-17.41933,0.3111825,24,0.11463629,0.35618985,4.2952595,5250.0,10.968177
672038480607472128,1.1110758,0,-0.24310859,0.5419139,10,0.17590502,0.40505707,3.5860357,3700.0,12.064373
681540185218164864,1.1841618,0,30.703264,0.9251571,13,0.53967744,0.2709824,8.237404,4500.0,12.747638
763730225581266176,1.268687,0,7.464935,1.4753056,33,5.9441037,5.2034936E-9,29.899065,3500.0,13.112786
947523734583844992,1.0354795,0,,,,,,,,15.528442
1178132588972880768,1.4716125,0,24.20649,0.8331831,11,0.89793843,0.16639264,6.487015,3600.0,12.61262
1211769810762980224,1.0311924,0,-4.073458,0.1833583,24,0.08053752,0.32332417,2.5291004,6500.0,8.940243
1277282596197204096,1.0578829,0,-37.344,0.122911505,32,-1.569138,0.81202966,0.81910324,5750.0,8.430952
833976305493117952,1.85044,2,-13.304526,3.6895697,25,32.10538,0.0,43.302986,4750.0,12.022164
858371758390112384,0.9513371,0,-21.90987,0.3480542,21,0.7517307,0.14488123,4.627781,5250.0,11.163725
864185288681934080,1.1527374,0,26.131252,2.0083232,19,,,,3400.0,14.016289
933681913981423360,1.160381,0,-36.50921,4.6580353,17,,,,3600.0,15.904424
965263461344478848,1.0967524,0,6.98843,0.9153656,19,0.87769365,0.16085151,13.273823,4500.0,12.69877
974832781628180224,1.2261422,0,5.4477735,0.8163927,9,-0.046307746,0.5972794,6.7741966,4000.0,12.421812
990357787024029696,1.1576624,0,12.814681,0.45388862,20,1.1480699,0.07269697,6.871647,5000.0,11.72288
1017154053623603328,0.97539526,0,-7.430845,2.5225708,28,,,,3500.0,15.338427
1038149468673759232,1.0983459,0,9.904902,4.3995495,16,,,,3400.0,15.066549
1065143338128275328,1.8061838,0,6.7236624,0.74637985,26,,,,5000.0,12.233162
1071194431653425280,1.1861464,0,6.6764503,0.12701997,30,-6.773804,0.9597356,1.1682959,3600.0,9.574072
1071195187567668480,1.0720689,0,6.2048926,0.1691007,25,-4.9563203,0.46186548,2.2608976,3600.0,10.080184
1085190664919124736,1.31662,0,-15.533632,0.49551603,28,1.7468746,0.22729696,5.8657093,5000.0,11.746549
741720480990117376,2.2338688,0,8.247152,1.4197787,6,-0.6977443,0.7788199,8.092983,3500.0,13.359149
804288946089058432,1.28163,0,35.591995,4.063422,20,,,,3400.0,14.634757
869761461903034240,1.0325513,0,11.281765,0.53611934,10,0.0484161,0.47708538,4.3640413,4000.0,11.717575
873773854712336768,0.9574822,0,2.1544774,0.2091154,13,0.6733139,0.10632082,1.8600419,6500.0,8.49357
902648301367108096,0.9129788,0,28.746609,0.29936144,13,-1.1877593,0.85813016,2.3059597,5750.0,11.038775
940925462226419072,1.0251753,0,,,,,,,,15.244271
1215681563896899456,0.9519904,0,-25.223417,0.24140948,31,0.9462466,0.05620127,3.5372581,5250.0,10.665531
1216009042267857408,0.97119665,0,-17.606462,0.12159101,37,0.484806,0.055278577,0.8902397,5750.0,7.4945207
1221473653714472320,1.4133123,0,-75.27386,0.5124841,30,-0.22612223,0.5816512,10.021599,3500.0,12.702829
1223848633190595840,1.5504036,0,-16.395594,0.4214348,42,-0.027280489,0.42974877,9.738131,5250.0,11.848112
822172227830881408,1.0979878,0,14.014752,3.035888,21,,,,3800.0,14.466549
827111612020422528,1.1674397,0,11.930772,3.4531872,23,,,,3400.0,14.077867
932923285318103552,1.0506315,0,20.718506,0.5140893,12,1.9290236,0.028871436,5.0609074,5750.0,10.736849
979278966127606400,1.1340436,0,4.464919,0.9881737,17,2.1652498,0.029376265,13.248934,4250.0,12.507311
999902578745626496,1.1375326,0,40.949913,2.1626112,21,,,,3500.0,14.569072
1063216753239220224,1.2232083,0,17.160013,0.25423387,43,-0.62842333,0.5575507,4.933876,4750.0,11.616472
1065251399505617024,1.1761911,0,0.48926875,6.2924824,28,62.725197,0.0,81.03482,6250.0,10.03999
1092120921069497088,1.0135927,0,-13.240947,0.18190186,36,0.12407181,0.24299842,2.748601,5750.0,10.1182575
1092523853424362752,1.1479014,0,3.5793407,0.15546139,44,-0.5779576,0.59551316,2.1449127,6000.0,9.835107
1100499302752831232,1.0439361,0,7.279374,1.5506943,36,,,,4500.0,13.989752
1100499302752831360,0.98945713,0,7.146764,1.2370064,38,,,,4500.0,13.611368
1111374331744526336,1.0531131,0,11.609817,29.961226,30,127.667015,0.0,125.585556,3900.0,13.400785
1111374331744526464,1.0420307,0,6.5474167,1.5132711,28,,,,4500.0,13.471251
1120670393319027072,1.1812497,0,-21.732044,1.1284604,24,,,,3700.0,13.637501
1129538469992757888,1.1428612,0,-1.925536,1.0625116,20,0.7895974,0.67955226,8.583525,3700.0,13.014864
1143477013259041920,1.1203761,0,-51.04993,19.78455,17,88.61049,0.0,207.93231,5500.0,9.2046385
1149611738386037248,4.558817,0,-25.540691,1.806445,21,,,,3400.0,13.990623
760713513567326720,1.0677474,0,4.037123,0.31062827,10,2.703496,1.4898706E-4,2.233879,6250.0,8.557592
945281727296079616,1.1211184,0,55.208218,0.78817236,13,-0.54229546,0.68355715,8.022358,4500.0,12.479709
958321449869531648,1.2758816,0,,,,,,,,13.196187
1181404941735725312,1.0312406,0,11.279048,8.199669,9,,,,3600.0,15.512986
1170567742815983360,1.1539085,0,-46.48678,4.131692,12,,,,3600.0,14.45855
1170567742815983488,1.0224739,0,-50.606068,0.54248893,14,0.17723729,0.45131454,6.0136642,5250.0,11.245752
1206320356259097472,1.0039997,0,,,,,,,,16.314127
1263684351779979392,1.0375638,0,-38.4428,0.20656112,29,1.6686722,0.012698382,3.0703506,6000.0,9.791382
976054137177544192,1.2366745,0,34.390938,0.61732984,13,0.47665137,0.40563035,6.0714855,4250.0,12.04355
1002527349223384192,1.3862164,0,26.986828,1.2011783,23,,,,4500.0,13.190904
1002767184492235648,0.96431315,0,-20.32785,0.15888548,25,-0.96085835,0.67075676,1.8077774,6750.0,8.33714
1101137874193517056,0.9997943,0,1.8425466,5.1658225,12,,,,3200.0,15.446164
1118233119637763712,1.1194711,0,24.190405,2.1155536,20,,,,3600.0,14.3847475
1142595376731956864,1.0810802,0,-7.263417,2.7768013,24,,,,3800.0,15.086001
1148648699342614784,1.1211531,0,-53.68515,3.5237033,14,,,,3100.0,14.903539
1149176984616318720,1.0497497,0,-16.496227,0.85139513,16,1.2825986,0.07238572,11.39015,5250.0,11.83481
762983489682706816,1.0192171,0,2.1614363,5.564717,11,,,,3500.0,14.328186
784220728572615936,0.96019596,0,-3.4245586,0.26167515,16,1.187319,0.04980319,2.806292,5750.0,9.934622
799093375686189568,0.93455565,0,-0.08161411,0.122765556,26,-0.99163175,0.6749308,0.8561491,5500.0,8.0693865
868463591506207232,0.9886717,0,-17.028826,1.556436,15,,,,4500.0,13.138011
881304272410900480,1.0515989,0,14.478261,0.13780451,15,0.8832914,0.08170827,0.7677984,6000.0,7.355076
906222435711329792,1.0984105,0,-32.06123,2.5084152,12,,,,3600.0,14.095735
956867624915306752,0.98332894,0,46.7266,1.6307042,22,,,,4500.0,13.684693
1232753401769984000,1.116933,0,-48.1838,3.9400303,19,,,,3800.0,14.719749
1233548662207548288,1.0818926,0,-29.283905,2.0498152,16,3.5266182,3.599026E-4,24.315468,4250.0,13.16171
1246829388281825408,1.1269464,0,,,,,,,,9.284656
1257732897205303296,0.956749,0,-8.454321,2.0036466,33,6.5882635,3.434919E-12,47.138405,4500.0,12.98216
1261218834393745920,1.0002853,0,-41.573395,1.5969341,21,4.899774,6.434248E-5,13.085701,5500.0,12.553939
1271951407911999872,1.0040296,0,-18.440657,1.2824353,57,,,,4500.0,13.976805
715744926805004672,1.1074587,0,20.369257,0.57738394,24,1.3734883,0.21133855,7.851921,4500.0,12.489894
839163187174316800,1.0488266,0,,,,,,,,15.78765
847755011551344640,1.0293919,0,-32.82326,4.326883,23,,,,3600.0,15.539875
852108046805115136,1.0570583,0,-2.4941292,8.359665,21,,,,3800.0,15.560161
933857217366771328,1.2533882,0,-8.680236,0.67837065,16,-0.7045562,0.79486865,7.1209855,3800.0,12.929644
977510199811139584,0.9810572,0,,,,,,,,16.613394
988705908241612928,0.954552,0,-9.14526,0.38775954,21,1.6651845,0.018844506,7.026997,5000.0,11.127828
1021917447232306944,1.1270943,0,-2.0982594,0.5583391,29,-0.42830226,0.76093036,10.063662,4250.0,12.478638
1024404503878706048,1.0122935,0,8.508473,0.55767435,24,0.99695563,0.16296144,10.302138,4500.0,12.041194
1052322104836318720,1.0466613,0,-33.00252,2.4967222,31,,,,3700.0,14.632975
1071654847851328640,2.775948,0,15.298851,0.45607328,20,-0.31669277,0.6372228,4.8429003,4500.0,12.404177
1135722054669161600,0.99403054,0,-48.44322,3.0548446,26,,,,3600.0,14.997374
676003255114571008,0.8657431,0,46.487904,0.8374224,18,-0.35011807,0.9803053,6.4359856,4500.0,12.587114
676003255114571264,1.0557446,0,46.323456,2.0442963,18,,,,4250.0,13.737014
681717795000995584,1.1680653,0,-2.4849317,0.46021673,19,-0.23885624,0.5415534,6.101163,4500.0,11.961495
699648905505326208,1.0284584,0,-10.544996,0.17518269,14,0.08116396,0.2185606,1.4886589,5250.0,9.370216
766094454754175232,1.0943505,0,-1.7239277,0.2659076,16,1.0827161,0.04127114,2.5658336,5500.0,9.92665
766439323448668032,1.6332971,0,-8.666673,0.49410293,18,-2.0457444,0.9808997,5.499574,3500.0,12.870207
766684613325401984,1.0461832,0,14.708909,0.1842074,16,0.14886108,0.20722815,1.4884539,5500.0,9.767281
781010768798837120,1.1037138,0,-2.8711476,0.8753578,30,2.9938087,0.005052491,14.956351,4250.0,12.780481
1252168960343665792,1.3469464,0,8.858626,7.0767403,23,28.888704,0.0,111.35785,4000.0,12.329218
1261431280655790208,1.1765134,0,-30.960835,1.0724946,19,-0.45401677,0.7372134,16.100105,4250.0,12.688034
1181864262718152704,1.1733359,0,,,,,,,,14.561283
1196326620197368832,1.0617757,0,-15.771492,1.0101511,22,2.4808934,0.032755703,13.937358,4000.0,13.096338
790539931137707904,1.1594636,0,0.5098273,0.8450519,46,2.7504733,0.10843067,16.200373,4500.0,12.552635
822171987312735232,1.2034034,0,11.11737,0.49804255,22,-0.038316224,0.5986134,7.0143986,4000.0,11.992343
826843262463542528,1.2503555,0,15.676261,36.065456,31,85.84084,3.0474604E-7,29.823751,3900.0,13.248141
916482150508905856,1.053249,0,8.257159,0.1615979,14,0.43480426,0.13099094,1.2984152,5250.0,8.937119
1024404439455602176,1.0596995,0,8.167937,1.6267786,23,,,,3900.0,13.849939
1063406384635629824,1.027982,0,,,,,,,,16.009275
1091252822280955392,1.140818,2,17.329292,0.14154579,35,4.268657,1.6176356E-8,1.6487465,6250.0,7.631785
1134109105470375808,0.98003775,0,-48.667885,0.12447323,22,-0.38955578,0.35282668,0.73303986,5750.0,7.5613227
684541547019484160,1.1248378,0,11.592771,16.168236,15,,,,3500.0,14.722025
703084394010986368,1.2051533,0,8.536505,4.2580924,7,,,,3500.0,14.668209
771214365009132544,0.9858248,0,-5.9487224,3.4114141,17,,,,3500.0,14.774416
780319420798584064,1.1102022,0,5.003146,3.468788,21,,,,3300.0,14.710508
868463660225680896,1.1505368,0,-15.502938,1.8058459,12,,,,4500.0,13.343004
1178132520253403648,1.4295143,0,24.410618,0.66509604,12,-0.043460913,0.5470479,5.823271,3700.0,12.67249
1261431589893436288,1.0945196,0,-33.36913,2.725755,18,,,,4250.0,13.893254
1161524087878324096,1.0849565,0,-27.822138,4.164624,11,,,,3600.0,14.855828
1164885462427371136,1.1113591,0,-15.710802,1.1235138,13,0.5458614,0.3991759,11.107857,4750.0,12.600523
1167789757968607104,0.9416539,0,-13.558384,0.48522356,13,1.0240661,0.09123235,3.7330484,5000.0,11.316979
1182257922240686720,1.0847448,0,-5.911818,2.1551883,12,,,,4250.0,13.274913
1208228180730812544,0.97429645,0,-12.592097,0.12067585,16,-2.2721012,0.9660064,0.45798874,5750.0,7.5393314
1208228180730812800,1.605408,0,-10.528936,0.458493,7,0.9203172,0.14887406,2.9433174,4000.0,10.967185
783007280064896128,0.9720923,0,-16.04684,1.2764574,48,,,,4000.0,13.60397
788498687800451456,0.9229322,0,-9.767629,0.15819588,22,0.28854704,0.13450108,1.4882708,5750.0,8.986557
855885281563414144,1.0816536,0,15.806579,0.96283656,39,0.5512713,0.3904249,21.950691,3700.0,13.218893
933857144353661184,1.2696445,0,-8.785353,1.261238,18,1.3616039,0.53010005,11.351295,3800.0,12.781515
950259280857006336,1.5804148,0,20.903526,0.81252486,13,0.8770342,0.1778966,8.008776,3600.0,12.5752
1085190664919124992,1.0781962,0,-15.674987,0.85970557,28,3.2257776,0.26949158,8.770699,4500.0,12.347569
1111224007889044992,1.1871437,0,-25.564949,2.4127772,15,,,,3500.0,14.620834
1129533212952778752,1.1785183,0,-3.0792952,0.7702294,19,0.24554832,0.4630003,11.352225,3800.0,12.899537
1130250575570939648,1.1276926,0,-15.0181,2.6109223,12,,,,3200.0,14.464072
686054646817666304,1.044919,0,-8.651481,1.5038712,19,,,,3900.0,13.582326
754858438055510912,1.0021744,0,-19.636776,0.294667,15,0.15544364,0.347073,2.9768715,5750.0,10.189135
766684514541588736,1.003682,0,,,,,,,,10.294399
872734575705587328,0.99634933,0,37.922348,0.6203915,5,-0.45914745,0.64769185,2.7560806,5750.0,10.77713
888465082406044416,0.9791592,0,29.181005,1.0341728,10,1.068748,0.14432248,7.4186172,3700.0,12.612956
899900827967155072,0.9816505,0,12.801188,0.2940454,10,0.93456686,0.2121405,1.8786707,5750.0,10.063311
955334940065706368,1.1504955,0,-14.623718,0.63770634,10,4.651141,2.2238463E-7,4.46136,6000.0,9.002779
1171617192304468480,1.0104007,0,,,,,,,,15.75715
1233548593488070272,0.957227,0,-29.674139,2.8347263,18,6.3455925,7.225176E-11,36.03325,4500.0,13.220328
1164885466723495040,1.0590365,0,-17.048971,1.3904699,12,2.234719,0.0046785753,11.948739,5000.0,12.489424
1182257922240687232,1.1005939,0,-6.969316,1.8706303,13,3.2922018,0.0052754874,17.749962,4250.0,13.117452
1214714092448628608,1.2345579,0,-37.92777,0.42615327,28,-0.8600128,0.81230545,7.571888,4500.0,12.415576
1263852851937196416,1.0918448,0,-6.2391386,1.4158233,28,,,,3900.0,13.860693
783007245705158400,1.0169855,0,-16.0532,1.6753892,46,5.4416685,9.376781E-8,50.62802,4250.0,13.114278
824932276894885760,1.1685284,0,18.214466,0.49733344,25,0.28882295,0.29842603,10.635527,5250.0,11.473592
834301833950121216,1.0737692,0,0.055199098,0.22488973,19,0.7865044,0.10973758,2.2379713,5750.0,10.163902
854098643887910912,1.004957,0,50.08799,3.3535364,26,,,,3900.0,14.552601
1002527353518467712,1.0586747,0,28.5578,0.24889393,26,-1.2868496,0.8369969,4.2037506,5500.0,10.938518
1003629235968327808,0.93294084,0,-105.6873,0.3727639,18,2.202093,0.0046115937,4.868759,5250.0,10.653941
1019407640143971712,1.0007081,0,-4.973764,1.979625,21,,,,5500.0,13.690088
1052322104836318848,1.0727841,0,-38.020252,3.945908,29,,,,3700.0,15.296204
1067118267170968576,1.0717427,0,45.97551,0.13926318,30,-0.44148064,0.33291996,1.2559547,5000.0,9.43798
1076399450979559040,1.1236223,0,15.577101,1.6290761,29,5.2707677,2.2261148E-8,36.888493,4500.0,13.005749
1079998255616420864,1.1077793,0,-34.257,1.7890451,21,,,,4250.0,13.9989
1082369008844387456,1.1412009,0,11.716942,3.1173494,22,,,,3600.0,14.733637
1083688938193772416,0.99598324,0,-89.752754,0.16659427,20,-0.73410267,0.54183084,2.001625,5750.0,9.485659
1091160463304412800,1.160676,0,-37.668816,0.27626783,41,-1.3605765,0.89566416,6.3394966,3700.0,12.295054
670159247733526656,0.88626665,0,15.7727,0.16897835,10,-0.95569,0.6793175,0.9845152,6250.0,8.525943
672537938060881664,1.0699989,0,-42.078697,1.6262726,10,2.0173807,0.09461702,13.01939,4500.0,12.790787
680661782802091392,0.9686619,0,3.0594575,0.21293016,10,-0.1931386,0.4672092,1.1996303,5750.0,9.655399
683226148859102080,1.067928,0,36.11066,0.76648074,10,0.35239327,0.33179712,5.228176,4500.0,12.107126
776868839777867008,0.9327951,0,,,,,,,,16.707495
876781740568000384,1.2714685,0,5.404782,0.2263776,8,-1.5547224,0.90929466,1.3045621,5500.0,10.500595
883595482844980736,1.1640105,0,66.47337,4.6096325,10,,,,3400.0,14.727129
950657239643181184,1.1713806,0,30.50394,2.8072667,16,,,,3700.0,14.238244
956843637520482688,1.0902891,0,13.817723,0.8666301,14,1.7297213,0.036669504,8.771966,4750.0,11.921816
1172920487244742912,1.0740889,0,-18.415358,0.26071206,7,-0.3386232,0.51916826,1.4011803,5250.0,9.445853
1228950332781424896,1.2327993,0,16.880777,1.3245606,10,1.0662937,0.1643872,9.168356,3500.0,13.270214
1231859606188921472,1.084417,0,-2.471066,13.976344,13,,,,3500.0,15.558872
1236025930624354944,0.9153361,0,,,,,,,,16.308945
1258095809053600896,1.041552,0,-35.5224,4.3105416,22,,,,3400.0,15.748524
809286260792420992,0.9861319,0,3.3001907,1.914427,19,,,,4000.0,13.580713
827112093056757888,1.0302981,0,,,,,,,,15.824056
849418332125923968,1.2471014,2,-9.913043,1.1864061,27,22.426819,0.0,16.046495,4250.0,11.505098
852842761090383872,1.2815475,0,20.244085,0.71283346,19,0.12818332,0.44749898,7.809023,4500.0,12.865008
917982605923642752,1.0050608,0,8.090368,0.13465305,23,0.69936746,0.055852123,1.0367236,5750.0,7.535038
931304937345481344,1.026376,0,,,,,,,,17.00568
1002767180195969664,1.0666099,0,-21.095966,0.491402,29,-1.4752386,0.9265374,8.929556,4500.0,12.616305
1063212252113493888,1.1074675,0,19.493406,3.1055872,39,,,,3500.0,15.021079
1065658562406219520,2.7392056,0,1.1050087,1.3001027,23,,,,3900.0,13.571245
1067118267170968960,1.3347868,0,46.725544,2.0743418,21,,,,3100.0,14.282057
1091252822277728384,1.0938203,0,,,,,,,,14.389975
1126413206974430720,0.89504224,0,-45.04726,0.29804963,26,-0.66624194,0.62115127,4.8504486,4750.0,11.502015
1126413211270129280,1.0077709,0,-45.961998,0.48013645,27,-1.6719937,0.9729815,7.9826736,4000.0,12.738684
1130252053039689216,1.1672499,0,-21.89878,1.9081529,18,,,,3400.0,14.470725
1149610570154926464,0.9661558,0,-26.15162,0.17612834,15,1.7865218,0.0020302944,1.4744625,5500.0,8.631179
702082159096764288,1.1951127,0,-65.39011,6.0047092,17,,,,3600.0,14.044865
766100295909695360,1.2261592,0,25.309439,7.8161244,19,,,,3400.0,15.367182
777803566395455744,0.9591288,0,29.170103,0.18221404,15,-1.6654474,0.9049702,1.526577,4750.0,10.479603
796915891691382784,1.257726,0,-23.126472,0.69416475,25,1.8961847,0.013747303,12.287825,3800.0,12.119342
910102680965414016,1.1121588,0,55.452778,2.6445055,20,,,,3600.0,14.552236
945281624216865664,0.95072526,0,55.89992,0.32451308,6,-0.7545832,0.74386376,1.5146103,5750.0,10.447998
1231859400030491136,0.92475724,0,-2.0040686,0.3217397,20,2.843833,1.1311318E-4,4.204169,5500.0,10.132625
1197134211485520640,1.1975284,0,,,,,,,,13.500802
1223848628894476800,1.3458844,0,-17.162464,1.1555662,41,,,,4500.0,13.599713
715744931101647232,1.1017358,0,18.035769,2.8784804,22,,,,3800.0,14.516809
828360932107160448,0.9246821,0,3.1263988,1.3738829,26,,,,4500.0,13.143212
828373095454543232,1.0489774,0,1.3137301,7.2145147,26,,,,5500.0,14.757003
839163565131438592,1.1793574,0,4.0758204,0.30737382,28,1.0652966,0.10888327,5.2379265,5500.0,10.884685
839281796991751168,1.0449443,0,2.8971143,0.8316964,49,,,,5500.0,13.178331
850084498733641216,1.0241961,0,-148.34244,3.1572535,18,,,,3700.0,14.773171
914241517609344128,0.883817,0,-3.6342275,0.33925134,7,1.5042421,0.022836253,1.8912051,6250.0,8.702583
981248882943763968,1.0683373,0,59.000484,5.6087656,16,,,,3900.0,14.859651
1003629098529378176,1.1256315,0,,,,,,,,16.230043
1017154053623603456,1.0372388,0,-7.744094,3.941505,22,,,,3600.0,15.347421
1019407743223186560,1.0312222,0,,,,,,,,15.967658
1047061182215609600,1.184779,0,8.083144,1.6984446,47,,,,3600.0,14.614109
1052267919528956416,1.3408127,0,-10.726446,2.5940373,28,,,,3700.0,14.462858
1071654852147242112,1.0287653,0,15.697726,0.23160522,26,1.3838252,0.03415887,2.9636002,5750.0,10.328534
1149022434512480768,0.76627326,0,-15.962054,0.31503633,19,-0.37255344,0.54032785,3.4729233,5000.0,11.312931
672533746173041280,1.0334057,0,-46.195793,6.610478,10,,,,3800.0,15.081786
678119398384700672,1.0396038,0,48.430225,0.87109435,15,-0.79816663,0.89477694,9.601849,4500.0,12.559598
681711885126284672,0.9877965,0,2.7317321,5.367931,16,,,,3500.0,15.478792
743703278411767936,0.97480226,0,-25.386692,1.892831,23,,,,3600.0,13.833401
869761457607574784,1.3583932,0,11.206808,0.7525028,11,-0.77638644,0.8207098,7.3891077,3600.0,12.961794
874099997348972544,1.3547772,0,-24.02335,0.36084503,27,0.34615117,0.27099168,6.277334,5500.0,11.200634
899900205196194560,0.97446024,0,11.82009,0.92945933,8,0.793448,0.17750771,6.2886467,4750.0,11.87063
1229482496409525888,0.9855015,2,34.579216,4.8058944,17,66.85642,0.0,40.99922,5500.0,9.823389
1214424100552037248,1.4039125,0,-35.772015,0.3036052,23,-1.3579712,0.92433745,3.6221962,4250.0,11.76627
1214714096743540096,0.96095467,0,-38.015575,0.21519226,26,0.12646176,0.26124802,3.1408577,5250.0,10.680024
1216012173302526080,1.0704678,0,-13.890704,3.874046,29,,,,3600.0,15.629025
809286260792421120,0.9342485,0,4.2691145,0.44042388,19,0.0035554855,0.4013858,6.6069202,5250.0,10.650899
810069697186043264,0.91708857,0,-9.405244,0.1772856,23,1.2085946,0.022665955,2.1171246,6000.0,9.161319
828871723988310784,1.0622243,0,-14.3094635,2.890369,39,,,,3800.0,14.208573
852208235506201472,0.9789796,0,-14.115187,1.0796968,30,2.7722523,0.0015512584,20.884836,4500.0,13.041908
965263564423692032,1.1775389,0,8.605373,2.4214833,16,,,,4500.0,13.493653
973429259325853440,1.0626928,0,-60.18634,5.0127316,20,,,,3600.0,15.016162
1021987163141397632,1.068697,0,,,,,,,,15.942814
1052267915233159552,1.1168169,2,-15.950279,3.5938544,29,31.166624,0.0,57.090107,4500.0,12.1838455
1089689935219837824,1.0396274,0,-0.70923185,2.4299142,42,,,,3600.0,14.935157
1092121024148713856,1.4069209,0,-13.482685,0.26712695,40,-0.8663844,0.645306,5.656252,5000.0,11.334646
1136385816094727040,1.0936937,0,-14.835593,2.5697248,20,,,,3400.0,15.033896
1149176984616318848,0.9975249,0,-16.259314,0.6127996,14,3.5823522,1.0116764E-5,5.8578997,6250.0,9.390786
672038480610191744,1.344436,0,1.765437,1.730449,4,,,,3800.0,12.94997
683226153155374208,1.1149839,0,39.117134,4.374905,8,,,,3500.0,15.071232
699648905505325952,1.0712062,0,-9.136141,0.21485172,14,-0.6799167,0.61548775,2.0521002,5750.0,9.878653
703558837572815872,1.0594947,0,29.309734,2.531932,19,,,,3700.0,14.2762165
766439357808406144,1.1772454,0,-5.473327,2.3346932,17,,,,3400.0,14.439534
877747455374109568,1.1615446,0,-22.59298,0.9696122,16,1.0905606,0.12472238,10.754067,4500.0,12.580756
878896440730777344,1.1476961,0,1.0051029,1.0696474,25,1.2784393,0.07992827,20.061436,4500.0,13.147669
881843995181016448,1.0055379,0,9.876094,3.3067703,20,,,,3800.0,14.520895
947537650277895552,1.3178809,0,-9.599578,0.66932696,13,0.36704323,0.60620993,6.2111034,3900.0,12.572484
950395654664758272,1.2833313,0,51.482372,0.23158534,13,0.13080242,0.15217443,1.8358192,4000.0,10.298881
972815560039899264,1.0643245,0,65.803314,1.2872488,22,,,,3800.0,13.603735
1206320351961687552,1.2859544,0,-17.340132,0.5004992,32,0.9066217,0.4662382,9.952619,4250.0,12.332077
1214424822106544768,1.05072,0,-35.128426,0.84954023,25,0.8813467,0.32823285,13.60491,3800.0,13.193401
785451528760608000,1.0389296,0,-11.454376,0.1777428,23,0.17009668,0.15139604,1.9427509,5000.0,9.987226
785451528760639872,1.0058678,0,-11.974866,0.119488224,44,-1.9337759,0.82576096,0.8327551,6250.0,7.801433
826843193744065408,1.0446198,0,16.085106,1.9690001,26,,,,3300.0,14.597793
1035921480159290752,2.2300332,0,0.9965266,3.0292537,23,,,,3500.0,14.443878
1037689318762025088,1.2377409,0,-10.7726145,0.1893217,30,0.15930389,0.27806097,2.6137457,6250.0,9.849037
1065304244783926400,0.9614154,0,-21.716848,0.52960604,26,-1.1588069,0.89612275,11.139563,4500.0,11.935022
1079998255616420736,1.1476732,0,-32.24306,0.87252986,20,1.2293249,0.10246132,12.698469,4500.0,12.729016
1092523823361379584,1.0843267,0,1.7748104,1.71795,40,,,,3800.0,14.257456
1104631709829489024,1.0877409,0,-11.996001,0.48726562,37,1.8325922,0.029760238,8.477831,4500.0,12.301818
1109331851458021120,1.0923502,0,31.101126,0.230766,38,-0.9740997,0.78432596,4.0843506,5750.0,10.768574
1109334806395523072,1.0558484,0,33.184345,3.5201423,36,,,,3800.0,15.146712
1112268131618978560,6.3208604,0,-14.643805,0.5272644,24,-1.141723,0.8945195,8.764417,3700.0,13.162683
1123660790069190016,1.1577655,0,-42.48134,3.8680282,21,,,,3500.0,15.073346
1125663653578238592,1.0155262,0,-17.073223,0.20926572,21,-0.87362474,0.7119732,2.7436285,6250.0,9.445125
702073259924528000,0.8810839,0,7.3726916,0.36079574,16,-0.50801045,0.5934484,4.0725107,5000.0,11.508327
702135863367767680,1.0240062,0,-2.3805661,2.9151843,28,,,,3700.0,14.613437
741720476697053312,1.1552758,0,7.495393,0.7180506,12,-0.874429,0.83038205,6.929469,3700.0,12.5099325
776794111641917952,1.8264056,0,,,,,,,,11.213424
868264992218681216,0.918691,0,0.26867065,0.48020744,14,0.5155962,0.32967156,4.66959,4250.0,11.715017
872734575705587200,1.1521989,0,40.891953,2.8616166,5,,,,4500.0,13.1433
937667952871051776,0.9213478,0,-31.773903,0.12390068,12,-2.2378347,0.97079426,0.46053886,4750.0,8.501401
959067919479094016,1.1265365,0,5.695695,0.4480602,11,0.29144096,0.28152597,4.7218237,5250.0,11.032374
1237086100351705216,0.88487816,0,-60.091816,0.19622152,17,1.8090562,0.005185938,1.7176552,4750.0,9.954016
1237086134711443200,1.1288208,0,-60.29883,1.0268478,17,1.9022207,0.01939351,12.653088,5000.0,12.264574
1257377621802177792,1.0637412,0,-1.394877,0.19673288,18,-0.8736174,0.6471791,2.502864,5250.0,9.932809
1258095809053601408,1.0073069,0,-34.277275,0.14209566,32,-1.8344619,0.8687869,1.7559509,4250.0,10.206897
1161430251433160960,1.0067397,0,-30.053352,0.47377428,6,0.5732669,0.2403108,2.3123722,5500.0,10.6817045
1206569017685124480,1.0158614,0,10.748868,2.8390787,32,,,,3800.0,14.792406
1211770085640889344,1.0317502,0,-4.3017163,0.7473346,28,0.9020798,0.26646182,12.416996,4250.0,12.931739
1263852851937196288,1.1103345,0,13.181367,4.2204223,16,,,,3300.0,15.117807
1270921234237030784,1.0634233,0,,,,,,,,15.85692
856852542558340992,1.1721339,0,32.80867,2.1199064,32,,,,3600.0,14.481473
933681536024301440,1.1241727,0,-20.475187,0.30035028,20,1.2751073,0.060750294,3.7615013,4250.0,10.865906
963335807006167552,0.97915286,0,-30.185171,0.28839636,7,0.11929484,0.31931415,1.7262077,5750.0,9.540557
1020666649676726784,1.0310078,2,16.278269,4.090477,28,90.69302,0.0,47.268597,6000.0,9.795353
1020667714828594304,1.0559967,0,23.648428,0.21859834,32,0.93252325,0.06404663,4.64699,5500.0,10.744111
1034999982042706048,1.1854607,0,17.974953,0.63070273,30,-0.7670404,0.82099354,11.593156,3800.0,13.218989
1035000055055287680,2.4243562,1,17.484322,0.13984692,31,5.5988116,4.3132165E-13,1.539465,5500.0,7.3016915
1035921480159290496,1.5253491,0,-0.45928946,0.6065274,4,-2.0975711,0.98679394,2.3155637,4500.0,13.247966
1058559634300870400,1.0675234,0,-45.80176,9.566619,19,,,,3400.0,15.207684
1065251399506378880,1.0046993,0,-1.6713815,0.2502779,23,-0.31767592,0.5186522,3.2488596,5750.0,10.452838
1090013947554283776,0.9745912,0,-11.8175535,1.1370913,24,2.2669165,0.017924182,24.202057,4250.0,13.1845875
1112271395794130688,0.978013,0,-14.341204,0.19356433,24,-0.5471571,0.4756375,2.8199072,4500.0,10.575006
1120495089934035840,1.0054332,0,-6.9904046,1.4375122,28,,,,4000.0,13.884429
1120495948927876992,1.0211349,0,-7.2988033,0.5198136,29,0.6016472,0.24309169,10.051914,4500.0,12.517254
1135119625375721344,1.1233071,0,12.819329,3.6085637,25,25.04082,0.0,61.122105,3800.0,13.284419
714284539142409728,1.0276366,0,34.476757,1.3685839,34,,,,4500.0,13.52148
784220694212878208,1.0590823,0,-3.0956516,1.12586,17,0.86128896,0.4098511,12.851076,4250.0,13.111712
804242010686447616,1.3783212,0,30.244957,4.4955897,20,,,,3500.0,14.453642
956843641818104704,1.1235589,0,4.3930526,4.758108,14,,,,3800.0,14.628668
1184724436059514240,0.8742003,0,-4.934268,0.17183782,13,0.19321476,0.34839904,1.2989321,6500.0,8.5799265
1242291428915912320,1.1015031,0,-30.36686,4.2834377,16,,,,3600.0,14.971022
1253239644150944000,0.96276057,0,-15.145588,0.94617516,20,0.94688797,0.08892239,12.059752,5000.0,12.387034
1253239708575050880,0.95597446,0,-15.302431,1.0085524,21,-0.50225216,0.6400878,18.622328,5250.0,12.233347
1257377621802177408,1.9587669,0,-1.2358632,0.43155673,18,-0.8099613,0.7924227,5.7614074,4000.0,11.983644
1183980371630661504,1.6841164,0,-101.7972,0.709338,13,-0.4155036,0.6266546,6.201172,3600.0,12.445346
1193363814317545088,1.0323013,0,-10.571707,1.5011976,24,,,,4250.0,13.485122
1215681559602259456,1.0666852,0,-25.502535,4.800456,12,,,,3400.0,15.712689
844104319414554880,1.0908675,0,-49.913147,0.43844467,27,-0.18172237,0.40337637,5.9878693,4750.0,12.317665
852107737567470592,0.9570779,0,-3.8119843,1.3424093,18,-0.6274137,0.7999276,21.324612,4000.0,13.306882
913797761590208000,1.0740134,0,16.069584,3.7318323,14,,,,3200.0,15.121211
981248882943763456,0.9890697,0,57.041225,0.2624671,23,-0.7493111,0.68471897,3.8869438,5250.0,10.510866
996121873652802304,0.83987623,0,3.37698,0.43624178,14,0.9857129,0.08676874,4.0868645,4750.0,11.185067
1021987163141397760,1.0404699,0,-25.51062,0.8961326,24,-0.8163423,0.8274805,16.243156,4250.0,13.070631
1031378160674102784,1.0356694,0,17.713444,0.28561005,18,0.44986635,0.24864314,3.6303864,4250.0,11.004597
1037359396553875584,1.0345187,0,-21.808182,0.28810668,14,0.30948958,0.20918502,3.1136265,5500.0,10.1722975
1082369008844387712,1.071586,0,12.444547,1.9818454,27,4.5818486,0.776083,10.710909,4250.0,13.3558655
1091161494096567680,0.9741314,0,-37.951115,0.13012359,29,0.22772367,0.07960416,1.1730309,5500.0,8.257529
1116940059603613568,1.0260735,0,-72.21119,2.8405085,25,,,,3600.0,15.569492
1135119621079809664,0.90809095,0,12.070342,0.38089254,27,0.5866495,0.27434877,6.8931026,4250.0,11.534479
1148650284186221440,1.064423,0,-45.66336,2.2582998,27,,,,3200.0,14.712474
680662573076074752,0.9396087,0,2.64586,0.22037545,12,-2.7236917,0.9945523,1.9898465,4750.0,11.225172
754858476710667136,1.0553343,0,-19.044468,0.3262654,13,0.61540574,0.21770318,2.9350452,5750.0,10.403396
760714991036076160,1.2103103,0,2.9105482,4.6778,11,,,,3600.0,14.784145
762983485387349376,1.0934317,0,-13.795647,6.842838,14,,,,3300.0,14.152258
776794214721132800,0.95467806,0,2.0397482,0.31198663,20,-0.26551923,0.6830113,2.6348279,5000.0,10.5772085
799092516692729344,1.4113418,2,,,,,,,,10.291597
876781740567469056,0.83170563,0,4.937688,0.8041907,3,0.36338335,0.37711474,2.0794034,5500.0,11.055169
937667952870488704,0.8816928,0,-31.715052,0.34152597,12,0.3423728,0.2887965,2.65699,3700.0,11.288121
956743586260628864,1.5684094,0,-13.975706,0.338115,27,2.2739255,0.0021545254,5.3366375,5000.0,11.206879
958321449868522624,1.0043528,0,-65.27947,0.38621348,12,-0.28353196,0.59004724,3.1306305,4000.0,11.553965
963986893984426240,1.0590793,0,-53.844505,1.3421649,10,0.9694919,0.26340127,10.623043,4250.0,12.85807
1228950332781425024,1.1145499,0,20.113943,3.7924395,10,,,,3500.0,14.694498
1229850832804600448,0.8887782,0,17.316893,2.132975,18,,,,4250.0,13.667752
1232753406063009664,0.96360874,0,-44.4599,0.16287637,22,-1.5414838,0.87520266,1.6085434,6250.0,9.396108
1162245230067169152,1.0721102,0,-37.441547,2.2362843,11,,,,4250.0,13.791681
1197134211485520768,1.3453666,0,-39.40127,0.44736442,12,-0.4781937,0.6583887,4.1999016,4500.0,11.405727
790539931137707776,1.0451568,0,1.7049212,1.8716727,44,,,,3700.0,14.320167
854098643886756352,1.0955294,0,,,,,,,,15.970338
855884663088122880,1.1337544,0,14.980733,2.7419791,32,9.196997,7.5243785E-5,27.173044,4000.0,13.355258
914244399532441472,0.8322131,0,-3.6361387,0.32159004,8,1.7382783,0.011807188,2.0051017,6000.0,8.94178
963337147035963392,1.1137449,0,-29.810604,0.7207751,13,0.12207109,0.5738705,7.463976,4000.0,12.325227
997780074627097728,1.1771545,0,9.744671,0.47785893,25,1.8186079,0.035493016,8.503365,5250.0,11.512974
1037689318762382592,1.4801475,0,-1.1066202,1.9765073,20,9.074328,5.172259E-7,17.124247,5750.0,11.964891
1089689729061409280,1.0372063,0,,,,,,,,15.804108
1126423690990335488,1.016723,0,13.682531,1.6347294,28,2.221184,0.027224813,27.156788,4750.0,12.904579
1135721917230209280,1.083068,0,-49.066742,2.0350657,26,,,,4000.0,14.091008
675501706013691008,1.0849217,0,-10.3588295,3.0869946,24,,,,3700.0,14.531637
677930149242254976,1.0655468,0,57.019146,8.666242,15,,,,4000.0,14.869335
684541547019484544,0.9737925,0,13.510587,5.618683,13,,,,3500.0,15.456107
771219828207529472,1.0988383,0,-9.547922,3.4693668,19,,,,3500.0,14.714685
781010773094267648,1.0626855,0,-3.6950135,1.50396,32,,,,4250.0,13.700474
950395658954590080,1.1723946,0,51.236725,0.14430366,9,-0.27997163,0.4152734,0.7323799,4750.0,8.68669
955335146224136192,1.2422603,0,,,,,,,,9.958256
956867590555569152,1.0371226,0,50.3096,2.7760153,21,,,,3900.0,14.22593
972821779152541824,1.1145586,0,64.975716,0.9081047,24,2.4322505,0.02199473,15.136257,4250.0,13.135071
1184723886303700096,1.0742923,0,-3.6055083,2.73311,14,,,,3800.0,14.037698
1246829388281656576,0.9766847,0,,,,,,,,9.503818
1156510830251741952,1.2445928,0,2.2914472,1.1124344,9,0.22814685,0.47162357,7.3884172,4500.0,12.546974
1162245225771799424,1.1492774,0,-37.842476,1.0450027,13,3.8825397,1.6840741E-4,10.079327,4500.0,12.360174
1270921234237030656,1.0480778,0,-1.1715701,3.675576,24,,,,3300.0,15.336664
1271928146369125248,0.8782784,0,-18.678802,0.718349,62,0.38330737,0.29663256,21.496582,4500.0,12.997451
788498687800451200,2.0539486,0,-7.603045,1.697314,23,6.1398063,2.101317E-8,27.841652,3900.0,12.808537
819789100801518720,0.8215103,0,-2.738326,0.25398245,16,-0.87874717,0.71078926,2.3643074,5250.0,10.897805
824932276893720704,1.3953202,0,18.133688,0.57436895,25,-0.25024268,0.5293802,11.286138,5250.0,11.748829
834301829654956544,0.90535337,0,0.043462668,0.6123294,21,1.6742761,0.03114672,9.27301,4750.0,11.797894
847755247773359104,1.0565647,0,-34.551632,1.1155903,28,,,,4500.0,13.178772
979278970423805824,1.0800891,0,22.992487,3.9235346,15,,,,3400.0,14.979293
982674365408534400,1.2876887,0,-34.9271,0.24201237,19,-3.1320138,0.996848,2.32695,3500.0,11.941336
990358164981151360,1.2728673,0,11.7823,1.828429,21,,,,3900.0,13.958809
997779765389459712,1.0828986,0,8.967349,1.2693776,26,,,,4500.0,13.484717
1001648156533965824,1.2982817,0,24.539381,36.433964,23,67.99748,0.0,134.45425,3300.0,13.060646
1006621281985546240,1.2244399,0,,,,,,,,14.304977
1038148059924483328,0.96390563,0,11.909442,0.18626305,12,1.3072075,0.023175232,1.2732992,6000.0,8.701165
1075219984240392192,1.252636,0,64.56008,0.5362214,18,1.4022195,0.0978331,6.8812294,4000.0,12.090218
1080149782062864256,1.0803614,0,15.249695,2.3543286,27,,,,3600.0,14.503442
1116939990884136704,1.0022213,0,-77.30562,4.1167793,29,,,,3300.0,15.737492
1143477008963176448,1.1303315,0,-8.834574,2.24419,17,,,,3800.0,14.397409
670159247733526784,1.0499905,0,15.376646,0.5866661,12,0.5706253,0.18866588,6.8574505,4750.0,11.678844
714281652924384768,1.033653,0,33.69546,1.1763961,27,,,,4500.0,13.20549
743703484570197760,1.4701822,2,-12.720034,5.529067,22,42.78381,0.0,58.66399,4250.0,12.521717
780319283359630848,0.9995065,0,4.135315,3.9534183,21,,,,3400.0,15.279707
873773648553910656,1.0586399,0,-2.114271,4.4504313,17,,,,3800.0,15.262747
881843754662846336,1.0899606,0,5.6912465,0.19629529,18,-1.6192393,0.89890367,2.1802678,6000.0,9.529887
903069792277276032,0.8739317,0,63.267326,0.2703148,14,-0.8646985,0.76200026,2.6778984,5250.0,10.546339
940931406461329664,1.0992932,0,-24.741398,1.1735826,13,0.38271067,0.4324591,11.372133,4000.0,12.759256
1171617192304468608,1.3469455,0,-28.337788,0.53444535,16,0.32295713,0.28667292,6.0364017,4500.0,11.814545
1236026033703570304,1.0781957,0,0.18699844,6.941201,8,,,,3400.0,15.167798
1193362233769704192,1.0484378,0,-9.61772,5.3354173,22,,,,3900.0,14.16177
1221473688074209920,1.0293975,0,,,,,,,,16.03266
813833084970076416,1.0122557,0,,,,,,,,15.66058
839281109796627968,0.93868643,0,2.3424163,0.7059847,48,2.3765554,0.0072535453,21.300879,4500.0,12.956027
849465538110747648,1.1523435,0,-5.8260098,1.5494127,25,,,,3500.0,13.905526
856852542558340864,1.2158558,0,31.537685,2.2596133,33,,,,3700.0,14.530582
858371724029586432,0.9636892,0,-21.907877,0.31738773,20,0.16645183,0.3597885,3.6140175,5000.0,11.268486
864185288683092224,1.0544683,0,49.000717,6.4064956,14,,,,3400.0,14.255448
950259280858462208,1.1988094,0,21.818506,7.2924066,10,,,,3400.0,15.114188
977510199811139712,1.0556333,0,,,,,,,,15.602401
982674434128011904,1.3409587,0,-36.033707,0.24663049,18,-1.4917362,0.8501245,2.5677795,3700.0,11.6521225
1001648190893703552,1.1296769,0,18.923698,3.6949255,16,,,,3400.0,14.226834
1006619770157793152,1.2182008,0,-14.304207,0.26058212,16,-0.155558,0.39806396,2.8072672,4750.0,10.923638
1034929853813512320,0.9303235,0,-8.633494,0.20285176,24,-0.63942146,0.7811536,2.3444061,6500.0,9.803932
1075219984240392320,1.4188303,0,66.42602,1.780725,19,,,,3400.0,14.127496
1076399450979559424,1.0631294,0,12.342689,1.4751788,29,,,,4250.0,13.739361
1080146483527976960,0.9764842,0,14.475136,0.13163109,27,-0.1401291,0.23022684,0.9186697,6500.0,7.478628
1123660790069189888,1.0926144,0,-44.3904,3.733841,26,,,,3500.0,15.059367
1126423725350074112,1.0896434,0,14.038446,1.0631125,27,,,,4750.0,12.959553
1127352675237094528,1.1306428,0,-14.517076,2.4767954,23,,,,3500.0,14.933327
1142595372435141632,0.98058677,0,,,,,,,,15.743416
690272545221668096,1.2333416,0,-32.847626,1.294867,33,4.7694626,9.452035E-6,23.899384,4000.0,13.029787
702135829008029440,1.1108512,0,-3.8819509,2.8268397,23,,,,3700.0,14.593121
796915994770598912,1.2117721,0,-23.206142,0.36807254,25,0.26344436,0.37705982,5.6300144,3900.0,11.842271
878896445025983360,1.1596383,0,1.3790835,0.84658116,28,1.9416624,0.047223985,15.30406,4250.0,12.812058
888465082406046208,1.1122878,0,27.414211,5.29432,8,,,,3500.0,14.546414
895747250995401344,1.0895637,0,24.545023,2.0927765,11,,,,4000.0,13.826267
959067919481610624,1.0920389,0,4.180958,0.3496426,10,1.0133895,0.11880623,2.3559291,5500.0,10.378656
1229850798444861824,0.9981201,0,19.360662,3.843961,17,,,,3900.0,14.591871
1257732695338469376,0.96472216,0,-13.068505,2.5564644,34,,,,4250.0,13.980255
1167795972785970560,0.9879474,0,-12.735608,0.56235886,15,-0.15291855,0.54518485,6.9007244,5250.0,11.64978
1181864262718152832,1.1143249,0,-3.795002,3.5732741,7,,,,3200.0,14.342883
1183399966928798464,1.044237,0,-44.435913,0.31734973,14,1.1869426,0.04634576,3.6236763,5250.0,10.249769
1183399966930462080,0.899962,0,-43.440395,0.47617182,14,0.26421097,0.30174267,4.564102,4750.0,11.628092
1206568914605908608,1.0747677,0,14.50908,4.12565,32,,,,3700.0,15.150891
1277286410128165888,1.1342914,0,-10.262935,3.7753742,27,,,,3400.0,14.509302
833975656953663616,0.9649082,0,-15.002784,0.28912875,22,0.3549427,0.29924893,4.4050207,5750.0,10.706735
852842761090383616,1.1321931,0,21.152245,0.20870405,20,-1.4700495,0.8521795,2.2495136,5000.0,10.8611965
974832785917550080,1.1276284,0,3.8811588,1.7740469,8,1.7236263,0.068518616,11.635595,4250.0,12.9071
976763803214706304,1.0577692,0,-9.331354,6.024866,10,,,,4000.0,14.8981
988439826428716928,0.969332,0,,,,,,,,8.514414
999902956702749824,0.9809016,0,,,,,,,,16.08237
1037359400848784128,0.9133436,0,-20.947327,0.21113633,14,-1.3369418,0.83831733,1.9372253,5750.0,10.015533
1058512561459304064,0.9787789,0,,,,,,,,16.148363
1065304068689257856,1.0999813,0,-22.395311,0.51450044,25,0.6700431,0.3422627,8.601234,4250.0,12.181565
1104631782845598208,0.96420443,0,,,,,,,,16.12212
1111224007889044736,0.9350343,0,-28.450724,0.13306947,20,0.9505226,0.10040116,0.93180084,5250.0,8.295692
1120670393319026944,1.2686099,0,-23.43613,1.9195448,23,,,,3500.0,14.235241
1127352778316242176,1.0701836,0,,,,,,,,15.908754
1149034357341695104,0.82755804,0,-16.218086,0.2702211,19,-0.3922672,0.53984445,3.1609097,5250.0,10.975798
686054646817666432,1.1074392,0,-8.331785,4.787627,19,,,,4000.0,15.585989
703558837572815744,1.0744945,0,29.285131,2.175755,21,,,,3700.0,14.465954
763730229876575744,1.2413955,0,7.3266344,2.1828177,32,4.9450235,0.0026540866,35.057648,3500.0,13.585729
777803566395455616,1.4341924,0,30.235771,1.0570612,10,0.7949024,0.3112147,8.555796,4250.0,12.36969
779873534473601664,1.147881,0,,,,,,,,14.014015
874093846955804928,1.0903755,0,-24.422688,0.22991136,17,-1.5504181,0.9167997,2.3892956,5750.0,10.490818
881304272410900608,1.5622,0,,,,,,,,14.400295
902651359383822592,0.9376038,0,28.174803,0.5521176,12,4.5286403,1.0345856E-6,5.1407833,6250.0,9.262423
903073468769231104,0.95108783,0,62.936092,1.3492817,20,0.8861557,0.15981454,18.95829,4500.0,12.733869
906222435711329664,0.9954318,0,-33.487938,2.2150514,11,,,,3600.0,13.815284
950657514521089024,1.097105,0,31.301512,0.8238623,15,-0.12609826,0.52399755,9.441536,4500.0,13.124659
963986893984426752,1.0010893,0,-52.37031,3.3302798,12,,,,3600.0,14.17725
1156510761532264960,0.9585464,0,,,,,,,,13.110725
1183980410284786176,1.0995262,0,-103.268555,4.95163,9,,,,3200.0,15.446187
1261218830102448384,0.993996,0,-42.76551,1.1337128,21,,,,5500.0,13.009409
850084498733641088,0.9893711,0,-157.76033,3.6438367,16,,,,3600.0,15.038368
931305594476003968,1.1898793,0,-88.478645,1.9508874,19,,,,3600.0,14.099437
932923285318104192,1.0591918,0,21.803894,0.42503434,11,0.5280599,0.3617871,3.993475,5750.0,10.778137
981182396850228096,1.2016234,0,34.164318,0.86376595,30,0.59684944,0.36929932,17.216208,3500.0,13.426534
981182396850228224,1.0188862,0,35.7849,3.3539302,24,,,,3500.0,14.766801
1047062762763978496,2.277987,3,13.916527,2.7629898,47,179.90039,0.0,44.0399,4500.0,9.740477
1063406384635672704,1.1171957,0,-32.788467,0.602721,42,2.574552,0.6950612,11.084909,4250.0,12.720557
1065658562406219392,1.0196201,0,0.8264906,2.0935612,22,,,,3700.0,14.305713
1118233119637763456,1.303807,0,22.0557,0.26570794,21,-0.89642453,0.71609807,3.662838,4500.0,11.278172
669979889899498240,0.9529728,0,15.041939,0.44531065,22,0.5727847,0.24264778,6.3887234,5500.0,11.534275
690460424271103360,0.9698122,0,-32.92184,0.32659686,19,1.3451489,0.034698788,3.5542583,5250.0,10.504498
867655553540360576,1.0250483,0,-9.471171,2.6262238,22,,,,3400.0,14.925998
868264992218681088,1.246042,0,-33.71825,3.8351147,13,,,,3500.0,14.351429
877706361127018112,0.8051124,0,-23.592194,0.37925628,17,1.8474896,0.014489862,4.655699,6000.0,10.242126
895747246698885504,1.1313398,0,25.85403,3.1663613,13,,,,3800.0,14.166882
910102680965339008,1.0234424,0,54.280975,2.2210882,18,,,,3700.0,14.585861
1232484369311587456,1.0488138,0,36.797623,0.9507992,18,0.20738284,0.44677818,11.094109,4500.0,13.01183
1196329609491758336,1.0891653,0,,,,,,,,10.735712
1277414743750695936,1.1289512,0,-15.215337,1.1858828,32,,,,3600.0,13.812778
810069692891374848,1.221449,0,-4.8166766,2.8137197,24,,,,3500.0,14.687941
813833084970076288,1.0262073,0,-21.771101,0.31949162,21,-0.16382302,0.46228865,4.7602024,5000.0,11.1203785
819792300553639040,1.0890031,0,-2.85632,2.8744805,17,,,,3700.0,14.277771
828871655268833152,1.0105731,0,-11.910832,2.2793505,43,,,,4250.0,14.045686
852208063707509376,0.9277073,0,-13.486498,0.35494542,31,-2.0596447,0.9791428,6.247366,5250.0,11.800681
973429190606374272,1.1008463,0,-61.676105,1.0034995,18,0.29897895,0.92881733,8.2405205,4250.0,12.323603
976763803214706432,1.0530248,0,-24.46549,6.4773417,8,,,,3600.0,14.854701
988439959570748544,1.1360416,0,12.235358,0.884977,21,1.5809872,0.09497699,13.016803,4000.0,12.420151
988705976961089408,1.0483365,0,-19.054224,14.696575,13,,,,3600.0,15.717681
996120533623006976,1.1805544,0,3.8204672,0.18789756,14,-1.3224466,0.82265395,1.5753736,5750.0,9.551974
1031379775581802752,1.3057878,0,17.354544,0.5186246,19,-1.6576958,0.97036886,7.605459,3900.0,12.81153
1034929823749866112,1.2351933,0,-8.660494,2.5507178,25,,,,4250.0,14.354421
1083687907401619072,1.0875643,0,-89.237045,3.4835715,20,,,,3700.0,14.970611
1101137637971053696,1.4569787,0,22.437155,3.6048064,18,,,,3600.0,14.3564
1134109105470375936,0.90626067,0,-47.675163,0.38000292,15,0.46941304,0.3071903,4.181671,4250.0,11.531433
1136387224843887360,1.0177541,0,-12.197548,3.2324488,19,,,,3200.0,14.941034
681540189514091136,0.9614859,0,29.607817,0.3375246,14,-0.17421582,0.45203036,3.2989578,5000.0,11.264911
703084398305826048,1.2280394,0,3.7886765,2.8268585,12,,,,3600.0,14.503799
883595860802101632,1.0340178,0,62.593845,4.1475854,12,,,,3700.0,14.775036
956743929858005248,1.0046376,0,-12.013589,2.3880033,21,,,,3700.0,14.512381
1172915990414659328,1.0790795,0,-18.421738,0.24815615,8,1.0659319,0.05683505,1.2410774,5250.0,9.199076
1181404941735789952,1.0531042,0,10.2046175,12.389077,9,11.071293,0.24379894,15.368603,4250.0,13.286653
1242291428915912192,1.1003348,0,-32.84241,2.2387793,16,,,,3800.0,14.160458
1252168135709943808,1.1169965,0,19.887602,3.9993982,21,,,,3200.0,15.119329
1263684313124178176,0.98279375,0,-34.90251,1.4579468,24,,,,4000.0,13.686899
1388640996419065856,1.152826,0,-116.909966,1.8576142,23,,,,4000.0,13.738303
1402027103810431616,1.0114174,0,-3.3264444,4.1712365,23,,,,3500.0,15.449523
1404509904145750528,0.9534056,0,,,,,,,,8.327639
1490514871900796928,0.9946533,0,-8.612259,0.21238892,16,0.3655092,0.21502306,2.5211306,6500.0,8.858658
1542634265679117184,1.1220311,0,,,,,,,,14.028648
1678793215815947648,1.1022964,0,5.584247,4.2522216,15,,,,3300.0,14.721427
1775076212109728896,0.92888427,0,-13.511425,1.0262058,8,0.35868633,0.33733425,6.822051,4500.0,12.126949
1780980245953957376,1.0668577,0,-64.92373,6.069407,13,,,,3300.0,15.441344
1486387511408248960,1.1565907,0,-12.480087,3.4213738,24,,,,3300.0,14.321036
1497289959472202624,1.0927175,0,-59.091812,2.1154792,34,,,,3600.0,14.609379
1517088727913622784,0.94124174,0,,,,,,,,16.254675
1518484386126512384,1.0242743,0,,,,,,,,15.9675455
1526728833550148480,1.2997698,0,-28.634922,0.809002,29,-0.94943714,0.8020143,15.049648,4500.0,12.864334
1321051748917206912,0.9975891,0,-15.346529,2.6985087,34,,,,3900.0,14.591485
1323817261178477312,1.0446031,0,-17.679832,3.8172448,26,,,,3600.0,15.338732
1333439327952165248,0.9940599,0,,,,,,,,16.47709
1348285896022947584,0.97171336,0,-1.8136733,0.12811776,20,-1.0235898,0.6515411,0.7351258,5750.0,8.152379
1371345060039075840,1.120783,0,-0.63611186,0.28333503,19,1.6241615,0.02533467,3.6526167,5750.0,10.423107
1738190070899987456,0.8772342,0,1.7027617,0.6182227,20,2.1687849,0.010958526,7.8546705,5000.0,11.889222
1803697015179721984,0.8157098,0,15.735125,0.46169347,11,-0.30061322,0.5275677,4.263357,5500.0,11.146062
1410868100715517952,1.0144856,0,,,,,,,,8.512565
1430107389536765952,1.0218436,0,-42.056942,10.294776,18,85.534134,0.0,113.884865,6750.0,9.57666
1434227744938774656,0.867907,0,1.8938742,0.5670233,22,1.235662,0.07087565,7.882571,5000.0,11.935348
1541803034887135104,1.0536764,0,26.542074,3.370735,26,,,,4250.0,14.370701
1578016442484748032,1.0161897,0,-9.05914,0.6021531,23,-0.4277445,0.6547615,11.173021,4500.0,12.221224
1593537084199554560,1.3463032,0,-0.9678981,1.6438521,22,2.0467994,0.032293517,26.923492,3500.0,13.4224205
1610236260642857344,1.1109816,0,-28.082674,0.48681444,22,0.23974477,0.35352665,8.821472,3900.0,11.662357
1655257276070605696,0.9721293,0,-82.865944,0.6164688,21,1.9393,0.01787368,9.4579315,5250.0,11.567552
1658339585120212864,1.2969021,0,19.928265,5.8370895,25,,,,3700.0,15.600386
1720995598827435648,0.91745764,0,-16.662426,0.15011716,10,1.3023235,0.02695694,0.7411232,5750.0,6.465161
1778401994265673472,0.85172546,0,-4.126771,0.4633884,13,0.26301837,0.35918272,4.6344476,5000.0,11.536406
1796971577428704128,0.8080947,0,2.2281,0.6320688,15,1.3980474,0.2880949,6.196274,6500.0,11.298519
1516583429305723904,1.0214096,0,11.349192,1.4856142,31,,,,3700.0,13.854183
1518618835782597888,1.0919874,0,5.2695994,1.2319243,27,,,,3700.0,13.801733
1525430172878622208,0.96957433,0,-25.42394,2.207481,40,,,,3800.0,14.346465
1529304336460235264,1.6374141,0,-38.67011,0.26115113,86,-1.7925776,0.93091154,8.677368,4750.0,11.536602
1537100286215942016,1.2976234,0,56.796185,0.3758902,31,-0.72698873,0.64740187,6.531502,4750.0,11.917827
1342986902812223104,1.0683529,0,-23.935213,2.907104,27,,,,3900.0,14.509717
1371345060038702208,0.97329986,0,-0.46368098,0.27391666,15,0.23005906,0.29085112,2.3340354,5250.0,10.391503
1734836285557318144,1.0301582,0,0.983781,3.693054,20,,,,3600.0,14.85998
1385968667767264128,1.1208966,0,-19.619143,3.0375028,23,,,,3800.0,14.336887
1435941643048563072,1.0604653,0,15.655093,6.471112,20,,,,5500.0,15.162598
1441013514093789312,1.0927734,0,-41.082188,2.6721668,11,3.7072794,7.2229355E-5,25.961557,4500.0,13.355061
1503093044405110144,1.0880537,0,,,,,,,,15.845357
1619155498967288192,1.0323807,0,-34.411213,0.32689992,33,-1.1310588,0.7951049,5.6621265,4750.0,11.806093
1656470209194962048,1.3835084,0,-23.126875,9.69322,21,45.087254,0.0,102.82642,4500.0,12.995045
1708036686062218112,1.2646149,0,-9.556115,1.7824832,16,4.5670376,0.90663177,7.570964,4500.0,12.775927
1726344276219489792,1.439524,0,17.836918,2.4016669,17,,,,3600.0,14.289124
1760229850198530560,1.0562652,0,0.011472498,1.2861286,19,1.2274201,0.059954513,20.274212,5000.0,11.822661
1469606455707961088,0.9843079,0,-12.268042,0.30830583,30,-0.15340619,0.4023004,4.2718153,5500.0,11.08044
1519424228050044544,0.9294619,0,-20.329453,0.2455242,19,-0.101110294,0.3619973,2.934803,5500.0,10.289874
1526728833550673664,1.2763565,0,-29.03923,0.22009441,28,-0.59622544,0.51813114,3.5274487,5500.0,10.53667
1322265541034813824,1.3112752,0,-24.705688,1.7674028,20,,,,3700.0,14.00158
1333186852594475008,1.141153,0,-32.272736,3.4395022,20,,,,3600.0,14.520342
1340685315737063040,2.4239488,0,-15.535698,0.23134296,22,0.72566557,0.17290688,3.1442337,5750.0,10.390507
1348286651937191040,1.0395427,0,-1.9922588,0.16525921,22,-0.368246,0.35509384,1.493224,4500.0,10.127157
1734836281261208192,0.981632,0,3.5764594,0.5055787,24,-0.70798874,0.74219733,7.711098,4500.0,12.497623
1753170229636202880,1.1271453,0,-14.568702,5.510628,18,,,,3500.0,14.113236
1762461309047562368,1.1560935,0,-76.333954,0.23791407,18,-0.32367793,0.51587397,2.524498,5250.0,10.746927
1804387611561321600,0.9705556,0,-32.28658,0.17509073,13,1.9777173,0.0033415223,1.5230598,6000.0,8.28554
1811197982287925376,1.1169637,0,-7.103842,1.0733752,23,1.5087923,0.119646184,17.576668,4250.0,12.982478
1385806180564349696,1.1483283,0,-20.614973,0.54801935,23,0.69207585,0.9650194,6.1979504,4000.0,12.067698
1539502512964103424,1.1045547,0,-27.371592,1.4568911,28,,,,3500.0,13.995152
1568746842205304960,1.3393394,0,18.620705,1.2304909,34,,,,3500.0,13.841931
1593645970209882496,1.0265225,0,-8.058397,2.3865561,31,,,,3800.0,14.532266
1599361540888445184,1.1094234,0,-16.723143,2.6653523,18,,,,3400.0,14.516518
1599362296802689408,1.0471773,0,-14.079721,2.1421561,23,,,,3500.0,14.405297
1658183145231647488,1.056627,0,,,,,,,,15.707629
1690761090647005184,1.0029527,0,-39.46339,1.9737904,20,,,,3800.0,13.950005
1732147601669643776,0.8877245,0,-45.758705,0.22053303,19,0.49962476,0.9963516,1.6753922,6500.0,9.958119
1471061899865626880,0.9688484,0,-66.934654,0.18323785,23,-1.337567,0.75654835,2.1522675,5750.0,9.446535
1474187983221508224,1.7124157,0,-8.783393,0.30128905,40,-0.70598525,0.82138324,7.3752646,4250.0,11.999934
1322367280220293120,1.039011,0,,,,,,,,15.962683
1329124913043769216,1.1564654,0,-27.225376,3.8669078,13,,,,3400.0,14.535448
1379818034080918016,0.8827587,0,-22.460327,0.14665216,24,0.60659415,0.039948408,1.3534584,6250.0,8.288974
1748922296525519872,0.9611786,0,,,,,,,,16.031649
1754393470680796288,0.80594623,0,-35.948498,0.15096848,16,-0.85829616,0.64700174,1.3566551,6500.0,8.510865
1397043326839430528,0.92696446,0,-30.943623,0.19528857,18,-0.527131,0.4625192,2.1000175,5000.0,9.6919775
1407208792874403840,0.8182045,0,-24.188368,0.4539862,24,2.3722844,0.002676488,5.994728,5250.0,11.29147
1440770693821755648,1.1138628,0,-4.727431,0.698034,20,1.0801144,0.6532499,5.9325976,4500.0,11.967462
1492701525651343488,0.9738645,0,-27.854002,4.3184586,27,,,,3900.0,14.863733
1529587288904810240,1.0184907,0,-17.385204,2.519572,38,,,,3900.0,14.5100565
1539499592386343552,1.0804012,0,,,,,,,,16.05262
1543083553620064768,1.0964116,0,-22.681263,3.2850497,40,,,,3800.0,14.694814
1544004497688847104,1.3731037,0,-4.51289,0.5283088,54,2.8726199,3.7683203E-4,16.54974,5000.0,11.98279
1584035620107107328,0.9906343,0,-20.830637,1.0147208,25,2.2895243,0.006946228,14.504375,4500.0,12.928853
1669642839531630208,1.0594566,0,5.3317704,1.622636,21,,,,4000.0,13.622205
1674883902223953536,1.0086067,0,-28.329185,4.3455076,15,,,,3700.0,15.41688
1721957014370227712,1.4868896,0,-3.2233896,0.6715414,21,3.0031052,2.4875326E-4,11.121515,4500.0,11.579485
1745459728251933184,0.97022206,0,-14.666666,2.365569,17,,,,4500.0,13.778802
1760229811541931264,1.0146949,0,1.3803377,0.5347523,20,-0.69455516,0.6614617,7.633063,5000.0,12.05218
1768944029602475136,1.1466862,0,-68.46105,2.8320122,11,,,,3900.0,13.727809
1474184890845054336,1.0451794,0,-13.003777,4.4226465,24,,,,3400.0,15.190096
1476768433933264128,1.0302881,0,,,,,,,,15.924955
1321677920789214080,1.1228077,0,-2.110484,0.8331636,23,0.4051999,0.51931846,13.649872,4000.0,12.695858
1349108227640173952,1.1853616,0,,,,,,,,13.980356
1352598180626894208,1.0255378,0,1.877794,0.19017051,21,0.09989749,0.16453949,2.3181934,5250.0,9.6897955
1381302821455311616,1.1399801,0,-23.662794,1.0376401,22,1.0145773,0.2063062,16.737394,4250.0,12.651121
1737667180104906112,0.912036,0,-5.280592,0.34542754,13,0.11875625,0.39295685,3.0556736,5750.0,10.838774
1351009833001514368,1.0388119,0,-58.1336,0.21400361,10,0.97019625,0.04977039,1.6306038,5250.0,9.440839
1502437082639847424,0.867237,0,-22.724474,0.26695883,22,-0.19897652,0.46650338,3.4684734,6250.0,10.055443
1503304872191893248,1.0028502,0,-3.2893908,1.5555769,31,,,,4250.0,13.639618
1509538725164062976,1.1503012,0,,,,,,,,16.300213
1543921518920742656,1.0919336,0,-3.8394825,1.9149461,55,,,,4250.0,14.375467
1544003741768920832,1.1710244,0,-4.3265553,0.27098194,48,-0.45635405,0.47729576,7.319209,5500.0,11.0447235
1555391177542038400,1.0545733,0,-4.8574443,0.19261533,19,0.73925537,0.04826205,1.9739361,5500.0,9.375849
1628150603594646528,1.0869493,0,-10.277054,9.137843,20,,,,3300.0,14.902895
1656470037396271360,0.8126995,0,-10.756663,0.311268,18,-0.17162,0.51191413,3.5938663,5750.0,11.114711
1659638898626998400,1.0829893,0,-4.900036,1.6136978,25,,,,3700.0,14.044707
1701480641823737984,0.99659014,0,-14.341068,0.27696902,12,0.7581326,0.15341593,1.9117804,5500.0,10.506631
1703975914743228928,1.1016334,0,-32.93496,1.6233025,17,,,,4000.0,13.7330475
1719460470139661184,0.9671039,0,-31.353134,0.326892,19,1.1423627,0.14150573,3.5915546,5500.0,11.1094475
1744652652353977600,0.99940175,0,-19.741152,1.3006327,33,,,,4500.0,13.457656
1771254447131035776,0.9796119,0,7.038998,5.921666,21,,,,3800.0,15.3497
1775076585772105600,1.0128373,0,-12.280427,0.23202316,4,-1.2999202,0.87677586,0.7110176,5500.0,10.022603
1792838135262238208,0.89945,0,-52.0426,2.2578895,14,,,,4250.0,13.89801
1523466823068503424,1.0600305,0,-29.220982,1.0444711,36,,,,4250.0,13.162456
1523933806272689792,1.093257,0,-14.336255,1.7141577,31,,,,4250.0,14.010891
1538629054055041152,0.98496115,0,-12.591352,0.390312,14,1.9114921,0.008854623,4.011161,5000.0,10.758401
1325627400915634432,1.0771772,0,-15.407279,1.2242727,33,,,,4500.0,13.462398
1346250283387075456,1.0895576,0,-19.849842,0.5481535,17,0.21432434,0.33335578,8.015781,4750.0,12.037869
1762885376938083968,1.4433364,0,6.368371,0.286198,20,4.1634216,1.8154942E-8,4.0969195,7000.0,8.304012
1804387401104100992,0.9477795,0,-30.977564,0.32202005,6,1.2105306,0.13807522,1.4875469,5500.0,9.974084
1817360989776992512,1.0581728,0,-23.865479,0.23050873,17,0.9086641,0.03446787,2.5110626,6250.0,8.482711
1490513188273526272,1.0913454,0,-9.249202,1.4439558,28,,,,3700.0,13.824683
1493300037933933056,1.0554725,0,-20.671682,0.2478039,26,1.5041398,0.031655744,4.007782,6250.0,9.436528
1584330495381701888,1.0853083,0,33.474262,4.921709,21,,,,3300.0,15.171605
1586438499690782464,1.1894766,0,-13.564808,2.7375433,24,,,,3700.0,14.369304
1593535881608710784,1.184352,0,-0.9530386,1.028619,28,-0.10312798,0.6581692,22.722868,3600.0,13.346552
1605622057016597632,1.5895405,0,,,,,,,,15.38328
1622514300831397248,0.89505374,0,-25.785292,0.38032627,19,-0.9232105,0.72330046,5.3429813,4750.0,11.632397
1628840650220386560,1.2951277,0,-15.645336,0.3711757,45,-0.8754063,0.7685462,10.026971,3700.0,12.284095
1646717197458774144,1.0959917,0,-35.242676,0.22266595,21,-0.71559393,0.7103922,3.0095978,5750.0,10.578123
1647162293509783680,1.2159667,0,-31.4597,0.93128455,25,-0.40317023,0.7036276,14.887247,3400.0,13.685795
1647162396588999552,0.99483705,0,,,,,,,,16.585602
1690761090647005312,1.0159116,0,-39.625694,1.7123579,20,,,,4250.0,13.829255
1719460474435650560,1.3464384,0,-33.026237,1.2252834,19,3.2715695,0.016336378,9.163324,4500.0,12.416448
1726882212283055872,1.1032162,0,-6.61115,2.3292923,20,,,,3500.0,14.189629
1478998106077777664,1.1192269,0,-32.318035,1.832978,37,,,,3300.0,14.692219
1480869612304903552,1.0355246,0,,,,,,,,16.454514
1517089105870745088,1.1393577,0,2.220629,1.508845,28,,,,3500.0,13.957581
1300356053864952064,0.991972,0,,,,,,,,16.186962
1307655849000234496,0.98687667,0,0.6173674,0.3335764,28,-0.5746992,0.57056993,5.0644956,4750.0,11.814457
1321051748917205376,1.141196,0,-16.760218,0.60263526,32,3.0072238,5.389968E-4,11.804048,5250.0,11.938943
1321929846390816640,1.0390294,0,-10.019983,0.6840854,36,1.2596314,0.045819957,12.617283,4750.0,12.615293
1323818120171939584,0.9959186,0,-17.670137,0.7750282,30,0.16169034,0.65358716,16.629578,4250.0,12.774149
1327463825851820800,1.1334085,0,-2.8832464,0.66678333,26,-1.3507798,0.93087536,5.394805,4500.0,11.746808
1333186852594474624,1.5237641,0,-26.400343,6.4547534,15,,,,3600.0,15.277899
1352427996842670464,1.0606809,0,-27.234726,4.415933,22,13.321909,0.0011097351,26.496958,4500.0,13.047571
1356862391660504960,1.0850233,0,-17.398163,5.0772095,20,,,,3500.0,15.547995
1410951427376439936,1.2043043,0,-23.411789,0.73212606,23,1.7556144,0.06989062,11.772335,3400.0,12.778793
1559270185844660864,1.1981959,0,-17.048021,7.175088,21,,,,3800.0,15.244208
1580959805047090944,1.0580131,0,-15.707057,0.5398153,13,,,,5750.0,11.012208
1605622057017876992,1.6307307,0,-21.399178,4.7620234,26,172.72435,0.0,47.35372,5750.0,8.0616045
1703970314105875584,0.9471404,0,-32.74965,0.20580813,12,1.1853571,0.07643264,1.5139503,6000.0,9.58061
1740979153941955328,1.1536208,0,8.999233,0.21050712,25,-0.23702835,0.68773854,2.4374223,4250.0,11.001141
1482432155767129728,1.0926291,0,-2.5909839,0.14102876,34,0.7995084,0.020488216,1.899255,6250.0,8.451658
1523402226760424576,1.2611707,0,-23.27756,0.53511745,31,2.579052,0.0059190257,9.202446,4500.0,12.134389
1531975359439680000,3.6189559,1,15.6327,0.69053197,21,0.7436535,0.37230194,9.890942,4000.0,12.743048
1299783517544251392,1.2879031,0,,,,,,,,15.92446
1737381380098063616,1.0079021,0,-7.2352824,0.24077536,16,-1.06351,0.8085209,2.4530907,6000.0,10.491975
1748922502683963008,0.9944364,0,-120.79257,6.19441,9,,,,3400.0,15.410962
1749987585851186816,0.916744,0,10.42772,0.19870834,8,0.36864465,0.27882478,1.0613317,5500.0,9.340824
1419089767631510400,1.1673331,0,-18.73591,5.3387136,10,,,,3600.0,14.621421
1493300003574194304,0.9529607,0,-20.917124,0.26757422,34,-1.5528476,0.89584464,4.602461,5250.0,11.439854
1498453242774449536,1.1794595,0,-10.340433,3.4812381,33,,,,5500.0,14.672423
1557840167892962048,1.020783,0,-11.503838,3.3377352,22,,,,4250.0,14.385119
1566881452007203328,1.038353,0,-57.479675,5.7769365,18,,,,3700.0,15.614681
1584012221125279104,1.1062913,0,-56.43152,5.5330367,18,,,,3900.0,14.341647
1586436987862289792,1.1760522,0,-11.746345,2.759468,20,,,,3100.0,14.752324
1602402034136426752,1.0307939,0,-28.425177,0.12806596,25,-0.055097565,0.16017753,1.0637417,6500.0,6.7844477
1677856981665138944,1.0808187,0,-31.25783,4.2996073,20,,,,3800.0,14.68029
1684549949461529088,1.0132403,0,-0.795782,1.4234937,20,5.2225533,2.5550185E-7,22.124006,4250.0,13.107506
1684550052540744576,1.090826,0,-1.6660873,1.0103186,23,0.71336293,0.34069583,15.269651,4250.0,12.975625
1686701143961217024,1.0988363,0,-2.889832,4.8058095,7,,,,3500.0,15.138493
1707405532028732288,1.119077,0,-35.21831,1.4952234,19,0.9024166,0.28635865,23.624199,3900.0,13.464817
1708035208593467392,0.7697985,0,-9.676288,0.800219,17,1.285604,0.23830785,6.665153,5500.0,11.425591
1719835407900844544,0.89284503,0,-33.176846,0.2324426,19,1.6128418,0.0083742775,2.7874165,5000.0,9.7871895
1771254408475093120,1.4421303,0,2.4063497,0.30186465,28,-1.1800482,0.8914601,4.1606765,4500.0,11.811537
1790199715377069824,1.2569232,0,-5.1609206,7.278914,27,44.40169,0.0,98.57744,4250.0,12.867752
1796971573134339072,1.267474,0,2.5736237,1.9344305,16,3.7952178,3.403512E-5,23.759975,4500.0,12.893356
1444305829863259648,1.0014491,0,-6.115776,0.6222595,34,1.9936683,0.24722841,11.186833,4750.0,11.968457
1519777480520299392,0.94594675,0,-6.121766,0.2300975,23,2.2898836,8.6300453E-4,3.0615282,5000.0,9.943809
1523397828713912192,0.9991224,0,,,,,,,,16.75845
1524617187109299200,1.0725726,0,1.5516663,0.1573147,54,-2.5628483,0.9941577,2.6423807,6000.0,9.964731
1529304199021281408,1.0853443,0,-38.990788,0.44418672,80,0.56115365,0.43827534,17.36331,4250.0,12.580012
1299364328736130688,1.0478317,0,-7.2660966,2.0647767,36,,,,4250.0,14.146867
1327523817955224064,1.0485662,0,-2.2733862,4.5764384,25,,,,3300.0,15.02092
1737667115682701312,1.0069072,0,-6.586405,0.7599855,15,-0.1655066,0.59960073,8.517338,4500.0,12.7114525
1754393466386193792,0.8746028,0,-35.429996,0.2919519,15,1.2221416,0.06284933,3.2261658,6000.0,9.873221
1762349261940892544,1.0018269,0,-52.615135,1.7837428,23,,,,3800.0,13.837526
1814507409205891584,0.98259854,0,-17.78015,0.14326978,17,-0.64822507,0.46030447,1.1060944,5250.0,9.134838
1365454632651071872,1.1455586,0,-9.139844,1.7912297,23,,,,3800.0,14.044006
1366937392801395200,1.0007614,0,-53.80485,1.12144,24,,,,3900.0,13.336405
1402027481767553792,1.0105256,0,-13.803896,5.3610992,19,,,,3500.0,15.573539
1435941643048061312,0.9539156,0,13.221706,0.35738707,21,0.3929681,0.46165586,4.831073,4250.0,11.712379
1543083691059006592,0.9814517,0,-21.20531,0.22773626,37,0.19270621,0.6791696,3.0546856,5500.0,9.9654255
1543955191464260992,0.94350034,0,-29.277,1.7140899,41,,,,4250.0,13.7577
1543955191464261248,1.0464909,0,-25.275194,1.6584103,42,,,,4250.0,13.729436
1554963123921967616,1.0927838,0,-21.622335,0.2032032,24,0.8299378,0.054836426,2.6982975,5750.0,9.594339
1555388222603962752,1.0404228,0,-5.061183,3.891336,30,,,,3700.0,14.706299
1575501245212129792,0.9453402,0,-26.08949,0.15709685,21,-0.7235568,0.5333029,1.7192287,6250.0,9.121031
1578016412420369920,1.0310582,0,-6.636847,4.3175664,19,,,,3600.0,15.085
1593646588685155712,0.9616114,0,-8.812534,1.1688228,31,,,,4500.0,13.2390375
1641500667620665088,1.4779423,0,-8.858211,1.871096,32,7.609927,0.2605166,23.758497,3400.0,12.985551
1641502179449156096,1.1374726,0,-10.261095,3.0089436,26,34.20059,0.04233283,15.439385,3300.0,13.232928
1658338794846641536,0.9916343,0,12.944335,0.23121786,26,1.2519891,0.028051382,3.7933044,5250.0,10.370927
1693390813223092736,1.2699404,0,-31.518602,0.5622912,25,0.030127453,0.5973279,8.152023,4000.0,12.55114
1707406872058536320,1.0197879,0,,,,,,,,11.611803
1791519614662426496,1.2441943,0,-28.235949,2.2703943,22,,,,3500.0,14.003424
1458170435268706944,1.1252406,0,-67.29673,1.5564312,37,5.312359,6.4880656E-11,41.132263,5500.0,13.013615
1469674453630161792,1.1675999,0,-29.742216,0.3059487,31,0.727449,0.13046603,4.857256,5500.0,11.231521
1479430076707007488,1.3588916,0,-2.354657,0.19534492,34,1.6719108,0.00890797,3.791911,5500.0,10.285644
1483530155566231424,1.1540834,0,-9.410258,0.43357536,43,0.8291765,0.12768732,10.851212,5000.0,11.954187
1483530945840214272,1.0232682,0,-2.6479485,4.0777526,36,,,,5500.0,14.89303
1487353707251230464,0.93569475,0,-10.951523,0.16350566,21,-0.94565415,0.5805346,1.6119823,5500.0,9.6569805
1538629054055041664,1.005302,0,-3.625207,4.765136,14,,,,3500.0,15.213284
1302350151344234368,1.0846602,0,,,,,,,,15.775771
1318110658391578496,1.1760441,0,-34.267635,2.2050817,29,,,,3600.0,14.437355
1333439327952164864,1.1339673,0,-31.840582,1.5863048,33,,,,3600.0,14.132229
1405307359313262976,0.98354965,0,-17.031565,0.24274601,21,-1.3164678,0.8370599,3.9235477,5000.0,11.317033
1410303570213098240,1.0157202,0,-27.31339,0.21395504,14,-0.15689147,0.37760156,1.8069267,5750.0,9.575991
1551381292995198592,0.9834871,0,-14.867896,0.16628209,46,3.3865187,2.809231E-7,3.4237823,6500.0,8.02457
1559270185844660992,1.0990705,0,-19.207605,3.1413972,24,,,,3900.0,14.13685
1576860138505302016,1.0400938,0,,,,,,,,9.076434
1628852401250908544,0.89896846,0,,,,,,,,15.743273
1651646445525996160,1.7212567,0,2.887305,3.6372643,19,,,,3300.0,14.337989
1693390808926999808,1.1064363,0,-32.357693,1.2191168,25,0.55777305,0.9687114,9.270084,3800.0,13.146971
1732147597375502720,0.91889596,0,-46.334103,1.5974383,10,2.0991158,0.04618339,8.175907,5500.0,11.929901
1282815063829295360,0.92923814,0,-11.92478,0.121422164,28,-1.3340034,0.7165586,0.68657017,6000.0,7.562131
1282817022334383232,0.94400173,0,-11.59784,0.12398851,29,-1.1677485,0.6287222,0.97766495,6250.0,7.8391833
1478998106077777536,1.1510862,0,-32.34194,4.097952,34,,,,3400.0,15.161916
1519424021891614080,1.2658287,0,-19.404926,0.5729223,26,1.0114428,0.34991562,10.195793,4000.0,12.460936
1534089651581519488,1.1121894,0,3.6596336,0.25867182,29,-0.29452878,0.45674706,4.6537023,5500.0,10.833264
1537100286215941888,1.1065984,0,58.084167,2.8468008,24,,,,3700.0,14.230251
1277415293506499840,1.1485404,0,-16.390543,1.1967435,32,,,,3600.0,13.856138
1329124913043769344,3.1670957,0,-16.397404,6.901827,21,,,,3400.0,14.878109
1334189813357553280,0.95148873,0,-22.367542,0.74384683,20,0.4946878,0.21078554,10.779551,5000.0,11.854876
1738269854212128512,0.8549308,0,9.995499,0.26919526,17,1.0837308,0.04189146,2.9553118,4500.0,10.289339
1762347784472141184,1.0856034,0,-54.19178,2.3777711,21,,,,3700.0,14.382194
1764650642855685504,0.9022473,0,,,,,,,,15.098894
1381956103160846592,0.98511356,0,-30.388424,2.185521,28,,,,3800.0,14.49184
1410302818594624128,1.3024582,0,-26.523245,0.3652885,11,1.4623226,0.07520674,2.7030182,5500.0,10.316374
1419089767630857856,1.0667741,0,-18.756908,0.31547263,16,0.72079813,0.14147533,3.7641487,6000.0,10.09209
1420492778830303232,1.0316664,0,-65.605965,0.4579982,13,-2.0650241,0.97915184,4.8031883,5250.0,12.089063
1439028758165350656,1.1838655,0,-54.478092,0.5736541,16,1.2079552,0.20086022,5.888138,4250.0,12.185438
1503093044405110016,1.1180754,0,,,,,,,,16.007544
1563880090206811136,1.2311276,0,-66.61058,2.3373446,26,,,,3600.0,14.493566
1635326909830784896,1.2009279,0,-7.7109222,2.985922,37,,,,4000.0,14.525355
1659638898626998144,1.0645024,0,-8.614552,2.9769914,26,,,,3700.0,14.793609
1787232893703344384,1.0101024,0,13.5896015,3.746461,22,,,,3600.0,14.968105
1796451748948072704,1.0300506,0,-6.8787675,1.4252689,25,,,,3800.0,13.752031
1796451748948073088,1.9590762,0,-7.891717,0.32003185,31,0.74121016,0.18409233,5.1712184,4500.0,11.870964
1798862458253738624,0.9657768,2,,,,,,,,8.61208
1292979395993322368,1.0614594,0,-23.422104,1.4526266,30,,,,4000.0,13.669602
1447757132438826752,1.0551577,0,31.440382,1.6332707,32,,,,3500.0,14.09551
1458530353527563008,1.0568933,0,,,,,,,,15.628862
1484404885785912832,1.1281387,0,2.4352822,1.5658259,37,,,,3500.0,14.01361
1519777824117683840,1.1121805,0,,,,,,,,16.346148
1322796261553157760,1.0575922,0,20.229265,0.84284693,31,2.7367442,0.009765808,16.799683,3900.0,13.10841
1327535568985749760,1.4169112,0,-1.9644705,6.0164323,24,,,,3700.0,15.2201395
1335395427857282944,1.0245862,0,1.7233796,2.784589,24,,,,4000.0,14.391843
1340494309951729664,1.9434086,1,-16.446001,0.69336545,25,0.016858593,0.5722362,10.407127,4250.0,12.884322
1340685315737063296,1.2079912,0,,,,,,,,13.239801
1356861983639631232,1.1158174,0,-17.26854,1.1527596,25,3.0537322,0.0034628105,21.626175,4000.0,12.913298
1379818029788503296,1.1161277,0,,,,,,,,13.390531
1758456093127771776,0.9778407,0,0.62108994,0.5159934,26,-0.19218795,0.54679394,7.814598,6750.0,9.503651
1764650642857548672,0.89567316,0,-0.5104954,0.14948483,30,0.07475894,0.12992048,2.0202777,5250.0,9.438292
1803697015179722624,0.76647294,0,15.394655,0.31270605,11,-0.677765,0.69428116,2.8915377,6000.0,10.26321
1405319488300909952,0.96975195,0,-14.45084,1.2152983,21,1.8489472,0.03709468,17.72388,4500.0,13.0958395
1410868105010676736,0.969638,0,,,,,,,,8.363622
1413506069630515456,1.1410496,0,-46.231483,0.8643259,23,1.8515184,0.023777569,15.651924,4500.0,12.733409
1420492783123159296,1.11154,0,-65.17523,0.50149435,13,-1.4601632,0.8913043,4.8902283,5000.0,12.385957
1422789869072400640,1.0835068,0,-4.818134,2.3418906,17,,,,3500.0,14.060416
1440518669436791296,1.0377718,0,-34.154896,0.1265663,21,-0.4443508,0.37680426,1.0097694,6000.0,7.53186
1440770693823527168,1.6676704,0,-7.4383144,2.2572906,20,,,,3900.0,13.925027
1508375132624430848,0.94893676,0,51.811913,0.5206602,34,0.84457093,0.15132202,11.706905,4500.0,11.805901
1548207209084993792,1.0559106,0,2.29886,3.2928658,49,,,,3800.0,14.429155
1550848545251826688,1.0773647,0,-25.088192,3.9904704,35,,,,3600.0,15.547419
1568773436642804224,1.0109582,0,16.838848,0.12214627,32,,0.056165215,0.97127724,6250.0,6.0818057
1580778076392231424,1.060404,0,-27.242287,1.2955626,22,,,,4000.0,13.244347
1580959805047846016,0.9997972,0,-16.895927,0.52845424,12,,,,5750.0,10.95753
1584579156808340352,1.7299014,0,,,,,,,,12.099818
1655257482229036800,1.0190659,0,-81.84841,3.2660086,17,,,,4000.0,14.537368
1780980207298021120,0.8973901,0,-70.21732,0.33245692,15,1.6243457,0.020962376,4.3382187,5000.0,10.7614
1786151283499535488,1.0239058,0,-10.991024,0.2456139,13,-0.6631402,0.6028052,2.2360144,5500.0,10.345274
1786151416643805184,1.1889197,0,-11.053895,8.525719,13,,,,3900.0,14.590929
1792838272701192448,1.1166372,0,-48.069588,2.243344,16,,,,4250.0,13.891959
1465401540994137984,1.1632223,0,2.9262555,0.42931557,23,0.56383115,0.21693198,7.0341253,4500.0,11.994298
1469606283909297152,1.2586925,0,-12.534376,0.5366423,27,0.5682134,0.2112852,9.179644,5250.0,11.657508
1469674969026237696,0.99752694,0,-31.409222,5.7152624,27,,,,3700.0,15.061443
1473898846023673728,1.0629374,0,-23.232042,8.928663,23,,,,3600.0,15.399511
1523443389726935936,0.9986752,0,-31.36318,2.8094332,35,,,,3900.0,14.63836
1531978726694040832,1.1056532,2,2.8956084,3.2352114,22,79.15585,0.0,33.886368,5000.0,10.054026
1299364260016652672,0.95611656,0,-9.306487,0.17052656,47,-0.086733334,0.41154027,2.9109282,6250.0,10.2106905
1321930842823231616,1.0905352,0,-11.39703,1.7922596,39,,,,4250.0,14.192762
1738269854213155712,0.8806843,0,9.738207,0.2729622,16,0.4458733,0.1821831,2.5587244,4000.0,10.624498
1762891351237780480,0.9193173,0,7.200004,0.24212533,37,1.0486664,0.0729546,4.1684155,5250.0,10.8123665
1366832110268516992,1.005253,0,-40.35244,0.6230347,18,0.48935634,0.323364,7.708561,4500.0,12.351388
1407163197501583360,0.9084085,0,-24.08952,0.22203222,19,0.08956723,0.4063256,2.5085125,6000.0,9.767063
1408048579239829504,1.2061676,0,,,,,,,,14.7123995
1439028762461647104,1.0666058,0,-53.946033,2.7761204,16,,,,3600.0,14.753277
1492701491291604480,1.0223547,0,-26.887608,1.2599001,31,,,,4500.0,13.033804
1503608646638762368,1.3226682,0,-1.1875736,1.195161,34,,,,3500.0,13.785518
1511334021494095104,1.0258813,0,-11.734486,0.6593223,31,2.7253232,7.532261E-4,13.3948345,5000.0,12.103975
1529587288904810496,0.9611574,0,-18.701723,0.9875328,43,,,,4500.0,13.342278
1572085612341667200,1.0719311,0,-53.188854,2.5520535,29,,,,3800.0,14.575435
1576860138503995264,0.9019076,0,-11.750597,0.5072633,12,1.2298112,0.60868853,2.1520376,5250.0,10.570005
1602355133093554560,3.1773088,0,-28.214104,0.37437773,29,1.3556675,0.03762331,6.5617104,4250.0,11.063215
1619154399455660544,1.0732005,0,-33.753635,1.9323846,30,,,,3900.0,14.195024
1661149352725316608,0.83465934,0,7.4267316,0.26195148,22,0.38810572,0.49275342,2.8545089,5250.0,10.382825
1671614538758066560,1.0299485,0,-38.47295,4.4018087,13,,,,4250.0,14.228506
1678793215815947776,1.0063275,0,1.8792466,4.04627,15,,,,3500.0,15.17376
1682560726768295680,1.0453897,0,-60.898556,1.4972116,23,2.7219892,0.018145654,17.070389,5000.0,12.70135
1726344757255826688,1.060644,0,15.08627,2.7580125,23,,,,3900.0,14.427521
1797462505073680640,1.0484229,2,-13.77779,3.1336086,27,72.84691,0.0,37.305233,6000.0,8.857747
1798999587972107008,1.0283904,0,-4.452564,0.6882092,18,-0.31328073,0.49749538,10.100757,4750.0,12.227012
1292980942181549952,1.0161178,0,,,,,,,,16.176846
1340494309951847424,0.99814326,0,-14.238029,3.026204,22,,,,3600.0,15.069192
1347467790652209920,1.2913672,0,33.931854,2.5404549,23,,,,3700.0,13.8485155
1381588763198028928,1.0862155,0,,,,,,,,15.723668
1812699197911916544,0.9413504,0,,,,,,,,10.63076
1381958817580266112,0.962522,0,-34.065357,2.5629363,26,,,,3800.0,14.635109
1404509904145750656,0.9090484,0,-27.792145,0.8435019,11,-0.12886973,0.703158,3.1163921,5250.0,10.918432
1416076487295342848,0.97234315,0,4.5511026,0.17144908,20,-0.8369725,0.66856915,1.8238509,6250.0,9.695661
1422789869072399616,0.9918135,0,,,,,,,,16.02539
1434227779298512128,0.88705033,0,2.396379,0.3784302,20,-0.9446411,0.7500286,4.268112,5500.0,11.463352
1503304872191893120,0.9077031,0,-2.578868,1.0933665,31,,,,4500.0,12.954708
1551381292995198208,1.0820426,0,,,,,,,,16.170452
1563880094501998336,1.0382847,0,-65.90338,0.43969423,30,1.0325625,0.20934123,9.21949,3900.0,11.932738
1622511311534158592,1.1354446,0,-27.843845,2.387949,17,,,,3800.0,14.138154
1635326905534192896,1.2487295,0,-9.503105,0.62822884,36,0.65361255,0.5450252,11.344297,4500.0,12.295109
1649719860634512384,1.0371603,0,5.709736,5.9488125,15,,,,3300.0,15.438584
1649719860635544064,1.0594932,0,16.283379,7.6817975,14,,,,3600.0,15.391382
1677856981665138816,1.1427301,0,-30.151571,1.6397008,20,,,,4500.0,13.700943
1701480676183075584,1.1098071,0,,,,,,,,15.981284
1719835231806217472,0.9250158,0,-33.368546,0.2767517,6,-0.44068262,0.63854635,1.5427094,5500.0,9.724736
1721957053025663872,1.1545836,0,-3.629516,1.5858783,22,,,,3600.0,13.929551
1726883071276517632,1.1784868,0,-4.651343,1.8303672,16,,,,3600.0,13.48306
1742634911079667968,1.2730496,0,-43.578724,0.3150829,22,-0.623108,0.6605367,3.7491875,4500.0,11.8716545
1742634915374075776,0.9713081,0,,,,,,,,16.02911
1745459732544614272,1.126193,0,-9.646668,1.5299164,14,,,,4500.0,13.126224
1797459447056966528,1.1321291,0,-8.034404,0.71105504,37,1.6365222,0.047437664,15.403397,4500.0,12.778624
1444305937237949184,1.0757557,0,-5.8338995,1.1635876,33,,,,4250.0,13.460981
1457844086474813440,0.9138622,0,4.266519,0.19791459,27,1.7570964,0.0010010533,3.6510167,5500.0,8.802928
1514293322679497984,0.98179036,0,-12.638601,2.5401092,18,,,,3800.0,14.329693
1516583433602127872,1.0728606,0,11.645822,2.5748055,30,,,,3400.0,14.871198
1518484283047740800,1.0342969,0,-2.4613256,0.250487,20,0.07416569,0.2698357,3.0029328,5500.0,10.518047
1518617358313845888,1.019141,0,3.858946,0.14661464,28,-0.99766845,0.59990585,1.4858351,5750.0,9.533806
1534086421765263360,1.0625497,0,4.8187413,2.0204213,30,,,,3800.0,14.530215
1278427600118718080,0.91922075,0,-34.9867,0.27208787,30,1.3150915,0.035384193,4.487129,5750.0,10.249928
1300356809779196288,0.9854955,0,,,,,,,,16.012983
1346250322043635584,0.9369076,0,-19.915676,0.36148837,13,0.81307375,0.113354735,3.86302,5500.0,10.67606
1347617599111516800,0.94270223,0,-23.086424,0.42765746,13,1.0510284,0.0806241,4.160877,5250.0,10.827565
1360097708921947776,1.0828053,0,-17.212172,0.19076729,9,0.22219387,0.268074,1.1850777,5250.0,9.272931
1817360989776993792,1.0656494,0,-24.261766,0.22141348,13,0.31742883,0.26370826,1.7787704,5750.0,9.9476185
1385806180564349312,1.4214679,0,-20.43944,1.2257622,22,0.317337,0.43048885,18.892572,3800.0,12.837891
1410952183290684160,0.9944736,0,,,,,,,,16.511055
1413506142642958720,0.99424374,0,-46.940628,0.8563466,24,2.0182853,0.51242334,6.526207,5000.0,11.698267
1502436704683181056,0.9960881,0,-21.513914,0.38963372,17,0.6172922,0.1383617,4.8793907,5500.0,10.49134
1555246797921188224,1.1315341,0,-16.487722,2.5605326,26,,,,3600.0,14.995587
1565228851671953664,1.0291781,0,-17.230295,3.8368385,16,,,,3600.0,14.959316
1566882139201970432,1.130452,0,2.7268748,4.9040313,16,,,,3400.0,14.815078
1575498290274629376,1.0118653,0,-29.203207,4.9437013,25,,,,3700.0,15.302913
1630886085444664064,1.1060371,0,-41.578518,5.3109293,15,,,,3500.0,15.603502
1794045742626983552,1.1013659,0,-20.965569,3.1265664,11,,,,3300.0,14.791623
1798999519252630400,1.2766172,0,-2.9758594,3.0007052,14,,,,3800.0,14.476221
1486387923725111552,1.087267,0,-11.169387,0.5168953,36,1.6773705,0.08909947,12.08568,4250.0,12.232684
1522975066493444608,1.3127936,2,-3.2931683,4.2048945,41,58.44971,0.0,60.618538,5750.0,11.242034
1297374281409785216,0.9762626,0,,,,,,,,16.179113
1302350155640758016,1.0986105,0,-7.306837,2.4125707,41,,,,3600.0,14.554382
1342987040251170944,1.1064491,0,-24.181776,5.7273993,18,,,,3500.0,15.183145
1347467820715251584,0.8577054,0,29.333048,0.4616732,19,-0.09626449,0.67297137,5.0306206,4750.0,11.295879
1347617594816572544,1.3000731,0,-16.332191,4.7667637,14,,,,3900.0,14.473626
1349108227641301120,0.9275182,0,-62.590755,0.12559408,19,0.33279124,0.2006954,0.5558777,5500.0,7.5064898
1352598249346371840,1.18716,0,3.8943596,2.0039895,24,,,,3300.0,14.159968
1381594776152243584,0.9866708,0,-0.271407,0.6987015,26,-0.86119473,0.88120806,12.6015835,4000.0,12.987382
1385969007068622208,1.0374111,0,-20.224033,0.6291499,24,0.21212643,0.3880113,9.128574,4500.0,12.3134775
1416074945403209728,0.9712042,0,4.445088,0.2222614,18,0.25665024,0.2307013,2.8914123,6000.0,9.690571
1503608646638762624,1.2735304,0,-2.147563,0.25444883,33,-0.18423799,0.46193895,5.13995,4250.0,11.40377
1509538690804324480,0.9020995,0,2.452465,0.14816101,25,0.28060916,0.19303533,1.5488158,5750.0,8.853416
1511334021494095360,1.0402032,0,-11.749441,0.4672337,33,0.04698272,0.32601333,8.877539,5000.0,12.164788
1529922639951516032,1.1246983,0,-11.948037,2.5646617,30,,,,3700.0,14.773416
1541803137966350720,1.0086446,0,24.848007,3.3922951,30,,,,3900.0,15.051241
1548207277804471168,1.0082587,0,-1.854682,1.1801465,52,,,,4250.0,13.480891
1554963123922631296,1.1818101,0,-21.614279,0.3229266,35,0.4427344,0.17667453,6.377283,5500.0,11.272856
1628150603594631296,0.96461886,0,-5.1977897,0.17725047,24,-0.9539414,0.5909788,2.1236148,5250.0,9.925074
1651645517813056384,0.9075041,0,-4.9070864,0.1264052,25,-0.47591013,0.36083028,0.8249779,6000.0,7.617218
1669642908251107840,1.0766429,0,9.156466,3.7243094,23,,,,3600.0,15.212302
1674884005303169664,1.166433,0,-28.39327,2.0875218,18,,,,3700.0,14.306245
1686701247040433024,0.8638609,0,-43.730564,0.33961096,14,0.103768505,0.35314453,3.235382,5250.0,10.897712
1729328556936578048,0.96981436,0,-10.321173,2.314876,16,,,,4500.0,13.960628
1740979153941955840,1.0781982,0,10.743813,4.5813503,18,,,,3500.0,15.438631
1787232889407699200,1.0295883,0,15.269885,3.8207624,20,,,,3600.0,14.906421
1791518721309223936,1.1513842,0,-29.46426,1.2730716,25,,,,3800.0,13.570444
1447757063719350144,1.0298011,0,32.01249,1.3245267,30,,,,3600.0,13.885987
1457356414409307648,1.7370266,0,-26.7627,0.85498583,27,1.1855867,0.9985367,5.685583,3800.0,11.989709
1457357861815380608,1.3631371,0,-29.520256,3.7453582,12,,,,3500.0,14.569796
1457844086474813184,0.9601545,0,4.6078687,0.13626127,43,-0.148856,0.15070562,1.9353089,6000.0,8.453333
1465401545285657600,1.2028214,0,4.002477,2.720808,19,,,,3700.0,14.441094
1476762627137479552,1.0822898,0,-0.53190786,1.3248943,55,,,,3900.0,14.00246
1514293116521067520,1.0588752,0,-13.550525,1.4283786,22,,,,4500.0,13.513276
1524617187109299072,1.6039631,0,2.8004203,22.2415,40,80.377716,0.062215,14.477779,4500.0,12.721755
1307654302812006528,0.96056116,0,5.106525,10.719505,21,,,,3800.0,15.470938
1322796261553165824,1.008595,0,,,,,,,,16.677011
1327463825851820928,1.1844007,0,-3.4717164,0.56884664,26,1.0532575,0.38123456,6.975121,5000.0,11.5765295
1344905477586895872,1.323515,0,12.842466,0.79309833,23,1.031298,0.07169871,12.248205,5000.0,12.3722315
1360099628770444288,2.754627,0,-17.1667,3.2687454,17,17.292747,0.0,34.443615,3800.0,12.48773
1378360116022680448,0.9388027,0,-53.494553,0.13070706,21,-1.0413046,0.54996896,0.97927856,5500.0,8.749998
1749987585854235776,1.1407199,0,10.86112,0.49019915,11,-0.7705865,0.7390701,3.7673092,4500.0,12.012344
1366937117923487232,1.0268027,0,-52.160534,1.2061032,22,,,,4250.0,13.423872
1388640240504821376,1.0070808,0,-114.80966,1.687835,23,,,,4250.0,13.42975
1529922639951561216,1.1191118,0,,,,,,,,16.33774
1557839996094270080,1.0262879,0,-11.989038,2.4492686,20,,,,4250.0,14.044192
1565228851671953408,1.0358078,0,-5.7192473,4.957433,20,,,,3600.0,13.893526
1572084959506637952,1.0961142,0,,,,,,,,15.858291
1610236260642871552,1.0544071,0,-28.133581,0.35310102,21,-1.2772636,0.80204487,5.0809784,3800.0,11.70477
1658183213951124096,0.96965986,0,-12.754576,1.5457239,28,12.836508,0.0,18.456518,5000.0,11.091922
1686170870119133440,0.8808466,0,-45.99289,0.5536108,19,2.0888214,0.0067379535,9.08511,5000.0,11.389614
1707435837317143680,0.9422244,0,15.597723,22.425714,16,63.54365,0.0,234.61871,3900.0,11.482256
1720995598827436928,0.9938868,0,-16.09454,0.15346876,12,1.6425418,0.012994575,1.0360346,5500.0,7.1368527
1733811880021790592,1.0881355,0,-38.009552,0.64183563,21,-0.24164474,0.6966921,9.44128,3600.0,13.168933
1733811884317191040,1.0553776,0,,,,,,,,16.205257
1738415642581677952,1.0574161,0,28.74591,4.15743,16,,,,3500.0,15.285292
1768944025310382976,1.0376407,0,-69.600655,4.5219574,11,,,,3800.0,14.485766
1790199341715399296,1.0499368,0,-4.847023,2.8474014,28,,,,3800.0,14.770181
1794045948785413888,0.9080818,0,-19.391323,0.23301376,13,-0.21571817,0.46771586,2.3886032,5250.0,10.392238
1458170435268707072,1.3709173,0,-66.447296,0.66908425,38,0.4676064,0.88798624,8.582272,5000.0,12.243116
1473898846023673472,0.8884015,0,-1.3188933,0.23218367,24,1.1938272,0.0561809,3.2584972,6000.0,9.851745
1484403339598200192,1.8722149,0,0.6039384,0.5688456,41,0.16795495,0.60356647,11.74502,4000.0,12.856521
1312790190344390400,1.7044384,0,-15.847837,4.824762,21,14.13951,0.0,63.57301,4000.0,13.270914
1312790396502820480,1.4715396,0,-24.514595,1.4876316,22,,,,4250.0,13.267218
1320379809873587968,1.281584,0,-131.10213,0.24586368,30,0.056793667,0.38326988,3.7043,5750.0,10.553238
1344905481883050368,0.96364474,0,13.502339,1.2778835,23,,,,4500.0,13.057352
1352381027080312832,1.0173984,0,-25.971443,0.22923067,20,0.80701447,0.09516847,2.9693317,6250.0,9.571997
1378360047303203072,1.0369081,0,-51.06016,5.401858,24,,,,3900.0,15.147686
1753168786527194752,1.1195744,0,-12.793272,4.3992934,19,,,,3600.0,14.285149
1758408784065624320,1.0594782,0,0.8637454,0.515535,28,0.77192557,0.15264197,10.055489,5500.0,11.286792
1351009833001514240,1.1629956,0,-57.013405,1.7302663,11,,,,3700.0,13.797265
1397042639644659968,1.035138,0,-31.067135,2.7552986,20,,,,4250.0,13.987463
1430107496912522624,0.98930144,0,-5.604873,2.884566,21,19.853905,0.0,46.521614,5000.0,11.815218
1440425863783337856,0.9862361,0,-33.661087,0.13159627,22,0.42538932,0.14137284,0.8602867,5500.0,8.261458
1498453002256280832,1.0933349,0,-8.638616,0.49697077,36,-1.9134302,0.9733419,10.09762,5500.0,11.5530405
1542634265679117312,1.0639305,0,-10.043378,1.4395907,12,0.005261126,0.39891875,16.18832,5000.0,12.252519
1550848820129715712,1.0345086,0,-25.903008,0.17660412,28,-1.5446633,0.93370277,1.7506294,6750.0,8.434333
1557577144095619584,1.0557917,0,-9.60634,1.3857577,29,,,,3900.0,13.543712
1557579617997372544,0.9398567,0,-9.718024,0.270509,15,0.80694366,0.110243715,3.0195675,5750.0,10.046769
1580778213830765824,0.9882466,0,-25.404137,2.3931916,21,,,,3900.0,14.190524
1584330598460916352,1.0884125,0,-2.4838912,6.664452,23,,,,3300.0,15.023979
1584579156808340224,0.9901551,0,-39.145145,0.17874639,14,0.71326685,0.061861582,1.8458443,6250.0,8.468917
1623269596600549376,1.0305717,0,16.437136,6.192548,19,,,,3800.0,15.046268
1671614156505163776,0.8907849,0,-34.934185,0.32107082,14,-0.026929889,0.3824942,3.1208115,5500.0,10.615036
1686171213716517504,0.8390987,0,-45.92043,0.34954926,17,2.6218076,0.001111501,3.8281517,5250.0,10.804229
1706945626930200704,1.0351635,0,1.267309,1.372394,22,0.57388854,0.47202772,11.714256,4500.0,13.132825
1706946726441828736,0.9287009,0,0.32901746,0.16099039,19,-0.42109233,0.39979038,1.4851277,6250.0,8.738709
1707447828865833600,0.877903,0,18.205679,0.18336369,8,0.24578203,0.3063216,0.87861824,5250.0,9.014059
1729328556936578176,0.7665338,0,-9.617157,0.37836573,18,0.4288797,0.27963004,3.5452785,5500.0,11.155781
1744653515643784832,0.91277885,0,-20.098053,0.8749579,29,0.7339154,0.19594054,12.925428,4500.0,12.831896
1798862149016093568,1.0587665,0,-33.86219,1.0750688,32,,,,4250.0,13.460589
1480869951608349312,4.358147,0,,,,,,,,12.543751
1487353947769397376,1.1758994,0,-11.244022,2.0230486,24,,,,3500.0,14.614989
1278427600118718208,1.0363754,0,-29.74276,3.2975707,33,,,,3800.0,14.834147
1322265541034813696,1.4090575,0,-23.767406,1.7287558,23,,,,3700.0,14.034922
1334189710278341120,0.8304242,0,-23.756275,0.5327685,25,2.2247171,0.003568438,8.845728,5000.0,11.383493
1335394156546964096,0.9757608,0,-2.2696102,0.28126392,22,1.0305538,0.09066898,3.5808856,5750.0,10.413728
1382053238141320192,0.9922954,0,-23.701391,0.80381405,21,1.0621415,0.2050751,13.174899,4500.0,12.420636
1738213607320774144,0.9810114,0,-0.5536677,2.5018983,21,,,,4250.0,13.922859
1814507413504376960,1.0025816,0,-16.942743,0.22180815,21,0.4938752,0.18709038,2.6751614,6000.0,10.000007
1365457656308049536,1.0344086,0,-6.815879,2.038092,23,,,,3800.0,14.241189
1366832114562585088,1.0651389,0,-38.49734,1.9750167,20,,,,3800.0,14.118512
1408048751038565248,1.0940536,0,-47.38327,5.511179,15,,,,3400.0,14.550277
1441013518388420352,1.1600747,0,-39.62631,0.66456276,12,-1.2410734,0.8832815,6.310425,4500.0,12.669081
1508375128328518784,1.1185572,0,52.83582,0.98663014,32,2.3849623,0.042524744,15.565308,4250.0,12.734912
1543921514620247040,1.0532767,0,-2.9258761,4.5949326,56,,,,3900.0,14.5659895
1555246797921188352,1.170056,0,-20.528576,2.2868412,28,,,,3600.0,14.505403
1623269562240809856,0.7869717,0,11.675634,0.3688018,20,0.58311886,0.22043584,4.4134674,4750.0,11.536215
1630873784658324608,0.97470707,0,-31.33022,0.20968612,11,1.5974412,0.41126406,1.0778027,5500.0,8.707416
1646704999751652608,1.0223097,0,-35.474762,2.304897,23,,,,3800.0,14.648646
1661146397787815680,1.1251161,0,5.379007,2.8568377,21,,,,3600.0,14.564634
1682560898566988032,0.94982845,0,-60.782696,0.8360046,23,1.7523742,0.012043534,10.478531,5000.0,12.497739
1738415642581678976,0.8926742,0,30.881716,0.14098099,21,-2.756982,0.9902169,1.1047668,5500.0,10.079637
1778402062985153792,0.99343175,0,-3.6394925,0.9283526,14,0.7779912,0.22887465,9.91049,4750.0,12.321449
1458530456606750592,1.1164815,0,-24.357973,1.5137486,30,,,,4250.0,13.435753
1471061899865627136,1.0457364,0,-64.56669,5.3881073,23,,,,3500.0,15.298234
1497289718954033408,1.0424767,0,-49.216194,20.245173,26,,,,3600.0,15.33649
1522975066493444096,0.99964505,0,,,,,,,,14.973296
1523937070447822080,1.0122658,0,-16.096985,0.20404688,28,0.32092017,0.15194401,3.4771624,6250.0,9.330685
1525383134396820864,1.0528742,0,-26.138355,3.3144615,34,,,,3700.0,14.982576
1278222850437250944,0.9833202,0,-24.410048,3.9967723,30,,,,3600.0,15.1666155
1278222919156729728,1.0326935,0,-28.91521,0.15204765,26,-0.53386587,0.40172353,1.9798832,6250.0,9.031213
1297373628574754944,1.0380539,0,7.229214,3.1401527,23,,,,3600.0,14.87774
1299783483184513152,1.0332781,0,-19.693592,0.8058375,36,-0.049142763,0.6328378,16.28542,3500.0,13.210375
1318110658391578112,1.0689752,0,-34.4488,3.005239,25,,,,3500.0,14.686889
1320379741154111104,1.0119057,0,-129.91594,0.5116014,30,0.6620946,0.15835486,9.28109,5000.0,11.991233
1321677920789034752,1.1444423,0,-1.8879852,0.43478757,19,-0.063355476,0.49852133,5.310299,4500.0,11.648183
1322367486378683520,0.99483615,2,,,,,,,,9.084032
1325627607074065408,0.94902855,0,-16.548458,0.33678693,31,1.3127626,0.07250094,5.451089,5750.0,10.92064
1737381380098946304,0.9050989,0,-7.5659037,0.49320608,9,-0.1073533,0.43873474,3.6995625,5500.0,10.732374
1762461893163118464,0.9306914,0,-75.798775,0.25227943,19,-1.0269902,0.9976328,2.0797653,5250.0,10.734016
1818325433273726464,1.0026249,0,-15.756171,0.21826433,17,-0.35275277,0.41536826,1.9123421,4750.0,10.465261
1942384872124424832,1.1157066,0,-9.099514,0.23802507,26,-1.5740778,0.91707736,3.5220141,4000.0,11.500512
1979330975391056256,0.9978642,0,-9.942509,3.7180188,23,,,,3700.0,15.063259
2066634981758377728,1.0534415,0,-33.39888,4.449407,11,6.208697,6.6871064E-11,41.740772,4500.0,13.056078
2070208287174276992,1.0409929,0,-16.93867,0.51253635,23,0.76701874,0.30444923,6.617384,3700.0,12.322762
2124611233459003904,1.0711383,0,-33.210384,2.7624066,26,,,,3700.0,14.753154
2135661703276522240,1.128184,0,-38.655834,0.6951168,14,-0.36665958,0.5244454,6.640751,4750.0,12.420506
2158715782049718784,1.010436,0,-27.096453,2.2985182,19,,,,3600.0,14.283284
2220888766556694144,1.0431155,0,-18.148985,1.9581443,20,,,,4500.0,13.607645
2222714402536874112,0.92076766,0,-14.890433,0.12653197,20,-1.4802699,0.8169283,0.67280865,6250.0,7.916853
2231008912097040640,0.91305816,0,-19.011719,0.2634367,23,1.1213461,0.11471179,2.8252258,5500.0,10.12236
2255777507454919424,1.0968072,0,-62.624863,1.0798178,42,,,,4250.0,13.45749
1890005448143120256,1.0409044,0,-10.862407,1.0726713,14,-1.0207433,0.8836028,13.142977,4000.0,13.473268
1908294862000674944,1.0425698,0,-37.37519,4.1800194,26,,,,3300.0,15.053087
1947680399301009152,1.4066254,0,-14.589514,1.2657211,32,,,,4250.0,13.53515
1948356598951857280,1.54603,0,4.5058064,0.2893787,51,0.9622774,0.05475157,9.22052,5000.0,11.329837
1828299515601177856,1.0131688,0,-42.623573,1.3176397,38,,,,4250.0,13.804899
1830940886098612352,1.0947694,0,-22.470146,4.707259,18,,,,3600.0,15.110449
1842057154807657088,1.1119337,0,15.346823,4.6519194,21,,,,3300.0,15.654733
2075037891998301312,0.92587054,0,-21.252432,0.79373014,11,-0.017881852,0.55281925,7.390316,4000.0,12.104166
1943785551159767040,1.0204434,0,-63.45535,4.021865,10,,,,3500.0,15.377318
1958277556795046400,0.9529249,0,-19.155798,5.8186307,13,,,,3500.0,14.962784
1967282939282261120,0.8585821,0,-24.249493,0.17081712,25,-1.253035,0.7136113,1.6671925,5500.0,9.853745
1969613663418914176,1.6396459,0,-8.512864,2.7091672,20,,,,3500.0,14.702783
2067274515272929536,0.8749545,0,8.812042,0.58559316,16,3.3424113,3.7156336E-4,6.8901863,6000.0,10.297582
2084820216897490560,0.8446782,0,-1.7303461,0.91644317,21,3.5341582,5.0000333E-5,13.604982,5000.0,12.061857
2086185535458177408,1.1367396,0,-19.19721,0.71448827,19,1.1677182,0.5553105,7.9740562,3900.0,12.9204855
2115419453690179840,0.891331,0,7.285088,0.44334546,10,1.4356322,0.032403264,3.4918203,6750.0,8.499926
2130043576817964672,0.96043897,0,-17.202265,0.20929804,14,-1.3755132,0.8488141,1.9580135,4000.0,10.730052
2169119322418793600,1.1322562,0,-13.2520075,0.67662996,12,1.7514048,0.05105973,5.88138,3500.0,12.452642
2170420598726961664,0.92629147,0,-11.425028,0.23476286,20,0.26493934,0.19548818,2.9387798,5500.0,10.299907
2181282635437844480,1.1426134,0,2.2294192,0.8213111,18,-0.9083425,0.7991586,10.56015,4500.0,12.872927
2207128034938313216,0.9768183,0,-15.57179,3.5056887,11,,,,4250.0,14.10982
1847005232010481152,1.0118887,0,-53.853897,2.5447226,27,,,,3600.0,15.317667
1892641561630580352,1.2204278,0,6.2958574,0.6058247,24,1.1350876,0.51384175,5.7086535,4250.0,11.8097
1949592175146614016,1.0795509,0,-17.229841,0.25748563,43,1.5291411,0.0468674,5.449065,5500.0,10.702981
2040611190802316032,1.1356832,0,-7.998626,6.0254273,19,,,,3500.0,14.573787
2104916403229129984,0.92226404,0,-4.240757,0.35771653,17,1.0183976,0.07070517,3.622767,5000.0,11.0360155
1983169542269925888,0.990707,0,-28.29667,0.29572475,31,-0.53021884,0.61381763,5.5880585,5750.0,10.833607
2066634977463880064,0.9888733,0,-29.405617,7.0293994,12,14.519811,0.0,76.83581,4500.0,12.908824
2137904054163752064,0.967308,0,13.354262,0.66091675,20,5.855814,0.21421221,4.7032776,5750.0,10.7558
2139400038512607744,1.0924,0,-24.318295,1.4239681,20,0.76338196,0.20219313,23.027147,4500.0,12.707014
2149420162854838912,0.8290603,0,-8.937177,0.37465793,19,-0.75890285,0.734918,4.2812905,5500.0,11.439541
2195257226368732928,0.9280722,0,-22.23308,1.3189573,21,2.9515524,2.3604814E-4,18.377625,4750.0,12.670242
2200588071059539328,1.1743267,0,-1.5520904,0.6534784,23,-1.537987,0.97769314,8.172497,3600.0,13.099289
2201544130782763392,1.1157647,0,6.6519337,7.164846,14,,,,3500.0,15.272161
2258122280423470080,1.1117607,0,-42.193413,2.017925,20,,,,3700.0,13.943607
1885707697708559104,1.1368171,0,22.981598,1.544152,25,,,,3700.0,14.099453
1888258805204818688,0.93365335,0,-2.7097135,0.15547623,42,0.83514535,0.06436531,2.2310066,6500.0,8.9132595
1898901798586880256,1.1912355,0,-43.5656,0.27588302,33,1.2301462,0.093772784,4.5655823,5750.0,10.67958
1910873388564684928,1.0406339,0,-12.961487,0.2866363,11,0.23140049,0.24740131,2.3034048,5500.0,10.05517
1923760386397475456,1.1196041,0,,,,,,,,13.55105
1955909831519838080,1.2372913,0,1.9093051,0.19595058,43,2.6554775,8.7684835E-5,3.726338,4500.0,10.312966
1819293587618388224,1.0789723,0,-27.858263,0.4297014,20,-0.59213674,0.8010594,4.59,4250.0,12.121985
1819293690704484992,1.0839832,0,-28.05806,0.13943897,24,-0.6660596,0.59950364,1.2241077,6750.0,7.662422
2030218057178604416,1.097624,0,20.047773,3.735863,26,,,,3600.0,14.983558
2037471947670536320,0.87852424,0,-55.874756,0.16770771,18,0.77267355,0.05907067,1.1961136,6000.0,8.585364
2047203171031884800,0.8183176,0,-58.38031,0.45311138,17,-0.530614,0.9535011,2.414997,5250.0,11.2742195
2110300814747453952,1.0761688,0,-22.536156,2.6750658,29,,,,3800.0,14.5537405
2072164803722080000,0.96185154,0,-48.807022,0.22330424,10,0.5434506,0.1250248,1.5900269,5500.0,9.428067
1981155202625787392,0.84798014,0,-23.550795,0.19223306,14,-2.2188866,0.9796185,2.0196857,6000.0,9.857305
1984176110804383744,1.0243793,0,13.896379,4.398458,32,,,,4000.0,14.775671
1999343392676465024,1.6652371,0,,,,,,,,15.5367
1999343701913999488,0.99947107,0,,,,,,,,15.149602
2005751857535810176,0.9971594,0,-0.5569437,1.5240587,24,3.33843,2.2154371E-4,30.35567,4500.0,12.90415
2007133913604186624,1.0069083,0,,,,,,,,15.66208
2015759616676220928,1.1804835,0,,,,,,,,11.123162
2079175839595234432,1.0479157,0,,,,,,,,15.128872
2192198797339658112,0.9784071,0,-29.304276,0.3345584,19,1.3802056,0.35804647,3.2657604,4750.0,10.5816145
2195798598407412608,0.9824821,0,-18.731705,0.6043851,10,3.0434887,1.00179706E-4,4.991989,5500.0,10.078377
2220898524722070784,1.0458497,0,-14.060861,2.633501,21,,,,4000.0,14.101802
2223560339294971264,0.96345073,0,0.5262753,0.20096134,17,6.3605886,1.2212453E-15,2.3648577,5500.0,8.410931
2226062930838591232,1.7316986,0,,,,,,,,15.78838
2233920040931159680,0.9398073,0,-82.42684,1.0867974,24,,,,4500.0,13.084657
2237989505265035264,0.9913587,0,-37.287544,0.23477367,13,-2.0698144,0.9788923,2.188942,5500.0,11.129033
1889825952869804928,1.0818974,0,,,,,,,,15.362104
1895968305860407040,1.267986,0,-44.406883,0.33972424,30,1.0163959,0.06028316,7.0270195,5500.0,10.827363
1902995765708923264,1.0560335,0,,,,,,,,15.899844
1947680399301008896,1.1698599,0,-14.94715,0.32685143,32,0.91690916,0.06854078,7.185714,4750.0,11.48323
1837550183626334848,1.0052882,0,,,,,,,,9.041734
1856839401458465280,0.98151463,0,,,,,,,,16.10507
2035602365616305280,0.97028255,0,-28.784985,0.7639968,12,0.7460776,0.16824222,7.2191105,5500.0,11.485911
2051020301742445056,1.0568275,0,-59.63699,3.7362156,18,,,,3600.0,15.169062
1869667644133937280,1.0453064,0,,,,,,,,16.145727
2061036715236407808,0.85116434,0,0.110937685,0.46095553,22,-0.45525825,0.6175056,7.2138033,5000.0,11.969473
1938247654684985216,0.9370157,0,-15.438632,0.138899,20,0.2758303,0.15728472,1.0489779,5750.0,8.382698
1945086685732402048,1.6093769,0,-0.085828036,6.4156957,12,,,,3500.0,15.536524
1994820036199125376,1.1208477,0,-2.748721,4.438773,28,78.36117,0.0,60.35194,5250.0,10.428798
1997274489749822336,0.8878725,0,-15.025903,0.5289882,16,0.2177117,0.34536824,7.405965,5000.0,11.411625
1997340151211214592,0.8484894,0,17.982798,0.3108238,16,1.0993164,0.057348516,3.6079025,5750.0,10.09293
2000344772896255360,1.2011273,0,-16.191444,4.882677,20,,,,3500.0,15.321907
2007417175286304000,0.9747337,0,5.624619,0.16957374,13,0.52970666,0.11486702,1.394917,6000.0,8.482221
2079175839595232384,1.0930336,0,-60.409065,3.9655542,16,,,,3700.0,14.626879
2084821041531195648,1.0403471,0,-0.22484982,4.161039,17,,,,3700.0,14.535155
2135661698978352896,1.121265,0,-36.957924,0.97369206,15,0.12202437,0.3138638,12.209507,4750.0,12.466122
2140767560397457536,0.84783953,0,-5.414631,0.31109345,11,0.14761303,0.31936157,2.3769217,4750.0,10.897792
2158715610251025152,0.944384,0,-24.852678,0.43974653,22,3.0636437,1.46142E-4,6.2877064,5000.0,11.1635065
2233920659406441856,1.0926512,0,-81.7986,1.4026363,24,,,,4250.0,13.701427
1884244007214259840,0.9277965,0,-20.154503,0.20650358,20,0.34545583,0.18460889,2.2151623,4750.0,10.3649025
1909693715666789760,1.1474396,0,-9.945704,5.542478,16,,,,3400.0,15.363256
1911805740064249344,1.4807498,0,-97.427536,0.3942831,43,0.7316232,0.16906776,8.762802,5250.0,11.642612
1952323396387184256,0.9908075,0,,,,,,,,16.051195
2017717159733944320,0.8335084,0,-43.145767,0.1488529,31,-1.2341098,0.6534013,2.0760918,5750.0,9.242676
1835587662767407872,1.2005426,0,-1.8815022,27.945919,41,116.666626,0.7330533,18.329788,3600.0,13.495706
1856390113518945792,1.0517288,0,-5.639367,1.0847399,35,1.4932305,0.1127358,18.988302,3700.0,13.499368
2047014368597597824,0.9304752,0,-43.753986,0.346497,16,-0.9769001,0.7678557,4.551441,5500.0,11.310276
2059766916773748352,1.0281366,0,-7.0470767,5.405068,13,,,,3900.0,14.440452
2060471699402791168,1.0809894,0,-63.729916,3.117591,9,,,,3500.0,14.722116
1965032887515886208,0.87175465,0,-81.23205,0.4209918,24,0.51587564,0.2731583,6.4596405,4500.0,12.179022
1967283042361454848,0.9073901,0,-24.763294,0.16317636,18,0.7558279,0.034801118,1.5437126,5500.0,8.543265
2003721854140210176,3.0960195,0,,,,,,,,13.372652
2128304179486008704,1.0854511,0,-20.931356,0.25575528,17,0.73357296,0.110124744,2.1438942,4750.0,10.757179
2169505633251885568,0.9830692,0,-28.505157,0.13497165,21,-0.5658459,0.5401093,0.9888935,5000.0,9.175363
2179990713582793856,1.1378217,0,-20.211077,5.4882393,11,,,,3700.0,15.674294
2195257256428915584,0.94970125,0,-37.173325,9.900978,25,42.93168,0.0,147.28363,4500.0,11.839037
2201136830443079552,1.1283041,0,-13.054386,2.7082045,20,,,,5500.0,14.184397
2201661297490051968,0.9625331,0,-12.734314,0.25103477,16,0.67241913,0.12012181,3.0364466,5750.0,9.949878
2205800752607364096,0.9819027,0,-10.63617,6.971585,14,,,,3500.0,15.029953
1866745863784129024,1.544239,0,-21.064877,0.38238963,38,0.7309593,0.13053921,8.132832,5500.0,11.613754
1876671430114177408,1.3339429,0,,,,,,,,11.371747
1885707697708519808,1.0782466,0,18.941751,4.2647877,17,,,,3500.0,15.088769
1957537280524393216,1.0082453,0,-24.652674,0.36779863,36,-2.41861,0.98713756,6.800091,5000.0,12.319594
1834909504610082688,0.97317517,0,33.525047,0.1308831,29,-1.2908454,0.61318886,1.4281082,6250.0,8.228125
1839231100684361600,0.9403195,0,-30.077631,0.24124923,17,-1.6523504,0.9460518,2.5855236,4500.0,11.390551
2026026409608150400,1.0354015,0,-117.97264,0.33769816,21,2.1024837,0.020576278,4.8827896,5500.0,10.427067
2037471569713397248,1.0239247,0,-56.070187,6.803231,25,,,,3300.0,15.537591
2061038123985671040,1.0128008,0,-1.3925812,5.841256,19,,,,3900.0,15.119886
1871558941576158464,0.8768819,0,-22.920563,0.29144952,26,0.1613688,0.2794221,4.26861,4750.0,11.309241
1938974912908692352,1.0016922,0,-13.512414,1.6861277,27,,,,4500.0,13.622668
1965032994888662528,1.0817088,0,-81.302666,2.3957686,25,,,,3500.0,14.539438
2015759616680114048,1.029626,0,,,,,,,,9.222378
2119404186908641792,0.9491959,0,-13.92343,1.5150439,16,,,,4000.0,13.494676
2155550494232678784,0.9938935,0,,,,,,,,16.271084
2169119395438933632,1.1461394,0,-13.589383,0.9924039,22,0.661858,0.44524556,11.854634,3400.0,12.983055
2186123377119931264,1.0278679,0,-3.472811,4.5139227,13,,,,3400.0,15.2841425
2187035044058553728,0.9494864,0,-23.947906,0.23709111,15,0.42580217,0.20600055,2.4449959,6000.0,9.528374
2192174264486269824,1.016263,0,-25.296293,3.2409616,18,,,,3300.0,15.3358345
2195798594109042816,1.0350626,0,-16.41318,0.3055707,23,2.1406064,0.007997595,3.7102156,6750.0,8.184833
2201136826141819008,1.0539036,0,-14.14708,0.9840398,22,2.7473505,0.0022153186,15.623276,4500.0,12.511585
2215213259333893504,0.96344554,0,-26.018166,0.2267179,10,-1.9058248,0.9726528,1.6272507,6250.0,10.241237
2244877876891663872,1.1632562,0,-37.928444,2.676388,25,2.0211422,0.4104299,34.598858,4500.0,13.009089
1890005448143120512,1.0872779,0,-10.648673,0.15278743,23,0.14407755,0.14393665,1.4086533,6500.0,8.113662
1957537108725704320,1.0466511,0,-28.0831,4.7532954,33,,,,3600.0,15.587902
1819076056118564992,2.8846722,1,-12.78681,1.7728729,13,,,,3700.0,13.646422
1837550187923601664,1.1816294,0,-29.430271,0.9599868,15,5.845241,1.0113418E-8,9.638645,6500.0,9.532217
1844535660173434368,0.8835748,0,-19.331465,0.7516111,25,0.73395467,0.10756716,9.813733,4750.0,12.485535
2037387044759230720,1.0797677,0,-33.132492,12.207231,14,31.946274,0.0,114.61157,3800.0,11.8635845
2039483985229789568,0.8835714,0,-15.041526,0.250481,34,0.037104227,0.3322029,4.6864824,5000.0,11.054206
2040079984956812672,1.0479882,0,-5.1759605,1.9911164,20,,,,3800.0,13.973796
2041410634534259712,0.944509,0,-26.458628,0.60581183,21,-0.73420304,0.6639789,7.642687,5000.0,12.350914
2046589785292291712,0.9994443,0,-8.866993,5.099403,21,,,,3800.0,14.95819
2104998900960077056,1.1321701,0,-16.393759,1.4704634,22,,,,4250.0,13.058536
2058322673869896960,0.81089854,0,-17.136137,0.49072382,12,0.997554,0.09830168,3.8358974,5500.0,11.077193
2061229022385283072,0.8077786,0,-19.69713,0.24452358,16,0.3922714,0.22692062,2.8951702,6000.0,10.03452
1927459826411884032,1.0210836,0,-44.397137,0.97200274,19,1.1436058,0.80162954,9.457203,4500.0,12.921695
1938921483514649984,1.0688676,0,-8.587767,2.257096,22,,,,4250.0,14.031295
1965651298389110528,0.95089155,0,-26.092196,0.3510538,16,-0.7163534,0.73735183,3.4267902,5250.0,11.525776
1981155236984310272,0.71375287,0,-23.890816,0.22252332,19,-1.4297099,0.8634195,2.8594284,5750.0,10.1324625
1985752226366174720,1.1757827,0,-8.843687,0.52744997,24,-1.5203767,0.927802,7.90174,4500.0,12.424148
1994820036199116672,1.0272888,0,,,,,,,,16.160078
1997274691614774016,1.2931993,0,-4.748272,6.5727315,15,,,,3600.0,14.214646
1997340151211214080,0.8830852,0,17.356506,0.5668823,16,1.0796373,0.082186006,5.436454,5500.0,11.372449
2013520736126296960,1.0146374,0,,,,,,,,16.220987
2070269864129829888,0.8831634,0,4.305103,0.2664731,16,1.1465688,0.028773671,3.0482259,4750.0,10.236188
2086182511801203328,1.0892466,0,-18.799454,2.137877,18,,,,3600.0,14.190238
2134542744036826752,0.84093666,0,-21.835485,0.20976967,13,-0.4814914,0.67053103,1.5248795,6500.0,9.396288
2140149978460704128,0.96416235,0,-50.690594,0.22363211,10,-0.4300434,0.50992596,1.6279335,4750.0,10.527939
2150103616707471872,0.94104356,0,-24.272007,0.27988502,24,0.24149685,0.30679926,3.573843,6000.0,10.5366745
2179990713582614016,1.0243775,0,-24.723576,0.23768409,11,-0.117381945,0.547857,1.8075218,6000.0,9.6376
2190953840937162368,1.2035549,0,-2.5459747,4.9414406,15,,,,3500.0,14.952634
2205763124397149440,0.82950896,0,48.037727,0.84368706,11,2.216123,0.00811844,7.59214,5000.0,11.879421
2220888697837219328,0.7349712,0,-18.7294,0.68711466,15,3.412835,0.11088861,5.6205473,5250.0,11.313208
1848404154397710720,0.9406785,0,,,,,,,,16.747738
1889445968523631744,1.0769368,0,,,,,,,,15.563255
1890229817235275520,0.8857455,0,-22.127083,0.33320782,19,0.20475028,0.29069844,4.5015583,5500.0,10.657139
1904265731703852544,1.1857792,0,13.518035,1.9073362,23,,,,6000.0,13.487164
1909810023381344768,1.0420798,0,10.319718,0.5018441,26,0.7828953,0.2666512,8.140606,4250.0,11.863626
1911805735770930432,1.1229646,0,-96.94501,1.0961651,41,,,,4250.0,13.214062
1931374229542634880,1.0053424,0,-11.678003,0.84398305,40,1.0666252,0.19087924,23.797068,4250.0,13.182679
1821096580582628864,1.0002825,0,17.638174,2.7391326,26,,,,3900.0,14.338042
2017717159733943296,0.89158523,0,-43.928486,0.20354234,27,0.27708492,0.24198717,2.7140884,5250.0,10.270866
2028866516882680704,0.91048247,0,-85.1448,0.2906845,26,-0.4791117,0.5966614,4.9354477,5250.0,11.6673355
2041407645237188992,1.0494949,0,-29.086067,5.108871,20,,,,4000.0,14.88357
1858812578152904576,1.0181208,0,-21.220938,2.971799,32,,,,3700.0,15.07027
1868935021487308288,0.9682041,0,-40.81202,0.67566204,22,-1.4331647,0.9083858,9.661816,4500.0,12.722165
1868935060155259648,0.8441915,0,-41.953762,0.18813662,26,-2.2104807,0.9796085,2.6491241,5750.0,10.728263
1938247517245907456,0.9339337,0,-15.505973,0.12463794,26,-1.0066947,0.58213824,0.7349787,6000.0,7.7545733
1991693506165405696,0.88541615,0,26.651642,0.2860765,23,0.5740432,0.11458151,3.246767,5000.0,10.562258
2000743723819266304,0.7807098,0,8.239771,0.51873165,28,1.294033,0.061506614,9.098863,5250.0,11.445795
2007397895163346944,0.9722081,0,2.7947428,1.5183215,15,1.7763686,0.011460763,19.57878,4750.0,12.580349
2122630287169137920,1.1352528,0,-6.9558306,1.3594774,19,2.8128812,0.00233363,17.116417,4500.0,12.754664
2187035009700088960,0.90968543,0,-24.432657,0.21525174,20,-0.2887026,0.4060402,2.608385,5500.0,10.351209
2187623896953174400,0.93349123,0,-21.491842,0.27597484,16,-0.28515103,0.44691992,3.2565746,4750.0,10.690329
2201661091331626752,0.859729,0,-12.387471,0.2676195,11,0.2997126,0.408246,1.9828768,5750.0,10.087056
2208447788202375552,0.89338744,0,-16.10158,0.6492079,13,1.0239177,0.10010099,5.590762,5000.0,11.963215
2220788917156446848,0.90588844,0,10.511346,0.45745912,12,0.6362773,0.20965783,3.954049,5750.0,10.725993
2220898524722071296,0.930506,0,-13.078096,8.072893,16,,,,3900.0,15.226238
2257140386478701568,0.9904394,0,-6.751699,0.12277401,58,1.5326595,0.0012980397,1.1619587,5750.0,7.4282885
1841120851935330944,1.1428033,0,-16.606829,1.2380141,25,,,,3800.0,13.813685
1847005232010481536,1.0649005,0,-47.994484,3.9979348,25,,,,3600.0,15.519242
1848404326196410112,0.8718099,0,-23.851812,0.31134072,15,0.19215408,0.206973,3.8048859,5250.0,9.898634
1864696064871818496,0.92201227,0,-9.503843,0.56127304,41,1.8598771,0.026806803,15.976447,4750.0,12.1323595
1876671430114177792,1.0275588,0,,,,,,,,16.431042
1914612209135141504,1.0230473,0,-43.33806,3.1398199,18,,,,3500.0,14.510687
1922740211404348672,0.8407049,0,14.95051,0.23415695,17,-1.4442507,0.86784375,2.8053627,5250.0,10.722864
1956478210309444864,1.1603752,0,10.6039095,0.5871143,35,1.0386542,0.24107292,11.855323,4250.0,12.681929
1829608690335393792,1.1917565,0,-25.04337,0.8742619,21,2.6473632,0.015902989,12.954628,4500.0,12.066146
1834089749972018304,1.0043348,0,,,,,,,,16.7485
2024830965600892416,1.2897615,0,-62.98876,4.4659758,5,,,,3700.0,14.209269
2039483950870063616,1.0509882,0,,,,,,,,15.513522
2076196644123881344,1.7026168,0,11.211612,1.9238609,28,,,,3900.0,13.63686
2098315794407449600,0.9835195,0,-2.9425046,2.771595,19,,,,3600.0,14.291031
2104999343337767424,0.91290164,0,-17.99703,0.42080256,19,-0.69908464,0.6634092,5.509057,5500.0,11.410331
2071918714951900032,0.9756616,0,-59.134064,0.4523721,14,0.7897669,0.16390909,3.6987076,4500.0,11.949732
1871559697490418816,0.99171394,0,-23.346594,0.32641837,29,0.8011348,0.1260566,5.635645,4500.0,11.467695
1938974912909115520,0.97626215,0,-15.875089,1.2116677,25,,,,4500.0,13.147739
1960384053570711936,1.016617,0,,,,,,,,16.459341
1969616893235237376,1.0684959,0,-14.314209,4.359738,23,,,,5500.0,14.385924
1999551612692096128,0.8623358,0,,,,,,,,9.579351
2067274450853577344,0.98217916,0,8.902469,0.62703425,20,1.7872996,0.015914483,7.543906,5500.0,11.745549
2124611164739526016,1.1158646,0,-32.641438,3.050578,24,,,,5500.0,14.807713
2179911342585496832,0.93079716,0,-43.615192,0.6469288,17,-0.64834315,0.7232563,7.266014,4500.0,12.49574
2192202027155100672,1.1842871,0,-31.492493,2.1911383,22,,,,3800.0,14.133891
2234392556052529152,1.0822695,0,,,,,,,,16.258734
2250667802042250624,1.1575605,0,-7.586947,0.26285443,21,-0.74431103,0.7432774,2.8460503,5750.0,10.577375
1889826159028244608,1.0808842,0,-11.266738,0.60940486,24,-0.8522557,0.8853496,8.03488,3900.0,13.01789
1904860434349317248,1.2290018,0,9.008027,0.61516994,22,-0.99642897,0.767324,8.90966,5000.0,12.302519
1909810126460559616,1.01375,0,10.849251,0.38139367,28,-0.4310435,0.7577125,5.9899387,4250.0,11.924751
1955908697646448256,1.1586134,0,1.8642951,0.35885623,46,-2.0690856,0.9922728,9.407251,4000.0,12.339295
1832674914714275456,0.9338193,0,1.0076262,0.5521154,37,1.9473501,0.057601772,8.233188,5000.0,12.062303
1838850772741327744,0.96400076,0,-41.34592,0.5132425,15,1.1458967,0.07309514,6.0061684,5250.0,11.23469
1838932235386873984,1.0306213,0,1.6880007,2.0154753,27,,,,3800.0,14.360251
1842057567124518528,0.938298,0,15.09404,0.13381529,26,0.21030635,0.11405055,1.1771936,6500.0,7.5208097
1842553236412222848,1.1235702,0,4.24095,0.44522566,25,-0.121689916,0.45052817,7.425766,5250.0,11.491161
2047012822409354624,0.93424684,0,-43.53483,0.35475543,22,0.29439682,0.2906902,4.939438,5000.0,11.530063
1858809687626585216,0.9606708,0,-20.630651,0.1638721,22,-0.2648702,0.4351952,1.5103588,5750.0,9.433493
2058322605150409984,0.95046055,0,-14.988832,1.1552128,21,1.247444,0.03955306,17.79283,4750.0,12.813952
2073992535646956160,1.0542642,0,17.142809,7.888473,9,,,,3400.0,14.79714
1965662946340715136,1.097473,0,,,,,,,,15.767052
1983169920227220096,1.0021387,0,-28.4339,0.512442,25,1.8860703,0.013033032,6.6389217,5250.0,11.487367
1985349908191524992,1.098194,0,11.961855,0.32067454,25,-1.1498073,0.9015092,4.053096,4000.0,12.308565
2003721854140209920,1.1949567,0,-61.814705,3.6542888,14,,,,3700.0,14.690372
2012143666526356864,1.0213312,2,-44.657352,5.062847,22,52.059853,0.0,47.46232,4500.0,11.583311
2124908720073270912,1.2768265,0,-24.93491,2.641888,20,,,,3500.0,14.253764
2137735966323926912,0.9687518,0,-23.298677,0.2711221,13,1.8449045,0.0075146947,3.1680508,5500.0,9.901971
2137735966323927296,1.0682422,0,-21.194483,3.0718796,11,,,,3600.0,14.352777
2140767319879292160,0.73338467,0,-5.8289304,0.5592103,6,0.7938359,0.34559828,2.252883,4250.0,11.23424
2190954631211142656,1.0303222,0,-3.5658123,1.3541911,24,1.2958333,0.14533798,22.175892,3800.0,13.376116
2213176036085554432,1.069813,0,-13.500787,3.521433,14,,,,3300.0,14.737959
2233335375620808064,1.0989741,0,-26.643509,2.332755,21,,,,3600.0,13.965212
2237989505264173568,0.75893843,0,-36.04108,0.3175706,14,-0.22767423,0.51930887,3.556221,5500.0,11.017723
1896368008400492416,1.2705511,0,-15.655274,1.3903838,19,1.3093251,0.4538887,12.562726,3600.0,13.305136
1896368012695729152,1.1920887,0,-15.895583,2.1323795,20,4.260264,0.3101179,14.834883,3700.0,13.404725
1952323362027442816,1.0762833,0,-20.8236,3.820567,29,,,,3700.0,15.209991
1821096580582630272,1.0783627,0,16.774612,4.132519,25,,,,5500.0,14.813671
1832674815942598016,1.0697181,0,4.703707,3.4539428,27,,,,3800.0,14.748407
1857970249164888704,0.9729478,0,-19.99473,0.21204081,24,0.32423794,0.18266581,2.6770458,5250.0,10.401525
2028866512541484800,1.1109654,2,-65.56187,6.817866,21,35.557674,0.0,82.795395,4250.0,12.576801
2076196678483632768,1.0464302,0,8.237761,2.863294,19,,,,3600.0,15.332255
1943785551159773312,1.0098279,0,,,,,,,,16.93325
1958277561087971584,0.9772296,0,-20.520292,0.1867696,22,0.27883464,0.14360054,2.3020496,5500.0,9.822815
1958584565350234752,1.139744,0,2.464386,0.17108391,36,-2.1774397,0.9458883,3.0760844,4500.0,10.875941
1985349908190647296,1.0495079,0,11.817278,1.4840032,26,,,,3700.0,13.999275
1985752226366174848,0.93510085,0,-9.809104,0.251452,22,-0.01751824,0.27218288,3.1544628,5500.0,10.209286
2000061923530715776,0.79609495,0,-8.331633,0.47157124,19,0.66380036,0.1834969,4.6149573,5250.0,11.393093
2007417244005768064,0.9989856,0,6.656259,0.12663244,28,-1.1778266,0.5866805,0.9010401,6500.0,7.486807
2070208291476617216,1.2406533,0,-15.888487,0.69991875,23,0.003605632,0.5307207,11.018708,3500.0,12.982045
2116190172684911744,1.0453644,0,0.8035392,0.25623378,15,0.5998138,0.1329437,2.3742843,5500.0,10.391273
2139399321256894592,0.77780604,0,-24.945286,0.39825523,19,0.52599007,0.28726038,5.164711,5500.0,11.240008
2140148500991954048,0.9897091,0,-49.039383,4.5699067,13,,,,3300.0,15.075045
2155984217209590784,0.9999342,0,-72.24119,4.344058,16,,,,3300.0,15.233056
2157622725756418816,1.1429532,0,-38.196327,0.22582135,21,0.81680834,0.05421831,2.414669,5250.0,9.916228
2208447788189894272,0.8359587,0,-15.453895,0.2571641,14,-1.935482,0.9577456,2.3039904,5500.0,10.999275
2223560373653613312,0.9456512,0,-0.53754926,0.17395458,14,,0.07179196,1.5350693,6750.0,5.418816
2223712518574078592,0.94464004,0,-1.2534701,0.35718662,18,0.32558152,0.25145638,3.3617587,6750.0,8.97324
2235304016831244160,1.0729597,0,-27.399267,3.2002287,16,,,,4250.0,14.524734
1864696541601357184,1.0737264,0,-67.61384,1.5372206,39,,,,3500.0,14.190809
1882674282566508672,1.1654423,0,-8.335164,1.3489588,21,1.5056926,0.12741148,19.735254,3800.0,13.425741
1884244007214259456,0.9292755,0,-20.848682,0.13603342,29,1.8201978,0.0017187486,1.2685318,6250.0,7.593351
1891605100123040256,0.9827747,0,-1.465586,2.0456986,22,,,,3900.0,14.18319
1893324220912464640,0.990353,0,3.5448692,0.8990454,22,3.4276693,0.0010066713,11.61496,4250.0,12.32348
1898738078729141120,1.0168486,0,-39.27829,1.1646706,32,,,,4000.0,13.283161
1898901802884773248,1.0728612,0,-44.54739,0.1680801,39,0.6087387,0.07585033,3.1493378,6250.0,9.326745
1910873319844677888,0.99923545,0,-13.042826,0.18549359,14,-0.123342,0.29319453,1.384922,6250.0,8.56986
1933484020558017920,1.1392308,0,1.3568293,1.1276252,36,,,,3600.0,13.7647915
1949592175145061376,1.077746,0,-16.651028,1.5095295,40,,,,4250.0,13.810826
1955692368733671936,0.9805556,0,,,,,,,,15.729615
1957613559143634944,1.0308924,0,-14.506811,2.633268,34,,,,3900.0,14.545584
1827917572752393600,0.9386417,0,-11.15003,0.1257888,27,0.5383164,0.07513554,0.89481735,5750.0,7.7587976
1833185436019916672,1.0104086,0,-43.325237,0.34187672,22,0.66918004,0.13992773,4.4246864,5000.0,11.191278
1833185436019923968,0.9492226,0,-43.691822,0.33481637,23,2.510127,0.0012416322,3.8932076,5250.0,10.653995
1839231096390605952,1.3764216,0,-32.05612,4.0503,14,,,,3500.0,14.692289
1856839401458464768,1.0313278,0,-8.381448,2.9015722,36,,,,3500.0,14.76536
1861361589709752192,1.0102638,0,-11.491341,0.18544933,20,0.23782004,0.150697,2.2052412,4500.0,10.125938
2046589716572804480,0.8538707,0,-8.965247,0.45619345,21,-0.020170916,0.38651195,5.0921454,5000.0,11.990903
2054929718419890816,0.9557215,0,-24.082344,0.2271062,23,-0.20701098,0.34603834,2.6443195,5500.0,10.31978
2059766916773752960,1.1496938,0,-14.720859,6.791326,17,,,,3800.0,14.703636
2061229061051206272,0.97666144,0,-19.918203,0.6470237,24,0.22354212,0.39599818,11.111971,4500.0,12.466626
2075040370214970368,1.0024081,0,-22.139902,1.3628438,11,0.71494293,0.29141185,13.202282,3600.0,13.103315
1960397110271260416,0.9370632,2,-42.58349,0.30636963,27,9.758253,0.0,4.2574387,5750.0,9.509704
1987719355750202240,1.0634527,0,-49.997196,1.176568,21,0.40428096,0.6579672,16.682499,3800.0,13.277954
1991693437445859840,0.923902,0,26.617582,0.12561515,34,-0.25553483,0.2282086,1.0634327,6250.0,7.4696283
2000345597529968256,0.96014094,0,-13.910001,0.4241951,28,0.38011482,0.26312503,6.23532,5250.0,11.602364
2006287770687635328,1.0129542,0,-20.706717,1.5864865,37,,,,4000.0,13.878882
2012143662229128320,1.3858134,0,-46.205162,1.3830535,23,2.695251,0.6294662,11.293137,3900.0,13.23504
2062283217823775488,1.0013322,0,,,,,,,,15.309106
2130043576817964288,1.0586104,0,,,,,,,,15.649224
2137904432120876288,1.0451684,0,13.127255,1.5144892,21,3.2836802,2.6945642E-4,25.174086,4500.0,12.8598995
2145191406774265216,1.0586128,0,-1.186356,0.23625031,11,0.6336773,0.2921773,1.7763191,5500.0,10.067602
2179261496856372352,1.0990336,0,-2.28653,36.716537,25,145.60245,0.004507422,30.369923,4500.0,13.2339525
2205800718247625472,0.9980114,0,,,,,,,,10.866583
2207128034938313088,1.0102128,0,-15.243696,3.4348261,10,,,,4250.0,14.253422
1882674282566509312,1.1088654,0,-10.605203,4.1413665,17,,,,3800.0,14.712148
1883392018847151744,1.1339532,0,-12.477776,27.897692,18,66.935196,0.0037079952,17.717798,4500.0,13.159459
1902676117063910016,1.2821794,0,3.744866,0.36527985,38,1.8364562,0.010799785,7.5633235,5000.0,11.601803
1914612346574093696,1.6810528,0,-43.798553,0.35425743,25,-0.36512294,0.66836756,6.707123,4250.0,11.731858
1956477729273114112,1.024025,0,,,,,,,,15.787949
2026987279663636992,1.0842688,0,-9.21218,1.0478519,33,,,,4500.0,13.197369
2040079817454543360,1.0211084,0,-1.7407657,5.185891,14,,,,3400.0,15.013467
2049180750072464768,0.9767328,0,-7.2214212,0.73875356,24,-0.28060287,0.582915,9.719347,4500.0,12.687663
2103565408375156736,0.93116313,0,10.574901,1.4562807,19,0.9402113,0.26379046,22.00634,4000.0,13.157818
2071919234684083072,0.8686202,0,,,,,,,,15.887061
2072164769362338048,0.83494097,0,-48.635277,0.26553652,8,0.97055364,0.060073838,1.4913025,5500.0,9.595862
1942384773344557184,0.9558972,0,-8.45151,0.2024487,16,2.143429,8.758936E-4,1.7322884,4750.0,9.612091
1983533686776923008,1.1049893,0,-38.602657,0.9148561,30,-1.0308744,0.94378334,17.572302,4250.0,13.102416
1984176179523858816,0.9326248,0,15.062322,0.3137207,32,1.3935776,0.05621154,4.958433,5500.0,10.885093
2000062129689139712,1.0466149,0,-6.463306,2.0438495,20,,,,4500.0,13.789896
2000746708808928896,0.87316585,0,8.1956625,0.6292819,27,0.1247798,0.32020232,12.654233,5000.0,11.967927
2066441502071859456,1.1524413,0,-100.285126,7.643954,8,,,,3200.0,15.845237
2116190176981234048,1.0126724,0,1.2601874,0.45970756,15,2.3047657,0.0031303714,5.264375,5000.0,11.025661
2124885286731693696,0.9812393,0,,,,,,,,16.328676
2145144784906425984,2.1148846,0,-11.48667,6.2920976,16,17.420166,0.0,79.25305,4250.0,12.768547
2155550494232679296,1.0181346,0,,,,,,,,16.317154
2163023325027234944,1.1849465,0,-13.5988,13.669148,10,24.880676,0.0,113.94624,3700.0,13.504669
2215213255037897472,0.9335604,0,-24.847511,0.8848419,12,1.6753026,0.028293181,7.773531,5000.0,12.066263
2230258117452934144,0.9045687,2,,,,,,,,10.196117
2242056255175612160,1.2511817,0,-16.243448,1.7599157,30,6.3795233,7.010645E-4,22.174702,4500.0,13.078665
1838032083254435328,1.2604611,0,-0.23289411,1.5128765,13,0.92726153,0.16575713,11.480058,4500.0,13.301447
1866745863780617344,1.2326562,0,-18.651876,2.092835,37,,,,4000.0,14.49056
1888259011363278592,1.0198743,0,-3.4242525,4.1502666,53,,,,3300.0,15.600958
1889445865444418688,1.2651559,0,-22.86935,1.762557,24,-0.25593403,0.9258689,18.833874,3500.0,13.676742
1893300650131942784,1.1350754,0,7.3294544,2.839276,21,,,,3800.0,14.507385
1933484020558018560,1.4102869,0,3.026768,2.7942722,27,,,,3500.0,14.3734865
1955692368733671680,0.99242675,0,,,,,,,,15.810237
1957613937100759168,1.0010172,0,-16.786613,2.9311063,35,,,,4250.0,14.547158
2019042689699302144,0.8109134,0,-42.632824,0.252854,26,0.2622246,0.16863976,4.776264,5000.0,10.560611
1829608690335392256,1.0468541,0,-25.78144,2.6623876,20,7.467347,0.5479597,15.036566,4500.0,13.129763
1830884364327531136,1.0348613,0,6.7554936,2.0911455,21,,,,3900.0,13.974704
1842553618665079680,0.9419655,0,2.9902995,2.8265693,25,,,,4250.0,14.046414
2035602571760242560,1.1311538,0,-29.95197,1.1448884,12,2.120935,0.011990396,11.44355,5250.0,11.858557
2044787479586375040,0.8957315,0,-25.121586,0.37576485,10,0.13515617,0.31614915,3.285574,5750.0,9.950532
2044787548305865344,1.3853263,0,-24.486792,0.9866911,23,-0.1344043,0.61151755,14.028492,4250.0,13.245125
2047203037907105920,0.91219413,0,-58.68927,0.23956275,8,-0.46646866,0.52332413,1.6008682,5500.0,9.619392
2049180750072462976,1.0537299,0,-6.436526,8.193365,18,,,,3800.0,14.748364
2098315794407453184,1.7476369,0,1.6033031,2.2681155,25,,,,3800.0,14.253102
2104914887099551232,1.0528752,0,-4.2931824,0.21339367,13,1.3502723,0.038286366,1.3574173,6250.0,8.895831
1969339743275582080,1.0136286,0,-48.718605,0.57744485,19,0.88442606,0.17141862,6.7077446,4500.0,12.611577
1980482846949291648,0.9999026,0,-75.402916,0.9370042,20,0.8202709,0.1052375,14.57634,4750.0,12.36299
1983533480618493440,1.0410044,0,,,,,,,,16.036396
1999550886837136640,0.8915109,0,-20.130413,0.17702429,17,-0.6917381,0.53938574,1.635273,5750.0,9.424797
2007397727673043072,1.0666378,0,3.7981472,0.46969268,13,-1.9388851,0.9711252,4.5833135,5000.0,12.125885
2013517334513395072,1.9921013,2,,,,,,,,10.650219
2086713404118555648,1.087816,0,-29.616646,0.5897852,10,2.0582705,0.007360131,5.269966,5500.0,10.254577
2201544130782535424,0.98936456,0,,,,,,,,7.943959
2250667733321195392,1.1171626,0,-6.45443,0.80454594,21,0.55234087,0.28344518,12.531578,4500.0,12.395455
1883392023141362176,1.237872,0,-9.371901,0.1531841,17,-1.3028833,0.8090231,1.3481569,6000.0,9.269049
1886412106704633472,1.029387,0,-13.487098,1.6885397,25,,,,4250.0,13.81429
1886415096001870336,1.0742983,0,-12.533246,1.3870177,26,,,,4500.0,13.717301
1923760386397475584,1.1872758,0,-11.321468,4.1912103,38,,,,3700.0,15.457364
1951623969557395200,1.0045676,0,-21.693571,0.22604893,27,0.6779834,0.07850091,3.9805584,4500.0,10.577285
1827576719815918464,0.97025657,0,-19.87666,0.44353074,7,0.39936253,0.31725618,2.6056652,6500.0,9.10089
1827917572712263040,1.2775933,0,-13.176905,3.0114493,4,2.2692456,0.026717007,11.296502,5500.0,13.478923
1861314168961980544,1.0810875,0,-12.044237,0.33807445,21,-0.7370624,0.76386446,4.693939,4000.0,11.932667
2030217674888109568,1.1254102,0,17.575525,6.581512,16,,,,3600.0,15.074465
2054929615340676736,1.0462843,0,,,,,,,,16.264093
1958534297053031552,1.0909737,0,-18.169167,2.7478101,32,,,,3900.0,13.844166
1958584427911285120,1.1026717,0,3.3833337,1.8732601,40,,,,3500.0,14.403032
1978774725585237248,0.9511793,0,-16.935793,1.470569,20,,,,4500.0,13.325488
2066441330273174144,1.0523776,0,-116.11238,2.927856,15,,,,3500.0,14.364984
2173241739422383360,1.1111466,0,2.49482,1.3564717,20,1.1392523,0.17663641,18.473614,3700.0,13.666571
2213176036085553536,1.0260493,0,-13.993589,4.5247107,17,,,,3700.0,14.998845
2223712518574079360,0.8555346,0,-1.6021999,0.35889575,16,-0.70173067,0.6614711,3.8039637,5500.0,11.096805
2230589895086088576,1.0173144,0,-25.997768,3.8047233,18,,,,4000.0,14.410388
2233332248885319936,0.99819547,0,-28.577766,0.28271887,12,1.7826648,0.014456837,1.9581699,5500.0,9.877491
2244830490514284928,1.0556424,0,-37.913452,0.51808244,32,0.5416727,0.20308937,8.118851,5000.0,12.464713
1841120847637516672,0.9629359,0,-18.698597,0.3537195,23,-2.1889706,0.9926159,5.210226,4000.0,12.438708
1891604722165918080,1.118516,0,-0.82486063,1.6686199,23,,,,3900.0,13.8402605
1892645238122719616,1.0020163,0,3.087169,2.0003579,22,,,,5500.0,14.216246
1922740211404348160,1.0077007,0,,,,,,,,10.507076
1934379194820969856,1.014472,0,4.4636254,3.7950957,31,,,,3400.0,15.678876
2019042792778539776,0.9280135,0,-41.368824,0.5329159,26,0.18497194,0.5259537,7.823864,4250.0,12.242065
1844535454015004032,1.057315,0,-20.48696,2.030011,21,,,,4750.0,13.785591
2026987279677118720,0.9167638,0,-7.7558103,0.9218715,33,0.8741271,0.15496804,19.789701,4500.0,12.773995
2033698522540409088,0.86818427,0,-55.203945,0.34829307,21,0.6129754,0.18077444,5.2161293,5500.0,10.932689
2036354259749915648,0.9085799,0,-54.9245,0.45238608,27,1.0700871,0.069243595,7.906269,4750.0,11.945758
2051020336102202112,1.045991,0,-60.576538,1.4255142,24,3.648841,0.028257266,16.665924,4000.0,13.1340275
1945086960610288384,1.0183617,0,,,,,,,,15.822614
1979330185116929664,1.0437016,0,-14.513745,1.7982748,26,,,,3500.0,13.978891
2006284815750147584,1.0985649,0,-18.241182,3.9802475,26,,,,3700.0,15.223423
2086713404118555520,0.88061893,0,-29.56329,0.53141856,6,-0.14135066,0.5193237,2.5599995,5250.0,11.035941
2089492763353111680,1.1219037,0,-18.384893,1.4671731,12,3.2040763,7.893159E-4,14.457649,4500.0,12.467408
2128304183783972992,0.95740557,0,,,,,,,,9.693278
2149418964560284288,0.9673615,0,-8.015665,0.44069752,13,1.7084427,0.02331377,3.7429247,5500.0,10.8240595
2150103612411750016,1.1659483,0,-23.195786,0.5466034,24,1.0667464,0.084430486,6.4909096,5000.0,12.049638
2154856461877345792,1.1694233,0,-21.867228,0.6818188,20,0.040453244,0.3975356,9.629406,4750.0,12.462259
2155984389008393088,0.9771608,0,-65.93701,0.14327519,14,-0.5729557,0.54632735,0.896904,5750.0,8.60824
2157623451608162688,1.494251,0,-38.927902,0.5227121,22,0.8820713,0.16620933,6.9758186,4500.0,12.076588
2170420598726106240,1.2519042,0,-12.042527,2.5838122,20,,,,3800.0,13.93638
2200587967980323584,1.303269,0,-0.50189155,0.6779234,22,-1.1017989,0.8952805,9.564623,3500.0,13.158257
2220789015936837120,0.8675141,0,11.569428,0.50462425,9,-0.28375822,0.56424046,3.3716612,6750.0,9.313799
2236523890624245120,1.1315101,0,-6.1287236,0.4117301,32,-0.5580416,0.5773018,8.3394165,5500.0,11.5034685
2245065137461763840,0.92903084,0,-37.561504,1.5981572,29,3.6555479,0.282166,10.854229,5000.0,12.214447
2257139871082620544,0.9598819,0,-9.080062,3.791375,40,,,,3400.0,15.073249
1838032078957301376,1.4268011,0,2.8016973,2.250199,13,-0.2813215,0.6811771,27.200745,3800.0,13.275187
1895968546378569728,1.0923272,0,-45.79498,3.1696587,28,,,,4250.0,14.41098
1902679033343158528,1.2710043,0,3.3299723,0.38976297,34,-0.5008748,0.55603087,9.053756,5000.0,11.74056
1904860434351610368,1.3059235,0,9.108767,1.3743902,21,,,,6500.0,12.275651
1934379229180761472,1.108284,0,14.484352,2.6038654,40,,,,3700.0,14.614021
1827576719835709056,0.96630234,0,,,,,,,,9.04175
1830940954818097664,1.0363998,0,-21.78397,1.4928775,20,3.5639558,1.4282115E-4,20.798553,4500.0,12.9772005
1856390113518944384,1.0478665,0,-4.5754995,1.5234742,27,3.8478549,0.6294465,18.140083,3700.0,13.287831
2036354221084071936,1.2636501,0,-50.296627,3.2658973,30,,,,5500.0,14.606897
2037387044759147264,1.4018829,0,,,,,,,,8.68701
2100002067288953728,1.1145947,0,-40.439304,2.0607595,16,1.335076,0.68796325,6.5906525,4500.0,12.657766
2100002067288954752,0.9567644,0,-40.43503,0.5326065,18,-0.9251074,0.81097907,7.1719055,4500.0,12.591641
2073992840559901696,0.87999797,0,1.2936673,0.121677496,5,-2.6417096,0.9984101,0.20644486,6250.0,8.936644
1927459826409947008,0.9845235,0,-44.048717,1.6087818,21,,,,4500.0,13.524246
1938921930191244672,0.9576395,0,-10.50084,1.3980737,24,4.18332,5.3917698E-5,25.018028,4500.0,12.800243
1978399345444945152,1.0769069,0,-17.647633,0.3668527,13,-0.97887856,0.7900977,4.022381,6000.0,10.355065
2005752033656177152,1.0391771,0,1.0153576,0.3178144,21,0.86295646,0.13849261,4.952868,5500.0,10.515794
2007133982323641856,1.0887077,0,-43.997833,2.2517612,17,,,,3900.0,14.084763
2089492759052331008,0.9102935,0,-32.57953,12.73115,14,35.60742,0.0,128.18268,4500.0,11.084266
2115419591129212928,0.9908727,0,4.0442653,6.7563286,16,,,,3800.0,15.206662
2119404186908642048,0.9690711,0,-15.422663,1.8989466,16,,,,4000.0,13.610974
2122630291462760192,1.0669656,0,-8.318365,0.53856754,16,-2.364618,0.9951327,5.391014,4500.0,12.7076025
2134542739740650880,1.0572258,0,,,,,,,,12.430314
2167838116496423936,1.0013736,0,-11.700073,0.65576565,13,0.9155179,0.26455185,5.5127163,4500.0,11.961061
2179913919565865600,0.91029274,0,-43.51127,0.28355417,21,-0.6607461,0.63169605,3.8568993,5000.0,11.320769
2181276832950235904,1.3688875,2,,,,,,,,9.009357
2226062930838591360,0.9339128,0,-6.3082004,0.685298,16,1.5483323,0.04810163,7.222079,4250.0,11.298256
2236899232107817856,1.1016617,0,-7.9685187,2.8096015,26,,,,4000.0,14.146615
2255777610534133888,1.7089041,2,-69.308136,2.1636753,33,74.93746,0.0,29.21452,5750.0,9.776521
1853907656770437888,1.7284656,0,-24.770956,0.3308473,31,-1.9141307,0.95267016,7.79167,5250.0,11.457867
1864696545907954176,1.040552,0,,,,,,,,15.65336
1898738078732581248,1.0721774,0,-40.013256,0.6638173,32,,,,4750.0,12.304935
1907222941243858176,1.0045584,0,-13.617317,2.7559497,40,,,,3800.0,14.6160965
1931374504420537856,1.1150134,0,-12.088242,0.19177304,45,0.5963676,0.0848593,3.6992521,5000.0,10.790082
1830884364327531008,1.0147406,0,8.391601,2.7490404,22,,,,3700.0,14.468591
2024830961260124928,0.7873608,0,-62.500763,0.46663758,11,-1.8583713,0.9605424,3.9830246,4750.0,12.3905325
2033697977128819456,0.8247417,0,-55.247326,0.5461835,24,0.87198514,0.11100296,9.571453,5000.0,11.688386
2110300883466928896,0.98760885,0,-24.083042,3.710448,21,,,,3800.0,14.789219
2060471909868504704,1.0734819,0,-61.626854,3.8416283,11,,,,3500.0,14.73489
1958534262693295616,1.0680782,0,-19.573227,0.4912554,32,1.8549514,0.0075207083,10.060135,4750.0,11.519083
1969339747581301248,1.3076465,0,-46.25037,2.8490767,21,,,,4000.0,14.3121
1980482816897438848,1.0834988,0,-72.53031,2.7780423,20,,,,4250.0,14.032267
1987719699347591040,1.0766934,0,-45.254414,1.6291131,28,,,,3600.0,14.245159
2070269864129830400,0.9300043,0,5.008607,0.23609284,10,1.2134823,0.81031,0.9332323,5250.0,9.501026
2154856496237083392,1.0294197,0,-19.19729,3.7004566,19,,,,3800.0,14.9232435
2163023325027233536,1.1765369,0,-4.341957,4.8338895,17,,,,5500.0,14.35643
2179261496856372224,1.031575,0,-1.8362558,1.5800058,25,,,,4000.0,13.537492
2210086820728340736,1.1682001,0,-2.8376932,1.8207754,17,4.6833286,1.8477979E-6,21.821194,4500.0,12.941431
2222714402536874496,0.911359,0,-13.899477,0.29593194,5,-0.124499425,0.5119835,1.1969852,5500.0,10.082168
2230589895086088192,1.0141162,0,-28.18072,2.2862375,17,,,,4250.0,14.008848
2235303879392270848,0.9202595,0,-23.230705,0.22319317,14,-1.4796053,0.9028024,2.4180794,6250.0,9.72215
2242056255175612416,0.71372765,0,-16.796978,0.49504268,29,1.2941318,0.040816877,9.274004,5000.0,11.399367
2245064862588143744,1.0677011,0,-36.00091,3.5151024,26,,,,4000.0,14.65065
1886514086408129152,1.0256158,0,-36.967762,2.5832338,18,,,,4000.0,13.7034645
1886514086408129536,0.9302618,0,-36.333843,0.8861086,18,-0.8000582,0.7893432,12.765219,4500.0,12.504958
1890229817234794368,0.9181663,0,-21.538004,0.26772976,23,0.06690511,0.3467472,2.9430676,6000.0,10.4031515
1908294862000674304,1.044235,0,-35.695328,7.7240252,23,,,,3500.0,15.482815
1828300993069930368,1.0149759,0,-45.52318,2.7192397,23,,,,3800.0,14.455019
1838932136602199424,0.9038434,0,1.0469009,0.23960878,24,2.4202556E-4,0.5999343,1.985314,5750.0,9.691439
1857970455323323392,1.0766379,0,-24.139025,3.7781065,23,,,,3500.0,15.060759
2040587654380864896,1.0996224,0,-9.337361,3.9795294,23,,,,3800.0,14.952924
2045263082765738368,0.8816475,0,-26.20804,0.37794062,14,-2.5067472,0.99469525,3.5504894,4500.0,11.945987
2062283217823775744,1.0528576,0,-17.512684,0.4440537,16,0.5068247,0.23447613,5.4636555,4500.0,11.418357
2077804263255580160,1.104122,0,13.092668,1.0151387,20,1.3000015,0.17145129,15.377835,4000.0,12.626605
2077810177432417792,1.0357571,0,23.98522,6.753674,7,,,,3400.0,15.33171
2167838120797539200,0.94759035,0,-10.812908,0.17758657,13,-0.61102116,0.56431174,1.7031565,6000.0,9.164438
2169505628955838208,0.9849904,0,-28.09499,0.80916584,17,1.1854825,0.11689575,9.564123,4500.0,12.457808
2173241842501597056,1.1240444,0,4.0276074,0.4284954,19,-1.9363658,0.9674599,6.2785625,3700.0,12.23896
2192174264486269696,1.2059761,0,-19.594582,1.6235547,18,7.255276,7.771561E-15,19.71758,3900.0,11.524875
2205763163059501952,0.93117964,0,49.874184,0.8102337,10,0.9922142,0.16274157,7.5565147,4500.0,12.0747795
2210086889447815936,0.942803,0,1.5811855,0.3980542,9,0.2658151,0.40062258,3.2700372,6500.0,9.480194
2234392452973313664,1.0363859,0,-14.537637,6.8063016,19,,,,3400.0,15.048213
2251840255097822592,0.9322571,0,-34.1997,0.47806928,18,-0.08538652,0.47544986,5.78776,4500.0,11.8338995
2251840259394553984,1.1535289,0,-32.584366,4.480407,21,,,,3500.0,15.021049
1853907622415702144,1.7076536,0,-25.327957,0.38401288,29,0.5448035,0.19447415,6.945524,5000.0,11.919826
1864695205878349184,1.2327485,0,-10.327819,0.29856312,33,-0.046189126,0.36632356,6.3317227,5250.0,11.189617
1902996040587516800,0.9709936,0,-39.858112,0.21226561,22,1.7022253,0.0063061835,3.030075,5500.0,9.838094
1904265735996674688,1.1427811,0,12.829704,1.4565729,23,1.503793,0.120039456,26.247622,4250.0,13.0706215
1907210056341983232,1.0328157,0,-12.867766,1.8764511,38,,,,4250.0,14.169832
1909693715666789504,1.1058127,0,-14.849661,0.9865143,19,0.31943223,0.47655302,13.385921,3800.0,13.132578
1948357011268691072,1.0813391,0,4.0791736,1.6262009,45,,,,3900.0,14.292017
1951623969554461184,1.208337,0,-20.645233,0.6649666,25,0.68959665,0.27785313,9.081669,3700.0,12.843739
1834909470250343424,1.864292,0,32.55253,1.9629022,3,3.92681,0.0025063558,5.205513,5500.0,11.360207
1838850016827082752,0.91733724,0,-41.899918,0.5626041,11,0.75265145,0.16595985,4.7306213,5250.0,11.4033985
2026026375245565824,0.9587038,0,-116.254585,0.9143926,30,0.05375254,0.26505688,18.247665,4750.0,12.744378
2045263087086815872,0.9278091,0,-27.686037,0.5769338,21,0.5331574,0.27036244,7.5049095,4500.0,12.235311
2103565412675047936,1.0478159,0,11.042292,1.6207898,16,,,,4000.0,13.611199
1869667644139988096,1.0182358,0,-58.495693,5.603579,19,,,,3600.0,14.855602
2491984559655671040,1.0900747,0,19.772915,0.8180857,27,1.597575,0.09285936,11.702491,4250.0,12.907479
2642134108063775488,1.1087058,0,-6.5557437,0.32214645,19,-1.0939635,0.76373607,3.976942,5500.0,10.877515
2669930724085910528,1.1770734,0,12.698537,0.40452853,21,-0.89463884,0.73023486,5.4685545,5000.0,11.732983
2592588774085571840,1.1441143,0,26.749163,2.907795,10,,,,3700.0,13.783533
2752042939643757952,0.848806,0,13.290989,0.19181286,20,0.18084379,0.16951494,2.358879,5750.0,9.2407
2789108812349946752,1.1917629,0,-4.561578,0.51772463,12,0.7241692,0.4301245,4.254497,4250.0,11.744078
2921715553957465856,0.98994696,0,33.50896,0.17756814,32,-1.7316667,0.89975184,2.392765,5250.0,10.777186
2934656256066164224,1.1092082,0,5.35093,0.24832603,30,-0.33405694,0.46157822,3.9825344,5250.0,10.967941
2938255026338304128,2.0551116,2,31.540277,3.1509833,45,53.927547,0.0,55.341434,4500.0,12.075057
2981827847508827008,0.9998274,0,31.315634,0.42188028,26,-0.39359027,0.6653724,5.747595,4500.0,12.039475
2275214364772825984,1.0934162,0,6.8786325,3.7164536,19,,,,3800.0,14.711899
2304480340646276096,1.068095,0,-16.767921,1.6508162,18,,,,3600.0,13.9551735
2388405921459155840,1.1238685,0,-1.9188462,0.3159248,12,0.59860224,0.14587583,2.8997374,4750.0,10.911545
2465629953132754176,0.9826625,0,-16.115307,3.1389675,17,,,,3700.0,14.654448
2605432714869873536,0.8766816,0,0.49134597,0.4625136,7,3.2172308,4.5158245E-5,3.1054907,5500.0,9.845568
2680137181288824192,1.1932573,0,,,,,,,,14.251858
2686473529361278336,0.9576334,0,-79.800285,2.5817475,13,,,,3600.0,14.147513
2705253703359420032,1.0722445,0,,,,,,,,16.352627
2706702103770289024,1.2328719,0,-18.931265,1.7850081,11,,,,3200.0,13.842915
2707370709919261056,1.207354,0,-30.465967,2.6091692,11,,,,3500.0,14.214849
2788241061452474624,0.8750901,0,1.5484276,0.3331135,12,0.108894676,0.44297346,2.6919672,5500.0,10.703565
2792149997087898112,1.1016512,0,7.6986527,0.20342316,25,-0.51356804,0.5691568,2.6471162,5000.0,10.858108
2885554678101060992,1.0795043,0,-7.511983,0.20278056,20,-1.0396291,0.7193909,2.501348,5000.0,10.602305
2908056939477954816,1.0137643,0,-9.3554735,1.7318081,32,,,,4500.0,13.886151
2921715553957464832,1.1159927,0,30.072615,4.695791,24,,,,3300.0,15.738314
2923681137149449088,1.0293758,0,15.372882,1.7060105,29,,,,4250.0,13.81795
2948781716301918720,1.3139184,0,27.04813,0.3883501,17,0.7162125,0.14819525,4.9846935,5250.0,10.9979925
2988067953953519872,1.0622756,2,,,,,,,,8.815312
3003669607338516608,1.3262359,0,24.386602,0.45060143,27,-0.3167283,0.5030701,6.0990734,4750.0,12.05739
2315484970275561600,1.1532043,0,13.384186,4.0634522,25,,,,4500.0,13.236177
2316351389733605504,1.0114791,0,,,,,,,,8.423732
2373527300047757568,0.9324608,0,6.150553,0.18375859,16,-0.7652889,0.55231893,1.5991168,4750.0,9.932019
2393516009123708928,1.0937355,0,17.001143,3.3934171,4,,,,3500.0,14.362276
2420346429303836800,1.1234121,0,7.7851853,5.0090075,9,,,,3700.0,14.968108
2493008956600131072,0.90254676,0,8.422321,0.9583653,12,0.86321634,0.156951,9.152882,4750.0,11.697425
2542418299029222528,2.791814,0,5.00155,2.0542722,25,13.508128,2.5622532E-4,19.484676,3500.0,13.558339
2621082995876646528,0.8668194,0,-15.289134,1.2138628,9,2.2817612,0.0068925386,10.629131,4500.0,11.626645
2648522923455241472,0.97773737,0,-16.458069,0.19229874,11,0.7957607,0.07309409,1.6607361,5000.0,9.677211
2694001129561926528,1.02725,0,20.608025,0.27374354,7,-0.3163823,0.6902159,1.2752762,6500.0,9.557804
2714110647478299392,1.0354931,0,14.675302,5.4269176,8,,,,3100.0,15.461453
2520889895716230528,1.0940322,0,28.127558,0.1632397,14,0.5603039,0.082105614,1.0622959,6750.0,6.885321
2581429521337662464,0.9909665,0,-8.135502,0.38573086,10,1.5069083,0.015193371,3.1748428,5250.0,9.820518
2592588774085571712,1.0343902,0,-3.7825623,5.5985627,9,,,,3700.0,14.283718
2815543034682035840,1.10287,0,-2.1566439,0.3147323,7,2.1075346,0.0024225586,1.6600634,4250.0,9.641129
2858239098413038592,1.1582203,0,-72.93538,1.2774212,18,,,,3600.0,13.76727
2900085063563014912,1.0106181,0,-0.015861768,0.53815186,29,-0.13465297,0.51586634,8.447787,5250.0,12.184621
2979699158638798080,1.0788821,0,0.4914708,2.184523,32,,,,3500.0,14.78424
2259765951523900032,2.8200946,1,-0.025025245,2.1333864,18,,,,3400.0,13.975544
2295996612005424256,1.1131039,0,1.5379503,1.1785223,17,1.8367556,0.035026845,14.228403,4500.0,12.592059
2443151296897095424,1.041611,0,-0.12512547,0.14636669,22,1.226365,0.019859267,1.2496372,6000.0,8.008188
2482920460674736640,1.1554011,0,15.411684,0.2826966,12,0.23222837,0.23894696,2.4713678,5500.0,10.279524
2486041832450955776,1.069233,0,46.690372,0.15348482,18,1.0141362,0.02553655,1.6242027,5250.0,8.877049
2486041832451829888,1.0182518,0,,,,,,,,16.088978
2491984284777764224,1.190925,0,20.24992,1.4896756,27,3.1125607,0.13211598,17.696693,3700.0,12.854626
2493008956600419072,1.6788846,0,9.61364,2.0305035,12,8.426802,2.1094237E-15,19.677067,4250.0,12.212798
2493039747221086464,1.0872642,0,35.413284,2.7227857,14,,,,3700.0,13.7523
2610823830834970112,1.2434798,0,12.575432,9.883131,14,,,,5500.0,14.874554
2656748846684577408,1.0953238,0,4.367511,3.2736385,12,7.0475163,1.3887891E-11,29.960114,4000.0,13.43703
2668633124270775424,1.0594444,0,-37.43947,0.76076525,16,2.44511,0.012026492,8.0116005,4500.0,12.074045
2737723862275570304,1.1595144,0,-13.329182,1.7857262,14,,,,3500.0,14.076709
2509537987915369088,0.8814946,0,24.699059,2.3214095,8,13.355073,0.0,12.365826,5750.0,9.768715
2855386174976559488,1.040277,0,-22.20952,0.1518255,20,1.4433155,0.006718607,1.4102421,4750.0,9.170021
2863734972924912768,0.9373058,0,8.164909,2.494136,27,,,,3900.0,14.183149
2863735076004126464,1.0026519,0,8.864161,1.315361,25,,,,4500.0,13.498604
2868964181508234624,0.92828923,0,1.6608405,0.47291958,26,0.46933192,0.19374642,7.999023,4750.0,11.853782
2885816980343235968,1.0247015,0,29.145409,0.32683796,18,-1.2770139,0.8316758,4.160822,5500.0,10.794514
2923175464879376512,1.3667,0,8.490908,1.7727693,29,,,,3600.0,14.176208
2923681137147215488,1.3507321,0,6.893397,2.7390757,19,,,,4250.0,14.924375
2923990065556351616,0.98136455,0,31.774332,0.36210513,33,1.9091735,0.008281554,8.59001,5500.0,11.30665
2968519839804245760,1.5530993,0,27.1255,0.384523,42,5.8005342,0.5080319,5.983858,4750.0,11.635483
2989981860100454272,1.0259203,0,-4.462893,1.2142849,26,,,,4500.0,13.494782
2268234080844081920,0.7821677,0,2.061154,0.53140366,15,1.8603417,0.04297316,5.26425,5000.0,11.375222
2316830811163070336,0.9642754,0,17.127071,0.21780722,13,0.15441431,0.23916897,2.12187,5750.0,9.311156
2368541598932104960,1.0043621,0,27.666143,1.139425,31,,,,4500.0,13.355394
2413298800287857664,1.0604653,0,6.697626,2.41239,11,,,,3800.0,14.018268
2433361795118489088,1.4749837,0,,,,,,,,13.786817
2499730855295980800,1.2467391,0,0.7448573,2.3495734,5,1.2030566,0.18464495,10.511036,4500.0,12.549508
2605058953931701120,1.1724468,0,24.53211,2.1336,13,,,,3500.0,13.903978
2660454789280441472,0.97840583,0,5.8420343,0.27744347,20,1.0305514,0.046229947,3.7590547,5000.0,10.651087
2668633162926078976,0.9636319,0,-36.387283,0.28478837,15,1.3148593,0.038337965,2.2501984,6250.0,9.590383
2678424795007762432,0.93881166,0,-18.61397,0.7768033,8,1.113168,0.1560026,6.024889,4750.0,11.741618
2737723862275570048,1.2078449,0,-14.120626,5.330405,15,21.935122,0.0,61.814972,4000.0,11.659389
2830143999343352960,1.0287592,0,-10.744264,2.5831587,13,,,,4000.0,13.731444
2792149997087897984,1.1270865,0,4.641322,3.9546924,25,,,,3500.0,15.325146
2802326217721336832,0.99289995,0,,,,,,,,9.382345
2851406149043000448,1.2103701,0,25.201994,6.0751157,20,,,,3600.0,15.156318
2852446183965581312,1.1506155,0,-4.363447,1.5026487,22,,,,3700.0,13.79545
2878446644663563136,0.92623067,0,-3.41847,0.26371774,21,1.0260447,0.102522366,3.4766035,5750.0,10.558928
2928060148371422208,1.0652701,0,,,,,,,,8.725093
2928060251450651008,1.0791991,0,-23.059656,0.20432727,21,0.9380431,0.05288284,2.2755947,6000.0,9.301111
2965741133404697600,1.0376395,0,3.8154984,2.307182,38,,,,3700.0,14.574911
2966316109264051072,1.0716223,0,44.021973,0.16821948,25,-1.765266,0.72976226,2.4575424,4000.0,10.0537815
2989732545838913536,0.94792646,0,32.408188,0.27737072,28,0.10169809,0.3241516,4.63146,5250.0,11.075303
2994061185678479232,4.0105314,2,20.138802,0.31000602,24,5.37219,3.832863E-10,4.0275154,4250.0,10.662188
2300148157458355456,1.0940573,0,7.5274487,0.9450622,18,1.0580761,0.07860208,13.7024975,4750.0,11.864705
2331411778456143232,1.2878125,0,21.17964,0.2183439,8,-0.12559853,0.5096913,1.1859627,5750.0,9.573018
2387737560123760128,1.0606018,0,-8.28046,3.8214076,10,,,,3600.0,13.970769
2484824230697957632,1.0396717,0,-18.356148,2.3945026,23,,,,3500.0,14.028724
2627511118809628416,1.2361902,0,17.85973,0.41447014,10,-0.19555868,0.49127942,3.5001087,5500.0,10.630229
2640729653757156096,0.9735958,0,21.26859,0.9242547,16,-1.113205,0.89632183,9.236106,4250.0,13.172931
2648521720864397056,0.91514903,0,-9.949284,16.019659,6,,,,3400.0,15.339207
2703630858556307456,1.1584108,0,-15.594256,3.5314722,8,,,,4250.0,13.863422
2738207475594000768,0.94441634,0,-6.6383595,0.21465826,20,0.298144,0.24139705,2.7868981,5000.0,10.800307
2556421610401138176,1.0579262,0,-17.520267,0.2772728,18,-1.2340738,0.81535876,3.2756548,5500.0,10.852423
2586308977849316480,1.1790988,0,-60.718258,1.6984891,17,5.6128488,0.5851843,15.552692,4500.0,12.99924
2788241783006979456,1.1065466,0,-0.48964068,3.4533901,12,,,,3800.0,14.232487
2841129082578356352,1.0149415,0,23.152065,3.5940392,23,,,,4000.0,14.600057
2848420356498406784,0.9784163,0,5.164293,3.7001984,28,,,,3500.0,15.045619
2867613053515846912,1.1073631,0,3.9453332,0.21975228,26,0.91907,0.050755803,3.1806176,5000.0,10.568843
2870968522486285824,1.0917305,0,-45.085285,0.6303675,20,0.94613224,0.2681952,7.6388817,3900.0,12.58225
2876536277569940480,0.90650976,0,,,,,,,,9.262895
2895323014282408832,1.035592,0,,,,,,,,17.36364
2921037361441783296,0.9545914,0,-0.13607831,0.14339924,31,1.1581124,0.012941907,1.5762026,6750.0,7.160509
2923943954788185216,0.9458326,0,32.232437,0.23605385,20,0.06957521,0.21095024,2.8021355,5000.0,10.152346
2970238788794096128,1.0447665,0,10.410576,4.1965985,28,,,,3800.0,14.98837
2282624592107388288,1.0338535,0,-24.837734,0.23358095,7,-0.27132636,0.46684065,1.1462746,6000.0,8.872505
2286272256292832640,1.0118037,0,,,,,,,,13.111396
2365377719862967936,1.0290314,0,11.957458,0.19449043,18,-0.77947205,0.56711715,2.4483376,4750.0,10.292254
2411334282246752640,1.2086973,0,7.434865,1.6920819,13,,,,3300.0,13.72258
2431844499136649344,1.0093575,0,-14.479653,0.8064994,16,0.10996789,0.49352282,7.8438034,4500.0,12.642133
2532795304542721280,1.0627196,0,-0.6689512,0.16155134,20,3.7185287,6.8148915E-7,2.0360072,6250.0,7.239491
2605432547366879872,0.9406318,0,-0.35756513,0.12976071,8,-0.6463277,0.6680551,0.4490852,5000.0,7.516036
2616709172981181696,1.9755839,0,27.97366,7.526427,20,53.542572,0.0,82.79023,4250.0,11.8253765
2707371259675020416,1.1404904,0,-31.949036,3.1863518,9,,,,3400.0,14.308957
2726480325089431424,1.0723718,0,-12.338278,4.6000066,13,,,,3500.0,14.617191
2766840648166985728,0.88593745,0,2.72257,0.15594131,8,-1.570665,0.9043682,0.7662833,6000.0,9.231717
2534358706998049792,0.94676965,0,-78.88947,5.33705,20,43.471416,0.0,76.71195,5250.0,8.139087
2556421335522520448,1.0026716,0,-17.91634,0.2109221,16,-0.09615201,0.3970103,2.0511093,6000.0,9.904489
2778615558705882752,1.08221,0,-26.820185,0.2034971,11,0.25506386,0.37385255,1.643549,6000.0,9.40452
2851476964463714560,1.0102649,0,-23.387024,4.9960012,22,,,,3800.0,15.604891
2869735007878582528,0.96903694,0,-4.5418324,0.22844808,27,-0.56338835,0.48075587,3.665756,5500.0,10.318446
2878470043645393024,1.0414225,0,-2.745314,2.71126,21,,,,3600.0,14.686897
2888791193656045312,1.0072496,0,-1.5634269,3.5061355,20,,,,3500.0,14.93492
2923175396159900032,1.0440503,0,7.7804365,0.273949,32,9.907607E-4,0.33900174,4.4495816,4500.0,11.481818
2924248588228225536,1.2433981,0,14.832002,3.2858198,31,26.320396,0.0,54.2376,3700.0,11.944552
2924810404310681984,1.045198,0,6.7169213,1.2044563,29,,,,3800.0,13.628757
2953379358534610176,1.030015,0,47.816383,0.36136106,17,-0.29517677,0.7432945,4.8495026,6500.0,10.645907
2965021812280872192,1.0722643,0,29.497364,5.755436,23,,,,3500.0,15.436662
2968513959990529920,0.9369653,0,27.496082,0.9810422,47,5.006886,7.4798766E-7,26.974657,4500.0,12.979628
2970213839327613440,0.8966171,0,71.888306,0.25326347,22,-0.61162883,0.58103853,3.4549713,5000.0,10.959712
2991009147559075968,0.99584234,0,16.640247,0.21140912,27,0.19574116,0.35940444,2.733077,6250.0,10.165404
2262774730733531776,1.0558516,0,-20.908005,1.1106303,19,1.0226032,0.1287145,13.030222,4500.0,12.641072
2265105897246433920,1.2664992,0,11.832006,2.7839696,18,,,,3200.0,14.49976
2311612632057325440,1.069561,0,4.350552,4.926993,10,,,,3500.0,14.829454
2316830806868138880,1.1256417,0,19.005936,4.109583,12,,,,3800.0,14.742933
2462834444819106048,1.0802072,0,0.12861468,0.20457515,32,0.24426708,0.16191094,3.5856104,5000.0,10.647864
2466451528836359680,2.9565318,0,4.995105,1.369716,16,-0.090595104,0.5661967,17.973026,3500.0,13.136277
2594506318069242624,1.0389639,0,14.680471,0.42878377,3,0.6529382,0.2551848,0.99008465,5000.0,9.985735
2615507716009382528,2.4095855,0,-33.6971,5.3148427,9,7.7531013,3.295142E-13,35.083466,3700.0,13.40103
2642503578329698048,0.94349,0,-7.4022746,0.9630092,17,-0.0038651424,0.75080734,6.5634866,5000.0,12.253961
2664709929343961984,0.97292364,0,2.4394834,5.4259667,9,6.2001147,0.027070804,19.511518,3600.0,13.152184
2701412971804780544,1.1053548,0,42.973476,0.87949044,33,0.13008082,0.43386883,18.898148,4500.0,13.063054
2706702103770289536,0.9215173,0,-19.171494,1.9649731,13,9.382078,0.00415214,7.874584,3900.0,11.348911
2721089793243447680,0.9957356,0,-6.893522,1.3779943,6,1.4900777,0.07373966,6.971188,4500.0,12.2952585
2743815122334257152,1.0407104,0,-15.917342,1.1063249,25,1.6144072,0.09511977,19.204,4250.0,13.078211
2752477074937243776,1.1089052,0,7.305778,4.4159274,9,,,,3500.0,15.129127
2793413885703768064,1.0987873,0,4.6245685,4.183993,14,,,,3400.0,14.594601
2844851822791365632,0.9027503,0,4.72126,0.25085887,18,2.481445,4.3723E-4,2.763985,6250.0,8.702313
2851476964463714432,1.131541,0,-15.587111,4.2091255,23,,,,3500.0,14.563627
2864689069845056384,0.9240217,0,20.673023,0.64291966,27,0.9834646,0.08299553,9.269461,4750.0,12.115406
2867612847357419008,0.9527065,0,3.9175932,0.19407949,29,2.5514534,6.422346E-5,3.0493014,6500.0,7.9211116
2869734767360415232,1.0057257,0,-4.684035,0.47989747,23,-0.032791175,0.37732416,6.7982526,4750.0,11.838331
2911129249843742976,1.0629356,0,-0.03508735,2.395357,20,,,,5500.0,14.157425
2919850507356645376,1.0149812,0,81.674446,7.096228,25,,,,3600.0,15.144837
2924248549571488256,1.0371423,0,13.067236,0.51484936,30,0.099035636,0.8550815,6.1350994,4000.0,12.38146
2953379358534611840,1.1022493,0,43.70141,2.8388157,14,,,,4250.0,14.282621
2286272355075084800,0.98153645,0,-19.436552,0.4862793,11,3.3710032,2.6634167E-4,4.2338505,6500.0,9.09483
2292761432184097536,1.0979614,0,-31.26039,2.128216,9,,,,3500.0,13.847222
2393516004828451712,1.1404443,0,-4.8233256,0.14408307,13,-0.6899697,0.6914131,0.7666187,6750.0,7.4003196
2403291217250389760,1.1822065,0,56.157204,2.0036187,12,,,,3600.0,14.120762
2414120822669117184,1.1756403,0,13.77162,0.3690451,20,1.1767061,0.13419272,4.7266407,4250.0,11.760773
2431846221418944128,1.1059021,0,-14.313702,0.61325,17,-0.53035617,0.76766723,7.1848803,4250.0,12.450051
2487813184338628992,0.9374406,0,25.097557,0.14094792,9,-1.1991668,0.7992772,0.6853733,6000.0,8.3365555
2532795304542721152,0.9323469,0,,,,,,,,8.265204
2672088756173414144,1.3355596,0,-12.383147,0.42613703,23,-0.38989252,0.54213977,5.9510403,4750.0,11.814437
2698773903380062848,1.0628287,0,-55.5821,1.3643848,11,1.0896508,0.196566,11.630661,4000.0,13.10518
2588025285434296320,1.8727638,0,30.93026,1.0577618,15,1.6225492,0.05139566,12.8419285,3600.0,12.73919
2749472728134564480,1.2129033,0,-0.12249694,0.27209368,18,-1.0545726,0.74544543,3.1780882,5500.0,10.492669
2830526010914516224,1.338724,0,-28.063063,15.811536,7,84.97674,0.0,82.2261,5500.0,9.124669
2840599633369837312,0.99342924,0,10.6287565,0.31999305,41,-1.4171691,0.96813816,7.7385945,4000.0,12.357044
2841129078281791744,0.9454654,0,18.355457,0.66376704,20,-1.2771701,0.8612955,8.179999,5000.0,12.15341
2868784136478476032,0.9623984,0,-10.254622,0.2594373,21,1.8629204,0.0060509755,3.3761663,5750.0,9.702235
2876536311929678976,0.97365624,0,-24.840694,0.2718804,13,2.1713383,0.0026247767,2.5778217,6000.0,9.313359
2925423931801365760,1.1702487,0,1.5579264,0.234451,36,0.4797398,0.11763949,4.6859593,5500.0,10.342723
2937684414162626432,1.1011218,0,-11.771743,1.5431939,45,,,,3900.0,14.134123
2965741133404696960,1.0447292,0,3.3762517,2.1348076,38,,,,3700.0,14.384941
2969616602651252352,1.0105281,0,37.83171,2.064688,18,,,,3700.0,13.90478
2275214360476008576,1.0547425,0,10.008865,0.65581816,22,-1.1609063,0.91716003,9.945612,4250.0,12.4451065
2294917166465447168,1.0573488,0,-14.381245,1.5425355,21,,,,3800.0,13.791337
2300148161754333056,0.984679,0,9.896925,0.42662835,17,-1.4784485,0.906852,5.1022806,5000.0,11.80806
2312940945182514176,0.8912806,0,,,,,,,,16.64957
2331411774161459328,1.2141862,0,21.924547,0.24243048,6,-0.3348418,0.51784176,1.0359879,5750.0,9.655041
2373527300047757696,1.1015632,0,6.317826,1.9150376,16,1.5346112,0.08488333,26.062885,3800.0,13.133074
2425679541734918272,1.4297204,0,-11.108964,0.42906502,13,-0.31985012,0.5946857,5.2326126,4000.0,11.692504
2443300108923745408,1.1173128,0,6.772045,1.9135562,21,,,,3400.0,14.31614
2542417783633147520,1.136229,0,5.7690873,1.7620399,26,,,,3300.0,14.326026
2642502822415454208,1.0503304,0,-6.9872284,1.9437957,16,,,,4500.0,13.738533
2675105506842652928,1.0874306,0,-9.511878,1.4629121,37,,,,3500.0,13.980911
2737561203274235008,1.17684,0,9.477824,0.8630124,7,-0.5442981,0.7391167,5.3309426,4250.0,12.5747385
2589845526933975680,1.1047596,0,34.38839,3.1426127,25,,,,3900.0,14.458372
2793413885704410112,1.0152956,0,8.618871,0.12856261,18,-0.6676935,0.52520645,0.6790762,6250.0,7.1011844
2795761549187983104,1.0579497,0,-41.878227,1.1533301,21,2.6377409,0.36187765,9.1179085,4250.0,13.000577
2836098542002743424,1.1145679,0,-0.13527553,1.4925817,20,,,,3900.0,13.482381
2868964353306924288,1.3274964,0,4.5703287,2.893447,22,,,,3700.0,14.732952
2870968522486285312,0.9730663,0,-45.209015,0.12884487,25,0.9539282,0.032165673,1.0661736,5500.0,7.9964085
2884326008215945984,1.1939036,0,24.881525,0.34304774,19,-0.053142346,0.41008428,4.595188,4500.0,11.491803
2913717019181764480,1.0795639,0,39.951523,4.6815243,23,,,,3400.0,15.488937
2922203015567741696,0.9523596,0,-13.39588,0.28579238,30,0.202429,0.3096597,5.2598915,5250.0,11.456571
2956860652861868288,1.105123,0,20.58757,0.87413216,33,1.5119393,0.020531952,19.281609,4750.0,12.5016575
2989735565198378368,1.0930176,0,32.982086,0.44993365,31,0.094795324,0.29170728,10.717491,4750.0,11.863371
3003669611637743616,0.94485545,0,25.643122,1.0394493,22,1.045305,0.120340504,14.330145,4500.0,13.027089
2284308769043748864,0.9871764,0,-32.847404,7.5407186,17,,,,3400.0,15.517425
2292761230321460864,1.0446018,0,-30.926651,0.13932605,14,-0.16765809,0.38722956,0.73389816,6750.0,6.472392
2312940910822132864,5.216105,0,-5.064004,0.44644818,18,0.4711013,0.12573902,5.063195,3600.0,11.958533
2337472660210623488,1.0166662,0,,,,,,,,16.69739
2443151159458142464,1.0085645,0,1.1665027,1.8363101,22,,,,4250.0,13.557267
2615737410859977088,2.1974576,0,,,,,,,,14.626394
2681286926854601600,1.0949962,0,12.444476,4.0880957,12,,,,3800.0,14.358789
2705253497200989568,1.0538774,0,13.059093,4.453854,10,,,,3500.0,14.271133
2714298767045901824,1.0642825,0,,,,,,,,15.393793
2534623758019863296,1.1976634,0,-0.18925354,1.0429322,20,0.9332765,0.2521445,17.270575,3700.0,13.248978
2594068613657316864,1.1856,0,,,,,,,,9.483082
2594068884239798272,1.0346584,0,-42.460976,0.9485718,17,0.83750653,0.2100034,11.679184,4500.0,12.862942
2752042939643758080,0.94079417,0,14.413709,0.2599201,15,3.016735,9.467566E-5,2.1624622,5750.0,9.218209
2778427885814804864,1.2173169,0,-25.599703,1.1351566,10,,,,4250.0,12.578941
2795170802206102016,1.0598965,0,12.887565,0.3966285,25,2.037091,0.004552975,6.9276905,5500.0,10.678016
2802326969340450560,1.0361239,0,-6.682612,3.110996,14,,,,3700.0,14.4395485
2823026860577698816,1.2442555,0,8.679706,0.8879304,27,10.809596,0.0,15.640385,6250.0,10.059019
2841759515058056576,1.0954756,0,-26.61095,0.24707903,23,0.40561503,0.15947615,2.8247375,5500.0,10.432482
2864689245939988352,1.0108912,0,21.013084,0.26736468,20,1.0669423,0.039314147,3.4563465,5000.0,10.202665
2866964960130665472,1.2365772,0,-28.816023,0.3856928,37,0.4399017,0.30197757,8.624624,3700.0,12.274029
2866964960130665600,1.261847,0,-26.820366,0.89788616,38,0.5470373,0.4469315,19.960644,3600.0,13.521209
2904801835303287808,1.0835965,0,22.49091,0.29085466,23,0.6907744,0.09014585,4.7748566,4750.0,10.121469
2924810404310682752,1.0040933,0,7.416553,4.9425616,20,,,,3500.0,15.564765
2927592306178517504,1.1416966,0,35.592926,0.521829,49,-0.6395025,0.79887664,16.457582,3600.0,13.319321
2934654400640925824,1.0311589,0,6.962703,3.8185377,28,,,,3900.0,15.153065
2966316109264052096,0.868599,0,42.455254,0.124901794,36,1.9521691,8.22263E-4,1.1179352,5500.0,7.3360686
2994507965358870784,1.0008274,0,-19.540895,0.1670254,23,1.8824365,0.005316159,2.0566425,5750.0,8.829107
2262775486647777408,1.2074486,0,-21.995888,0.74360645,17,-1.064734,0.8412896,10.900724,4500.0,12.589221
2265105901543516288,1.0538394,0,,,,,,,,13.447306
2277380918075115520,1.0004033,0,-8.358439,0.7573758,16,5.453857,2.3237883E-9,7.1886077,5500.0,9.86245
2296644602311948160,0.9991831,0,,,,,,,,15.426839
2297798436685140608,1.10737,0,-27.917942,0.7974798,16,1.1473845,0.24141002,10.94994,4500.0,12.557831
2325176070057604480,1.0324143,0,20.987967,3.2706082,13,,,,3500.0,14.693188
2337472664505464704,1.1473212,0,0.72340184,0.3898871,9,1.5243677,0.028443152,2.930811,4250.0,10.724356
2394952035734237440,1.0045545,0,-5.5152464,1.7096694,12,,,,4500.0,13.151761
2415068464252314368,0.98948723,0,12.456916,0.13419008,15,-0.96351993,0.6481176,0.7908001,6250.0,7.641837
2455555158151811328,1.1000744,0,19.775978,0.19006038,54,-1.8916794,0.8733581,5.472622,5000.0,10.815903
2487812737662030976,1.2015667,0,23.318872,2.0653715,12,,,,3100.0,14.049296
2605057476462920064,0.992433,0,,,,,,,,16.655403
2633788947951692672,1.1868106,0,-15.7460375,2.0758116,14,0.47322652,0.5635908,26.654356,3800.0,13.404382
2633788952247058560,2.32917,0,-19.660456,0.84367776,13,3.7347176,0.67716014,2.767933,4250.0,11.19295
2686473525065158656,0.87142974,0,-83.20605,0.24207267,15,0.81427604,0.075234085,2.321846,5000.0,10.217298
2703633813493807232,1.0182904,0,-9.504942,0.30767512,10,-0.14086837,0.5288421,2.0755897,5000.0,10.733242
2718475193244347904,1.0657283,0,-20.967016,0.27151075,12,-0.79250014,0.69189566,1.8509502,5500.0,10.578913
2503402747391938688,0.88055795,0,-23.637224,0.3121443,9,-0.10722736,0.4784469,2.4499722,5250.0,10.8331785
2509537987914842880,0.9849623,0,27.418251,6.711486,6,,,,3600.0,14.912974
2868784063464098048,1.113305,0,-10.514979,0.99612856,26,2.4981596,0.015251276,17.58309,4250.0,12.798237
2875033176455625856,1.0612848,0,-2.3684835,0.25956422,15,-0.5880536,0.612769,2.6700625,5250.0,10.214099
2888791193656046464,0.8622758,0,-2.7240496,0.27063975,21,1.8870314,0.0098111145,3.074863,5750.0,10.229228
2904801835303287936,1.1998569,0,22.108633,0.47663584,30,0.23641291,0.4499145,10.122974,4000.0,11.862054
2913716847383081728,0.9687384,0,38.61459,0.13521399,21,-0.95491534,0.65606415,1.0231972,6000.0,8.699616
2923993020495009280,0.88832533,0,26.642223,3.4504433,27,58.189617,0.0,40.670933,5500.0,10.105802
2932313231147240960,0.9726684,0,-17.920649,0.15712821,18,-0.8410382,0.594438,1.6005001,6250.0,9.014265
2935238310031038208,1.0655596,0,-5.017936,0.2409071,6,-0.71716636,0.6985953,1.2489133,5750.0,9.857955
2960608235166437248,1.2094866,0,74.698006,4.966601,24,,,,3300.0,15.126483
2970213633168404992,1.0207522,0,,,,,,,,15.773417
3002223650769696384,1.2205324,0,,,,,,,,15.636409
2294889231998189952,1.9374493,0,-17.606548,2.1820827,13,,,,4250.0,13.752117
2319354568305747968,1.2042357,0,12.666356,2.3557484,18,,,,3500.0,14.121092
2388405925754381952,0.993482,0,33.803844,6.8435946,9,,,,3400.0,15.79178
2420346429303836928,0.9850283,0,,,,,,,,10.973257
2449070998781576960,1.000381,0,-45.888985,0.20182541,12,2.3075829,6.7987817E-4,1.4267159,5250.0,9.212888
2669930547992738560,1.0424167,0,11.886266,1.5618789,19,,,,3700.0,13.586953
2694000923403495552,0.82102364,0,21.937405,0.6846528,10,0.437196,0.3144977,5.7083855,5500.0,11.845453
2713220043060005760,0.8963416,0,-44.637802,0.29467922,8,-1.7725717,0.9481768,2.027485,5500.0,10.904147
2726051305100444544,1.0265542,0,-1.3766388,1.5982589,13,0.75759053,0.28026086,14.123943,3800.0,13.460553
2739498199165473920,1.1385838,0,15.254408,0.32379058,16,0.72002023,0.14194827,3.7485237,6000.0,10.137231
2766864184587766400,1.0099199,0,3.3494048,2.6586535,27,,,,3800.0,14.373549
2844851032517403776,0.92826575,0,5.856232,0.799607,27,2.5329819,0.010257065,16.065529,4250.0,12.958014
2855386170682263424,1.0863855,0,,,,,,,,15.474323
2867224032558304512,1.0097036,0,,,,,,,,15.166582
2872283263515298432,1.1217583,0,-32.31662,1.3826696,47,,,,3700.0,14.339409
2895322670684838528,1.0542252,0,19.584303,0.14013436,12,-0.58913535,0.51570606,0.74217033,5250.0,8.767145
2908057351794814336,1.0570447,0,-10.784923,2.3954089,32,,,,4000.0,14.283322
2913814119802247296,0.9037737,0,-14.241432,0.25401077,38,0.9649112,0.11229609,6.030983,5750.0,10.653733
2919850472996904192,0.9256837,0,78.57767,2.0054295,30,,,,3900.0,14.231737
2922156458120696192,1.0292709,0,-13.607689,0.59320647,31,0.8911363,0.072666615,12.802796,4750.0,12.45066
2925423072806388608,0.98355335,0,1.7636058,0.14147028,34,-1.5268028,0.785463,1.6216621,6250.0,9.136655
2925898061835567616,0.9876913,0,74.94033,3.303069,46,,,,3500.0,15.65147
2932577698050206592,1.0697668,0,111.08663,0.81736684,21,-0.1977157,0.6763878,11.390686,3900.0,13.262327
2937684414162625920,1.0639586,0,,,,,,,,15.793063
2953254014208708736,1.0570345,0,-34.04345,3.576588,19,,,,3600.0,14.799766
3001317378306265216,1.0735617,0,-3.3768406,7.1865015,12,29.03027,0.0,57.84172,4500.0,11.262108
2258122319079953792,0.9034769,0,-44.489258,0.48839775,20,0.44240665,0.25442365,6.2996902,5250.0,11.630501
2295996607714198016,1.1228557,0,2.0915885,0.38955155,18,-1.8723708,0.9842181,5.175769,4500.0,12.277802
2296632748202213504,1.1536515,0,2.651724,2.743884,14,,,,3800.0,14.165862
2301140466701660544,1.112565,0,-28.274145,1.7207699,19,,,,5500.0,13.866072
2414120822669117056,2.1318364,0,11.582825,1.1415915,16,35.510654,0.0,10.691741,5500.0,8.851476
2415068464252905600,1.0575196,0,14.278956,0.72217494,9,0.0364604,0.42863032,5.15145,4500.0,11.949196
2449070960126274176,1.1669732,0,,,,,,,,13.828672
2482920460674353664,1.1407639,0,,,,,,,,9.300806
2594555491149842432,1.0552238,0,-9.096754,5.097632,10,,,,3400.0,15.018463
2639705664835095680,1.0904224,0,-13.687909,2.7500572,14,,,,3400.0,14.771917
2656748850978974464,1.1945493,0,1.4806459,0.95366925,12,-0.31380183,0.70552814,9.952206,3900.0,12.619469
2675103960654423296,1.1215955,0,-10.442576,0.18400902,38,-0.037107892,0.35740912,2.9320755,4250.0,10.708447
2697080449314615168,1.1107637,0,-9.115813,1.5311445,10,-0.48509458,0.45642358,13.763633,3300.0,13.499303
2739496687336985984,1.0026331,0,14.919086,0.33982226,11,0.63533294,0.122609116,2.6267805,5750.0,9.410584
2579240290607441920,1.0122429,0,-9.035089,0.5599602,17,0.97632724,0.10215498,5.452509,5000.0,11.8150835
2581429521338139264,1.1409439,0,-9.297362,0.28232363,12,0.8274293,0.10005982,2.1398993,5500.0,10.218284
2588028343451010432,1.1105227,0,32.4839,2.895871,15,,,,3300.0,14.607249
2771235464862735360,1.0553411,0,-3.7233777,2.2290604,20,,,,4250.0,13.944917
2785089036493644800,0.9990319,0,16.828579,0.18896504,15,0.5747131,0.1621376,1.4837294,6500.0,8.218225
2795170011932120448,1.1940415,0,13.138859,0.14346005,21,-0.5587609,0.38119417,1.1291924,5250.0,9.232258
2841759515056220672,1.2468731,0,-25.55134,0.54359883,21,-0.30430272,0.49824724,6.6521397,5500.0,11.840975
2848273159379049344,0.98109007,0,-18.577953,0.2254956,27,1.8750694,0.0039739045,3.0205936,4250.0,10.525644
2851407145475411584,1.0489792,0,31.745564,2.3370402,33,,,,3900.0,14.511135
2906262295982429056,1.3471698,0,38.5316,0.3454407,19,0.5160697,0.31958818,3.2927628,5500.0,10.393747
2921037361441783168,1.2815375,0,0.26761895,0.28769004,7,-0.4283575,0.64499277,1.379277,6000.0,9.931518
2968745652003208960,1.1047448,0,28.780785,0.27357143,16,0.5894306,0.1224283,2.8355942,4750.0,10.679448
2974511044302987136,1.4879314,0,3.894313,0.36756617,29,3.179951,0.0021275803,5.3784027,5250.0,11.38412
2260001448874494080,0.962105,0,-25.69917,0.67087734,10,3.648101,0.6042198,1.0351734,6250.0,8.964973
2277380677556833920,0.97800237,0,-37.71249,4.7432723,18,,,,3400.0,13.905496
2287252677065042560,1.0351235,0,2.0329115,0.29070643,9,0.67166066,0.14881451,1.8650894,5750.0,9.513925
2294917166465447552,0.97843957,0,-10.639859,6.0777116,13,,,,3500.0,15.496005
2297798432394546304,1.110192,0,-28.187374,0.77222955,18,0.89211124,0.16347833,9.14118,4500.0,12.564492
2342345184644060544,1.112304,0,14.4647875,1.2662947,16,0.68602604,0.2464564,14.907973,4500.0,12.623738
2493040193897684224,1.1173649,0,34.053234,3.1052496,11,,,,3700.0,14.030069
2523361151179609344,0.97919255,0,12.227382,0.13301241,23,2.4899075,2.6913034E-4,1.0872183,5750.0,6.8973174
2612327756583580288,1.0565614,0,,,,,,,,15.14754
2627511118809628544,1.0195918,0,17.451757,0.23803137,12,-0.38227922,0.5596504,2.2297115,6000.0,10.17982
2678276223498991872,1.1196315,0,-5.7037477,6.198556,9,,,,3700.0,14.545722
2678424760647954176,1.0865792,0,-20.040247,0.41853586,12,-0.39482045,0.7038854,3.3698235,5250.0,10.744998
2713055562992212736,0.9781158,0,-27.437988,2.1298141,8,,,,3700.0,13.767926
2723697044549056256,1.2368404,0,-22.904016,2.047806,9,,,,4000.0,13.8309355
2503402743097074304,1.0143375,0,-24.736935,0.26979038,12,0.1660414,0.26554006,2.2800198,5250.0,10.219147
2785111542122276608,1.0193644,0,18.348076,1.6672615,15,,,,3800.0,13.592646
2789120739474420992,1.2116916,0,-3.5213897,0.18393293,15,1.1364712,0.019360283,1.4179187,6750.0,7.332899
2885554884257723776,1.1511495,0,-9.139026,1.0969145,23,1.6589653,0.07563616,19.59384,4250.0,12.977926
2923943954783531264,1.6941422,0,32.799328,0.47755554,18,0.698834,0.1263462,6.640194,4750.0,11.334555
2935238310031037952,1.0465536,0,-5.4471073,0.16914384,13,-0.07164904,0.2752575,1.2694216,5500.0,9.206469
2965021812280872576,1.0837754,0,38.563812,2.5595236,35,,,,3700.0,14.766989
2975609284621432064,0.89951575,0,40.692276,0.2529009,31,-0.5507279,0.5686465,3.7856827,5500.0,10.994263
2984020922233440384,0.96313626,0,62.016838,0.14803295,17,-1.8189495,0.8803352,0.94727707,5500.0,9.018663
2989981860100454016,0.95532286,0,-6.1255546,2.1418843,26,5.74491,8.0906095E-5,27.257671,4500.0,12.962454
2991008872681875200,1.3151808,0,17.078032,0.25974706,31,-1.1842263,0.798061,3.8312016,5500.0,11.212549
2268234080841939968,1.0933204,0,4.585611,0.5779089,16,-0.5770124,0.71534806,6.848953,4500.0,12.198073
2292302768333547136,1.0344254,0,,,,,,,,16.00884
2301139577645160192,1.0993541,0,-26.820122,2.9441872,19,,,,3500.0,14.721426
2304480340645284736,1.3719018,0,-10.726586,3.430337,16,,,,3600.0,14.964666
2390974831593735296,1.3242903,0,,,,,,,,14.681078
2394952280547615360,1.0892428,0,-3.444053,0.5607034,10,2.0487518,0.0057973773,5.0568523,5000.0,10.596179
2425679782253086720,1.2191434,0,-11.293479,2.0432334,14,,,,3600.0,13.952121
2453298758428483072,1.2752547,0,9.177069,0.77893794,20,-0.39505228,0.7215726,12.7599125,4250.0,12.604175
2594372731701453696,1.1612601,0,-10.639386,0.46472108,14,-0.14108898,0.44150862,4.570917,4750.0,11.902972
2594506116205397632,1.336045,0,13.7057495,1.7772872,4,-0.104666315,0.55656415,6.8472805,3700.0,13.016744
2609095192397439744,1.1148123,0,-3.437158,2.807364,13,,,,3400.0,14.471029
2615737410860420864,1.1757346,0,-17.528595,1.5061496,9,0.6437417,0.28111926,12.2159195,3600.0,12.91624
2660454784985050368,1.152197,0,5.8026075,1.7716696,20,,,,3600.0,13.97772
2703946830710306176,1.0935255,0,-32.891304,2.9906638,11,,,,3600.0,14.811273
2703946865070044288,1.1426238,0,-33.381603,2.4418077,13,,,,3500.0,14.155104
2520139272871710976,1.3946196,0,29.730013,1.8001686,11,3.7578175,4.4249665E-4,16.957563,3900.0,12.679417
2534358706998049920,1.2315874,0,-81.57622,0.7365099,18,0.030054173,0.6840199,8.109291,4000.0,12.8475275
2836098885600123392,1.1567357,0,0.3980448,1.8944688,20,,,,3800.0,13.957519
2911129249843743744,1.0381637,0,1.4293817,1.6718452,27,,,,4250.0,13.735246
2925898233634243072,1.0837806,0,,,,,,,,14.8887005
2938114838607357056,0.9798869,0,61.239815,0.5070788,53,1.1262094,0.7375081,9.469219,5500.0,12.626288
2943410567639168256,1.1532623,0,15.224328,4.805939,17,,,,3700.0,15.060941
2960607857209318656,1.0638949,0,,,,,,,,16.002945
2968745647707193856,1.151461,0,28.168854,1.4495606,20,2.2104042,0.03082253,22.769115,3700.0,13.436551
2969616637010988800,1.0266038,0,37.034306,6.1499414,19,,,,3800.0,15.020545
2974511044302986880,0.997657,0,4.761296,0.1642905,22,-0.93297994,0.68331397,1.7985678,6250.0,9.578331
2981827740133127680,0.92030346,0,31.975016,0.80494803,28,0.9189235,0.2238384,15.547886,4250.0,12.891974
3001317378304791296,1.330232,0,7.0133057,1.2847171,11,1.9954538,0.042684924,11.669712,5500.0,12.608583
2259765848444682752,0.9788778,0,2.1772416,0.2518788,16,0.9931679,0.048605956,2.813042,5250.0,9.948188
2368220919493410176,1.0644478,0,2.849257,4.901143,17,,,,3600.0,15.313257
2390974419276875776,1.0651505,0,17.20027,0.8719914,8,0.49020615,0.2760623,6.8066254,4500.0,11.567235
2393291223420191104,1.1487725,0,-62.214058,1.134132,15,2.5634854,0.5228855,8.821693,3700.0,13.343968
2413298697208642432,0.92969286,0,6.115801,0.18262689,9,-0.99780536,0.7293411,1.160459,6000.0,8.7456665
2453323222562199424,1.0410752,0,-1.298041,10.229944,19,,,,3400.0,14.760142
2462835265157622272,1.3703505,0,-0.2929906,0.5132195,33,1.1274853,0.11437035,9.836597,4500.0,12.357224
2594556109625136128,0.98768586,0,-8.29205,2.866697,11,,,,3900.0,14.34143
2612326072956399616,1.0778286,0,-20.59428,0.21565388,14,-0.27851066,0.45162967,1.885107,5500.0,9.972186
2617156051445004800,1.0848941,0,20.762121,1.7396874,20,,,,3700.0,13.721618
2619215402361689600,1.3065844,0,-23.370108,0.9598349,13,-0.6586755,0.62233657,8.698517,4750.0,12.765376
2664709933639777280,1.0651968,0,-2.790725,1.6139462,9,-0.48699024,0.8174028,12.55417,4250.0,13.226616
2678276223498991488,1.0619137,0,-8.931172,4.457242,7,,,,3300.0,14.631556
2698773869020321792,1.0359963,0,-54.718227,2.95073,6,,,,3800.0,14.227203
2713218526936034048,1.0459882,0,-42.874985,2.9252756,9,,,,3700.0,14.149592
2726480325089431168,1.0126677,0,-5.9706492,5.8537254,11,,,,3600.0,15.323071
2516587953393346816,1.298911,0,-1.7083175,0.14985697,8,-2.0070717,0.9704749,0.6869081,4500.0,9.911308
2516587953393347072,1.1345992,0,0.76199377,4.797572,4,,,,3300.0,14.48831
2771247284612733568,0.9756474,0,-7.127794,0.5751553,20,0.10258466,0.36248735,8.1818695,4750.0,12.209822
2867224032558303744,1.147939,0,-17.40356,0.12738813,24,-0.28550592,0.25938514,0.9305916,5500.0,8.343958
2884326003918783104,1.0416338,0,24.374832,0.3985217,21,-0.56083125,0.7279444,5.5850887,4500.0,11.77549
2910248953346842112,0.98817456,0,-3.6607485,0.15214503,28,3.2288754,2.9133653E-6,1.8560455,6500.0,7.085725
2932582130456449024,0.99999154,0,123.958496,8.943202,17,,,,3600.0,15.59652
2938255026338304512,1.7889805,0,28.797005,3.0997498,40,,,,3600.0,15.258042
2956860652861869184,0.8987789,0,21.363565,0.36907512,32,1.7956319,0.012761964,6.679367,5500.0,11.159679
2979698918120632576,1.0190332,0,-0.19295576,5.1470494,25,,,,3500.0,15.515432
2989616100685271424,1.2181615,0,56.290382,4.0379457,36,,,,3400.0,14.326878
2994061593699150336,1.0885632,0,21.966919,0.18368971,21,-0.5377357,0.5357307,2.4427052,4500.0,10.582754
2282624592107389184,1.005587,0,-24.53546,0.121742375,23,-1.1209857,0.64913654,0.649374,5500.0,7.7297273
2292303008851709184,1.1802098,0,-6.166204,0.7812935,15,0.12689584,0.41767475,8.334591,4500.0,12.815596
2294889231998190080,0.8272202,0,-15.263885,0.3809105,15,0.6625544,0.21209526,4.538685,5000.0,11.341897
2300162897785547392,1.1906502,0,-17.61966,1.236697,15,2.937499,0.0010189356,13.802445,4500.0,12.86097
2300162902082071424,1.7660773,0,-21.104126,2.0530481,16,,,,4500.0,13.746271
2302119650525627008,1.0685145,0,-28.16101,6.6179066,13,,,,3500.0,14.308676
2311612632057325312,1.2211936,0,6.331147,3.1381574,8,,,,3500.0,14.445883
2315484974570922880,1.0499913,0,25.43842,2.3978698,27,,,,4250.0,14.186953
2325176100122785536,1.0521344,0,25.318632,2.0233765,16,,,,3900.0,13.876811
2365377406330609920,1.0322183,0,,,,,,,,15.119369
2403291212955178112,1.2606289,0,56.51385,0.86706895,13,0.523004,0.47800553,8.002644,4250.0,12.830613
2411333904289631488,1.0683491,0,8.203201,0.30276248,13,1.0610843,0.09185623,2.5437818,4500.0,10.738729
2433361039204245120,1.453458,0,2.9686847,2.506173,11,,,,3400.0,14.26207
2443287533259504640,1.1549664,0,,,,,,,,13.863679
2465622497069530496,1.0036844,0,-16.615442,0.2779083,17,1.622567,0.0046875523,3.8696232,5500.0,9.321691
2466438953172606976,2.6794634,0,7.0182605,0.6855824,17,-2.219259,0.9897694,8.373241,3500.0,13.302506
2484818733139820800,1.0576687,0,-20.782333,0.17849688,26,-0.6724008,0.4486249,2.5582886,5500.0,9.683857
2499730855297293440,1.340816,0,2.420103,3.7385473,4,,,,4500.0,13.338122
2615507406771731328,0.8663585,0,-23.86644,0.36034328,10,0.04098092,0.39362577,2.447794,4750.0,11.056637
2631805501990084864,0.9953859,0,20.386276,1.9228703,14,,,,3600.0,13.726178
2639699651880882688,0.9793509,0,,,,,,,,16.465845
2723697048842388864,0.8919653,0,-22.665865,0.22604086,11,-2.1344328,0.98364913,1.7823067,4500.0,11.523239
2830143964983647104,1.112575,0,-11.495549,3.0213351,12,,,,3900.0,13.938312
2516998655346030848,1.1032864,0,-6.225515,4.508429,7,5.173429,7.5242735E-7,29.880001,3500.0,13.674416
2516999583058943872,1.0664914,0,-5.43019,7.286685,5,6.179863,6.0007066E-10,32.017265,3500.0,13.57469
2537993142683627008,1.2269855,0,-10.710553,3.609232,17,,,,3600.0,14.534861
2749473552767582848,0.861308,0,0.04567014,0.18264472,11,-1.0959848,0.7836448,1.1425508,5750.0,9.257578
2752477074937243648,1.2277799,0,11.258469,2.960109,16,,,,3500.0,14.502709
2823026654417791488,1.0273491,0,7.113421,0.60202426,22,1.0377347,0.17955096,8.768763,7750.0,8.785133
2848273159379049600,1.2241932,0,-17.937403,0.32582182,28,0.4531151,0.09347401,5.517214,3800.0,11.508089
2852446390124011392,1.0356089,0,-3.4405813,5.186907,17,,,,3300.0,15.25373
2885815537233926272,1.0884836,0,28.948893,1.7096038,20,,,,4500.0,13.459255
2900085067860451968,1.0056281,0,0.81782913,0.66489995,26,-0.57030904,0.9344231,9.97743,4750.0,12.513561
2906262295980642176,1.4557811,0,39.02908,0.37033316,16,1.3187599,0.038161147,4.446827,5250.0,10.701699
2913801715936708352,0.9619523,0,-14.845546,0.1908256,30,0.17840391,0.4072954,2.347989,6500.0,9.446778
2932313196787509376,0.95327,0,-17.943382,0.16935623,23,-1.5086783,0.8658265,1.68923,6000.0,9.742313
2953254014208707712,1.1480019,0,-29.724728,5.9494996,15,,,,3600.0,14.509617
2983316311375470976,1.1727192,0,-13.988693,0.23253272,20,2.0646255,0.009348134,2.2887316,5750.0,10.045975
2984020926529676160,1.2414299,0,62.9871,1.0731243,16,2.766523,0.9119817,3.8183937,4000.0,12.138326
3002223685129434496,1.0228028,0,,,,,,,,13.233685
2287252677067312512,1.2153368,0,2.7787197,4.609829,16,,,,3600.0,14.531251
2293826206115599616,1.308911,0,-12.858225,0.5368791,17,-1.0521662,0.89336455,6.1865654,4000.0,12.405043
2302119654821597184,1.1294115,0,,,,,,,,14.622854
2342345184644060416,0.93338424,0,12.383556,1.6596999,17,,,,4500.0,13.578199
2368541564572366720,0.93343246,0,27.367245,1.6755898,26,,,,4500.0,13.662378
2393291944974839424,1.0769509,0,,,,,,,,15.892364
2455555226871440896,1.1615521,0,18.649899,4.733116,43,,,,3700.0,15.398182
2523361151179609216,1.0606306,0,12.073471,0.17047566,8,-1.0595392,0.7175109,0.7683859,4250.0,9.473498
2594372731701453824,1.0509888,0,-11.54562,0.52308226,15,1.24842,0.044936206,6.220978,4750.0,11.1266365
2609093508770258688,0.9910829,0,-4.2511325,0.2227125,14,-0.7911457,0.68128794,1.9794884,4250.0,10.686625
2616709241700658816,1.1085058,0,18.582012,1.8073624,20,,,,4000.0,13.39681
2617155810925321600,1.2558132,0,18.231646,0.9589086,16,0.2510481,0.46177024,11.835506,3800.0,13.008712
2619203208950073856,1.1393676,0,-23.00796,0.6716642,15,-0.44442025,0.67639565,8.466206,4500.0,12.521559
2631805948666681472,1.0135645,0,,,,,,,,15.89458
2672088790533178880,0.9843551,0,-12.955712,1.9147813,22,,,,4000.0,13.795856
2680136803331701504,1.1449779,0,-14.319153,2.4225285,10,,,,3300.0,14.101019
2681280806525080448,1.069928,0,8.78982,0.24232836,10,0.65948004,0.27865344,1.4066963,5750.0,9.514463
2700084315081609344,1.0363628,0,-11.034719,0.16216351,7,0.8724451,0.16741751,0.69986916,4750.0,8.325427
2713054802782684928,1.0917817,0,-25.141226,1.0631988,8,-0.8336498,0.8202212,7.3996334,3500.0,13.484415
2718476292755973888,0.9919459,0,-19.536404,0.46863496,11,-1.7369169,0.9557632,3.6125832,4500.0,12.082736
2721089861959483392,0.8210453,0,-5.225919,0.497725,9,0.564471,0.24988388,3.8507946,5000.0,11.279139
2743815156693995648,1.0666318,0,-15.326946,4.0302343,21,,,,3300.0,15.240542
2579240324967179648,1.0544736,0,-10.966802,0.2177636,16,-1.0474932,0.7315772,2.1421843,6000.0,9.460694
2840600492363295616,0.90375817,0,9.513128,0.15110035,33,1.0848525,0.021469751,1.9187851,5250.0,9.571942
2848420253419167360,1.0520599,0,-1.3112509,2.4202986,29,,,,3600.0,14.844813
2858239094117963520,1.0942433,0,-74.02559,2.5375433,17,,,,3600.0,14.776181
2927592306178516608,1.1090367,0,33.05092,1.4515867,43,,,,3500.0,14.400987
2938113258058256000,1.119966,0,60.17092,0.22360961,56,1.3821349,0.045246042,5.313095,5750.0,10.928331
2943405482397898752,0.9888739,0,42.801094,0.15331607,23,-2.3223732,0.9671351,1.4458809,5500.0,9.966132
2970239544708337664,1.013063,0,,,,,,,,15.824507
2983316311375257472,1.1150705,0,-13.135241,0.281526,21,0.14490208,0.2895552,3.8765879,5250.0,10.8099985
2260001453171100544,1.0502008,0,,,,,,,,8.999636
2284308906482694784,1.0654517,0,,,,,,,,15.826284
2293826691448031872,1.0780704,0,,,,,,,,15.560695
2368220919493410048,1.0803161,0,8.140259,4.0053368,20,,,,3600.0,14.838448
2387744535150647168,1.0115823,0,-12.127623,1.8165762,14,,,,3800.0,13.782011
2610824689828429824,1.1962342,0,4.9297423,4.5342746,15,,,,3500.0,13.64549
2621082995876646400,0.99649215,0,-16.157274,0.594359,8,-0.32207137,0.5398437,4.149952,5000.0,10.895847
2640728897842913152,1.0547032,0,21.653355,5.77456,12,,,,3700.0,14.788338
2701413006164520064,0.99740696,0,43.866302,2.0727503,33,,,,3900.0,14.418673
2726051824792173824,1.1773874,0,-1.1982521,0.25180206,11,-0.83358985,0.7491731,2.4061604,4500.0,10.792001
2737561198983795072,1.101791,0,8.663948,1.1494199,6,0.42213902,0.35028628,5.7228656,4500.0,12.444989
2534624685732797824,1.2751004,0,-0.23936413,1.6399764,18,,,,3600.0,13.788323
2537993142683627136,1.1561898,0,-10.147703,0.90345377,16,0.23456365,0.5384172,9.148645,3800.0,13.025886
2586308982143010304,1.1055465,0,-60.413166,1.2416114,17,0.9258296,0.29978985,14.514706,4000.0,12.888659
2589844839739209088,1.1282165,0,34.814922,0.9670943,29,1.294047,0.13828196,18.553768,4250.0,13.050264
2795761549187982976,1.0376135,0,-40.124428,8.930065,13,,,,3400.0,15.483227
2815542965962559488,1.5929548,0,-10.379754,7.568408,9,112.02842,0.0,43.63556,6000.0,6.409186
2830526010914515968,1.0807382,0,-8.534477,2.4747713,14,,,,3800.0,13.914134
2872283744552752768,0.9265132,0,-34.72762,0.15243052,46,0.0275078,0.14141384,2.7011604,4000.0,10.460076
2875031527188163072,1.1257288,0,-1.371484,0.2341032,26,-0.41844365,0.5126876,3.488026,4500.0,11.190818
2910249056426952064,0.98716015,0,-3.2124803,0.24843018,14,0.96705806,0.050669912,2.23803,4500.0,10.183065
2930555936690414208,3.780368,0,33.34,1.8221273,22,2.863502,0.0046977,33.301422,3800.0,13.548465
2930555936690417024,1.0212121,0,31.443325,4.8707247,18,,,,3500.0,15.257957
2948781475783730560,1.0750687,0,-10.456685,5.407522,18,,,,3800.0,13.93775
2975609284621432192,1.0512363,0,40.64608,0.37578395,29,-1.7663281,0.97487223,5.7008095,5250.0,12.1588745
2994507175084883200,1.01992,0,-19.03448,0.8924432,31,3.3610926,0.0012580553,13.939105,4250.0,12.907459
3004426006915381632,1.0832009,0,-9.23414,5.287075,10,,,,3500.0,15.187944
3018917845047368320,1.0962843,0,16.658308,2.3629215,22,,,,3600.0,14.284346
3196855282103368448,0.95468324,0,-4.8278418,0.37406912,6,,,,5500.0,9.484706
3042922967023241984,1.0486771,0,29.852741,0.6937573,23,0.17760329,0.35748255,11.913366,5000.0,12.357726
3060346957848480896,1.3066441,0,7.988983,0.338808,19,0.58424914,0.34485516,4.0351553,4500.0,11.009943
3071567443946084352,1.0351615,0,-16.86095,1.0498021,22,-0.12989573,0.8609013,10.592995,4250.0,13.253817
3092574438228451200,1.0112838,0,31.130787,0.5898807,9,3.6450539,3.6041412E-5,4.4469185,6000.0,8.717775
3112838123994781440,1.2122271,0,33.121506,1.6164297,13,2.1759756,0.013973499,16.155596,4500.0,12.770802
3265932027102626944,1.6986897,0,,,,,,,,10.168759
3346799805954387328,1.1498277,0,-8.017724,0.30845165,11,-0.5601409,0.716817,2.0674849,4250.0,11.091507
3383951204344435968,1.1359384,0,73.01188,1.6639533,16,,,,3900.0,13.548737
3404160743459150976,1.0095596,0,,,,,,,,13.019958
3420112389433836544,1.2044903,0,-11.861738,3.5546584,14,,,,3500.0,14.708359
3517300661753423232,0.85972786,0,10.229414,0.15163375,24,-1.6759328,0.8580669,1.6236525,5750.0,9.560576
3535756479823139456,0.9988683,0,21.797365,0.13661577,19,0.16585088,0.3455213,0.9860649,5750.0,8.29507
3585730176658712320,1.0507473,0,16.00771,1.4039272,33,,,,3900.0,13.8680315
3013110636947068160,1.396499,0,-9.699466,0.48522842,22,1.2204555,0.0885704,7.736218,5500.0,11.513036
3180245642841439488,1.1743685,0,41.40992,0.34326726,21,-1.0496022,0.8973164,4.9232025,3800.0,12.162404
3213110152770628224,1.2383507,0,0.35291508,0.50295556,27,0.44808674,0.24488096,8.662003,4750.0,12.0507555
3036050297795460736,1.0308046,0,12.19498,0.9665174,37,1.6259977,0.07589031,28.136028,4250.0,13.147043
3053907221325174144,1.3310362,0,56.48872,0.3705566,17,-1.9210001,0.9526167,4.919716,3600.0,12.084899
3070770401096996096,0.9795649,0,-8.377782,0.29631463,14,0.88212556,0.090532705,2.4693952,5750.0,9.961053
3143403142795782912,0.90662223,0,-5.594221,0.8766408,11,0.6928636,0.21809588,7.6811514,5250.0,11.864041
3158878734598549376,0.9660329,0,-17.574574,0.4273639,6,1.059522,0.08489984,2.102312,5250.0,10.170298
3161976471169923200,1.1062595,0,10.474784,2.022198,11,,,,3600.0,13.673818
3163403568542206464,1.067621,0,54.21903,5.2338047,11,,,,3600.0,15.053303
3163696103058961920,1.1045699,0,-2.296701,0.8533919,2,2.135168,,,5250.0,9.178497
3274214755569307392,1.053788,0,124.13534,3.8101268,13,,,,3300.0,15.203036
3295354481521174656,0.91541874,0,12.202468,0.12068689,28,-0.65080535,0.41264677,0.7166338,6000.0,7.001126
3309505745927087104,1.0997646,0,38.587807,2.9245503,13,,,,3300.0,14.66456
3454062903318992256,1.1325103,0,,,,,,,,9.555924
3512770806990129408,1.0814008,0,3.4556541,1.3827411,17,2.4348087,0.005651753,15.69492,4500.0,12.803007
3517300180717085568,1.0062162,0,9.204357,0.12217854,32,-0.18848751,0.23698682,0.79657936,5250.0,7.7633476
3550084490721711872,0.9923086,0,24.45129,0.18019886,15,1.2182842,0.031761106,1.6451054,4500.0,9.504441
3585731688487203200,1.0018764,0,16.095467,0.30405992,35,1.4782168,0.01738519,6.1600533,5250.0,10.774635
3690917567868351744,0.93530905,0,-6.1519527,0.6511074,12,1.03582,0.49963942,4.0235653,5500.0,10.034272
3103573883837686144,0.84884727,0,-40.631016,0.47592095,15,1.7703677,0.028662045,4.7248116,5250.0,11.171038
3174300553406095104,1.0374796,0,-10.863834,3.438318,20,,,,3400.0,15.363961
3174440397541271040,1.0561103,0,40.456295,0.1393932,25,-2.1056256,0.93896765,1.2744408,5500.0,9.762109
3192532758297814784,1.2599325,0,,,,,,,,13.720434
3246337222362074496,1.0852795,0,,,,,,,,15.97816
3098418479971529856,0.86684775,0,21.358845,0.14751764,31,0.62644726,0.044781208,1.5795898,5000.0,9.832666
3138972381516937472,1.1641699,0,24.437025,3.5200045,7,6.8539524,5.926465E-10,23.278988,4000.0,12.348869
3159948250173099008,1.1052833,0,,,,,,,,15.308457
3162737195776911872,1.0565852,0,-11.670189,3.8044877,12,,,,3600.0,14.282667
3304090857318319232,1.130613,0,,,,,,,,13.886915
3328834297055755648,0.90421945,0,34.44638,1.489991,6,2.2083693,0.007288341,7.819206,5000.0,11.506916
3383562080307910784,1.1954105,0,27.7654,2.5116446,5,0.33350843,0.41573212,11.21398,3900.0,13.199438
3415940567440547584,1.1050531,0,44.07345,1.7999198,20,,,,3800.0,13.966419
3451243755507548672,0.9787621,0,7.076605,0.95835006,14,-1.2602429,0.9233445,11.556413,3900.0,13.150231
3484461101291673984,1.0367874,0,26.368252,17.115616,20,99.45928,0.0,162.37085,6000.0,9.942376
3497985231750610048,0.9595826,0,-10.358817,0.32929614,14,0.64786345,0.21589273,3.6120968,6250.0,10.176235
3595368976623187072,1.2228147,0,-4.3421783,2.0632014,18,,,,3500.0,14.151675
3600231566795850496,1.1889522,0,28.15395,0.4711438,24,0.24180032,0.2896492,7.3500633,5000.0,11.882692
3630015546177181952,1.5704417,0,14.357328,0.6298827,20,-1.3393354,0.22012718,11.515226,3300.0,12.70625
3015130405447132288,0.9564551,0,54.48814,0.27941385,22,-0.59665287,0.6898849,4.349289,6000.0,10.910004
3026564158149723904,0.94368094,0,-7.931994,0.14473094,24,-0.112521246,0.22833875,1.4323506,5250.0,9.238346
3192532758297814656,1.1446898,0,-7.231054,0.16816808,17,0.76138014,0.067770936,1.4503946,4750.0,9.424001
3203683695989446400,0.96660954,0,24.626156,0.22524264,20,-0.741093,0.6089846,3.1761322,5500.0,10.602085
3227274920553343616,1.0781834,0,14.979226,1.4016478,25,,,,3700.0,13.636847
3046204150242468480,0.9138741,0,59.242527,0.37476337,11,1.2977374,0.037496924,2.9672737,5250.0,10.36943
3143533022608657152,0.98126197,0,24.053383,0.7635395,10,1.2261919,0.07115606,5.5914993,5000.0,11.590284
3152885812111259648,1.0638787,0,38.991695,3.7514184,11,,,,3700.0,13.862407
3238095832958631424,1.0545439,0,32.992214,4.3890524,13,,,,4000.0,14.536048
3267216089180418816,1.4029146,0,6.4338737,0.43238887,12,0.14286682,0.54137826,4.068462,6750.0,10.141463
3284251956702482432,1.2941221,0,23.5119,0.4150878,23,-1.4562942,0.91207546,7.1600933,4500.0,12.161631
3367354385559914368,1.0524652,0,-16.870625,0.8863048,11,0.3194875,0.42966366,7.766322,4500.0,12.692097
3379270995662902656,1.3181531,0,28.414968,3.2971778,9,,,,3400.0,14.211757
3379270995662904576,1.3140883,0,28.652552,1.0195094,10,0.349069,0.4168443,8.952383,3500.0,12.606121
3395676185888267776,1.1081243,0,56.290367,1.2988969,20,,,,4500.0,13.2200365
3444118404761686528,0.9263576,0,-42.881035,1.2984614,15,,,,4250.0,13.050807
3482038980254804864,1.1448014,0,18.682562,1.1682221,26,2.1646008,0.04761892,22.421766,3800.0,13.436478
3495640557564351360,1.0979484,0,7.027539,1.8262047,17,3.0849638,0.7619293,12.620693,3700.0,13.1535225
3523362578594973824,0.9884101,0,0.4905905,0.17813954,17,-0.44221908,0.5108703,1.3699896,7000.0,8.781066
3534447545589463680,0.9801728,0,-39.494385,0.21396412,25,0.3437993,0.38695255,2.5724258,6500.0,9.465726
3544053978681546112,3.894749,0,21.482187,1.8677356,25,,,,3500.0,14.11174
3571898560898885888,1.0412428,0,,,,,,,,15.93766
3637568026738254720,1.1463381,0,-1.5971136,3.38354,23,,,,3600.0,14.425138
3026564153851505024,1.551028,0,-10.047657,30.820087,19,81.56144,4.075269E-5,33.579067,3500.0,13.545031
3177005695607804544,1.0955925,0,-25.439695,2.2954464,20,,,,3700.0,14.307991
3184384208905836160,1.0526199,0,34.04506,5.1494293,42,,,,3200.0,15.246091
3192996546046032128,1.1381296,0,11.470321,0.6096655,17,1.9952848,0.037050586,8.705326,4250.0,12.211421
3198080172417733120,1.3982081,0,107.92663,0.9966459,27,2.905805,0.47134408,12.148422,4000.0,12.652392
3227274920553343744,1.0136442,0,15.152917,1.7142153,25,,,,3500.0,14.159577
3249297382542645248,1.0403118,0,-17.778624,0.25582096,9,0.51014686,0.15872929,1.7458858,4500.0,10.132155
3251166758468484096,1.3640397,0,-12.160659,6.779681,13,,,,3500.0,13.975918
3033569318533966336,1.212717,0,19.68867,5.2518306,15,,,,3900.0,13.692079
3036740722378361728,1.1008277,0,31.063707,7.881906,12,,,,3500.0,14.937022
3071566653672007040,0.98130095,0,-17.547829,0.14302255,15,-1.1945896,0.7346151,0.9038124,5750.0,9.154773
3084425815820934912,1.0945349,0,44.8854,1.0031332,23,1.5099016,0.25320542,12.1769905,4000.0,12.726553
3112838162656304640,1.0951878,0,32.087708,0.5453687,4,0.89287466,0.19668762,1.9143791,5500.0,10.39008
3120526738228080256,1.0796279,0,76.69672,0.2094454,10,0.2924544,0.1963937,1.2193298,5500.0,9.240807
3156557871710018560,1.2546135,0,7.177259,16.550137,6,15.663637,0.0,77.39465,3800.0,13.4012
3254653889660042112,1.2503257,0,76.47057,2.445013,17,,,,4250.0,13.3446245
3265931997038135296,1.0020031,0,-0.8260352,0.3285286,14,0.4584103,0.20475404,3.8042498,4750.0,11.216216
3268288765852702208,1.1272613,0,74.84546,2.213436,8,-0.12564555,0.52262914,16.768673,4500.0,13.198254
3270878115736352256,1.0745851,0,,,,,,,,16.19937
3422161604229913344,1.0579077,0,-35.453186,5.7005453,18,,,,4000.0,14.337717
3424941650662561792,1.0051739,0,-2.0988238,6.1310616,7,,,,3800.0,13.581275
3524597879908969600,1.0754813,0,-2.3839705,0.23439525,20,-0.0059082718,0.07349229,3.088551,7000.0,7.1566753
3599085600803151744,0.88646924,0,50.786705,0.17711268,16,0.112423845,0.41111612,1.3308754,5250.0,9.971933
3010076465890015232,1.0922658,0,25.101606,5.486611,20,15.9538,0.57628,12.213253,4500.0,12.676138
3029062970126451968,0.877645,0,30.412758,0.33922175,16,0.45352593,0.19451639,4.1637135,5250.0,10.556186
3174995341677625856,1.2295687,0,-0.26953295,0.265069,27,1.7573798,0.010562451,3.7071357,5500.0,10.225789
3180245578418536960,1.1022395,0,39.710976,1.3182284,19,,,,3300.0,13.779913
3214545904503371520,1.0572251,0,16.555954,1.0394635,19,1.2237903,0.08277569,13.580526,4750.0,12.577206
3057712188691831936,1.0220673,0,-19.122086,0.12864882,20,-2.0694284,0.3305129,0.8570118,3800.0,8.334735
3060813017640515712,1.2253985,0,-12.3081455,0.5727482,26,0.1186657,0.3897066,8.866154,5250.0,12.143765
3078390154114452224,1.0443987,0,36.992794,2.015411,28,,,,3700.0,13.92695
3079548180377160192,1.0574534,0,-7.8521676,3.3953621,24,,,,3300.0,15.082853
3114950049613545216,1.0995237,0,,,,,,,,15.509581
3120808518147948544,0.97438306,0,2.7757509,1.3073579,11,2.1017106,0.008866181,13.506576,5000.0,12.412447
3170394607068638336,0.9622763,0,-26.988531,0.20695372,6,-0.76952285,0.6755685,0.9328079,5500.0,9.505489
3321659987979323392,1.0088965,0,1.4392138,2.2633579,9,,,,4250.0,13.426771
3346799805954385536,1.0368003,0,-7.238184,0.21385995,7,0.9730039,0.05261403,0.9818907,5500.0,8.301201
3433532650406921984,1.0348712,0,-45.82182,1.6422633,16,,,,4750.0,13.011498
3475775509186528768,0.87484145,0,66.5774,0.17085801,18,-0.20489343,0.3812649,2.1041489,5250.0,9.991965
3522577900954300288,1.0893923,0,-13.207422,0.2880866,8,-0.7271501,0.65873533,1.5638561,5500.0,10.157472
3554499339144341760,1.506154,0,60.640625,3.2084565,10,,,,3300.0,14.361569
3621225504378381056,1.1004694,0,-0.076183625,6.381783,5,,,,3400.0,14.983414
3637567992378515456,1.0253373,0,1.0521601,0.20935504,23,0.7193429,0.34043267,2.6361077,5250.0,10.121563
3007210107797299200,0.99547327,0,-1.4620154,0.3219089,18,-0.17521067,0.39042595,3.491013,4750.0,10.58029
3036055417398663808,1.0776943,0,12.129605,0.4642895,31,0.8106499,0.3032872,8.538378,4000.0,12.134597
3048855686951734656,0.9584916,0,33.478493,5.098958,9,,,,3500.0,15.174954
3048856069208947968,0.8330811,0,25.413153,0.2565271,8,1.326227,0.026965125,1.608242,5750.0,8.962336
3058114231991939200,1.0000962,0,27.97919,0.20768718,12,0.8628207,0.06387215,1.7479153,5750.0,8.382549
3072920942760216064,1.0703752,0,-20.915218,0.7490029,26,2.4653542,0.019217158,10.443111,4250.0,12.79928
3076674606737602048,0.9762862,0,35.556,0.42687714,21,5.0955153,3.3903471E-9,6.4568653,5750.0,10.134187
3078390188473577728,1.060726,0,36.915787,0.26369777,29,0.7188714,0.11983443,5.352207,5500.0,11.005315
3091097313078720384,0.9717393,0,59.795822,2.622248,35,,,,3700.0,14.849638
3119794463485039872,1.0768563,0,41.900784,6.1014743,8,26.162762,0.0,35.602295,5500.0,10.678464
3159948250173098624,1.0428619,0,49.61365,1.525918,8,0.7571877,0.2967507,9.134701,3800.0,13.173159
3258132920543658880,0.9176676,0,16.008541,0.12279887,22,-1.3643836,0.81796396,0.7147274,6000.0,7.829637
3285279553397114112,1.1064017,0,49.6417,0.5130684,13,0.7736883,0.14108174,4.768944,4750.0,11.47124
3338234163695836416,1.1774837,0,79.280754,3.2301257,22,,,,3800.0,14.678915
3341539119554586624,1.107104,0,-25.705534,1.5727779,24,,,,3600.0,13.810514
3348222810219733504,1.03474,0,33.695873,0.91819006,19,0.12205906,0.40462625,11.262997,4500.0,13.15187
3348286242596244352,1.1065497,0,33.353077,6.5848813,8,,,,3500.0,14.520534
3365345302939679872,1.0675561,0,,,,,,,,15.945476
3414059440484360320,1.0447187,0,12.188778,2.4016328,27,,,,3600.0,14.437226
3414060879296925568,1.3793632,0,11.864022,0.4183576,29,0.56641215,0.23649524,9.679715,4500.0,11.645
3430022837492958464,1.147228,2,10.132077,8.439435,11,66.256996,0.0,57.014572,5500.0,9.854839
3450122764744349824,1.1957669,0,-7.5026317,5.6771383,13,,,,3300.0,14.898146
3547598593715073408,1.0845721,0,32.815975,8.659823,23,,,,3500.0,15.383867
3572250507699386496,1.04492,0,7.926308,0.26935202,17,1.2433661,0.04840979,2.620551,6000.0,9.979142
3595368976623186944,1.1821872,0,-4.6676507,2.559101,17,,,,3500.0,14.2416
3596684885883388288,1.066927,0,-8.984374,9.663885,24,,,,3700.0,15.675067
3186366284771463040,1.005784,0,54.16999,5.3100796,22,,,,3400.0,15.598341
3186892779041559552,1.0388867,0,26.460247,8.093192,24,,,,4250.0,15.151671
3187547744375082752,0.9798203,0,13.9033375,0.4159338,22,2.127118,0.0062719304,5.1986504,5500.0,11.045486
3195125780377768576,1.2132996,0,13.620127,1.3531566,13,1.8193991,0.05220048,15.278038,4250.0,12.12102
3216753556349327232,1.2299465,0,,,,,,,,13.912359
3036740722378363648,0.9647231,0,25.945126,0.37946624,12,0.7287409,0.12750746,2.9973526,5000.0,10.893839
3040546578799360000,2.4181826,0,-1.0952134,0.25991422,28,-0.942819,0.81203294,4.378422,4250.0,11.6555605
3042622697270714496,1.359359,0,9.310186,5.4104877,15,,,,3700.0,14.982751
3054896408134682752,0.9610434,0,1.9365621,1.9961929,13,2.5916808,0.0016357417,23.434698,4750.0,12.763999
3060812983280793216,0.9664175,0,-11.763121,1.1519233,23,,,,4250.0,13.248054
3072944474884690688,0.9063873,0,-21.942518,0.19360784,10,-0.92436886,0.7213836,1.1584167,5500.0,9.599533
3131904140953409152,1.2877007,0,-5.754264,1.7953993,7,,,,4000.0,12.7483015
3143804189664526848,1.0132762,0,42.52187,0.22768389,13,0.9757937,0.11114348,2.1514702,5500.0,10.237519
3228825472466836992,1.2649083,0,101.72789,0.60107046,22,1.6240227,0.02303602,8.708809,5000.0,11.940064
3254653924019782016,0.94088876,0,81.57355,0.7631113,18,0.7007748,0.1354617,10.749588,4750.0,12.470507
3266980243936341248,1.0928184,0,88.19607,2.0908678,12,,,,3800.0,13.866776
3267309959985732224,1.1350771,0,6.850608,1.1347816,13,0.14499313,0.319207,12.662256,4750.0,12.379629
3284624038310070656,1.0611806,0,37.176926,0.9570168,22,0.4330333,0.57686955,13.155561,3700.0,13.244312
3286672772068453504,0.99722,0,38.009968,0.17115574,19,-0.40815496,0.23185435,1.7098083,7000.0,7.4950695
3293202221870221312,1.0778496,0,-12.758343,4.263511,24,,,,3800.0,14.924043
3312944915219524608,0.9195403,0,16.011482,0.8890219,22,1.7288717,0.0586562,11.537649,4250.0,12.909486
3337254567554015744,1.0322862,0,-17.470434,0.26219198,31,-0.808586,0.6654802,4.048374,5250.0,11.08482
3365281870563656192,1.1518654,0,74.13549,2.0108411,12,1.1623824,0.32447517,20.622963,3700.0,13.250867
3475754206148680960,1.2355878,0,27.51444,4.585592,13,,,,3400.0,14.642521
3513006038053957504,1.1563921,0,-2.0621653,1.9376613,16,,,,4500.0,13.7391405
3672077161248487936,1.0236832,0,-16.210743,1.568402,21,2.7275634,0.006149513,22.423326,4250.0,13.146771
3103573883837685504,1.0518833,0,-45.378616,6.371927,12,,,,3900.0,14.9131565
3186892774746782848,1.1024215,0,20.221142,2.3862333,26,,,,3700.0,14.42739
3198080172417733248,1.4262931,0,108.62787,0.5704174,28,0.5610853,0.45493838,9.574631,3900.0,12.73955
3213811641189319680,1.1541026,0,0.43917286,0.504028,22,-0.6556375,0.71219647,7.800466,4500.0,12.147686
3216729882489605376,1.3188847,0,,,,,,,,13.246144
3033896938635841536,1.0297935,0,-33.8579,2.7986364,16,,,,4250.0,14.112936
3040546578799360384,1.1255131,0,-1.4018164,0.18739904,13,-0.9167359,0.7091976,1.5381355,5500.0,9.8313
3048871084414270592,1.0427471,0,-13.809724,1.2250029,5,,,,4750.0,11.359193
3239798461074336640,1.0906143,0,-63.545547,0.30939156,24,-0.7688341,0.7769435,5.0576515,3800.0,11.678344
3337254361395580288,1.0401148,0,-15.8949375,3.472949,26,,,,4000.0,14.511572
3348222814518399744,1.053136,0,35.443012,0.7414405,17,-0.8243519,0.7648355,9.020243,4500.0,13.193308
3365369045518882688,1.0571629,0,,,,,,,,15.930254
3382234523096849152,1.0581439,0,13.391593,5.4679613,9,,,,3400.0,14.727115
3430032080262556032,1.017031,0,,,,,,,,14.8768215
3437768175356669568,1.0083737,0,17.631868,8.279337,16,15.530475,0.0,101.186584,3600.0,13.1745405
3467822879022294400,1.1379397,0,33.95799,1.5470715,35,,,,4000.0,14.078965
3479839063645383168,1.037497,0,,,,,,,,16.17628
3492884322432184192,1.1438651,0,4.118087,3.998871,16,,,,3500.0,14.20301
3515889610377748864,0.8586354,0,12.210934,0.1823289,33,-0.7338275,0.5288732,2.77429,5250.0,10.228127
3525719587926592512,1.024518,0,-4.592063,0.5067207,7,2.5186563,0.0035384032,0.76885414,5250.0,10.404331
3525719587927448064,0.9084331,0,,,,,,,,8.93097
3548186351399251072,1.028351,0,13.7395315,2.9474955,29,,,,4000.0,14.227663
3567818445046215168,1.1425748,0,28.558868,30.254425,16,23.771269,0.115478575,13.368448,3400.0,13.72577
3571899419892346112,1.1153257,0,-46.085003,5.5083876,26,,,,3800.0,13.903524
3635516338040808576,1.7461749,0,-11.280941,0.35328516,24,0.4606418,0.25095853,5.716394,4500.0,11.615589
3658911226765436032,1.0276533,0,-13.267394,0.13331948,10,-1.2884444,0.80446625,0.6107931,5500.0,8.319911
3051178753163132160,1.1488439,0,35.714428,1.9989501,23,,,,4250.0,13.903958
3212452129420966912,1.3661227,0,331.2334,2.3078141,27,11.728287,2.5014324E-11,20.538605,4500.0,12.680398
3054896648652856704,1.0448673,0,3.1829655,1.7107393,11,1.493319,0.03342369,14.159758,4750.0,12.581172
3120524882802287616,1.1924326,0,78.757416,3.3697536,12,2.2354388,0.027615596,35.1482,3700.0,13.427139
3126314945396330240,1.2772951,0,21.313519,1.2811242,8,1.1980381,0.21358317,8.073864,4500.0,12.103485
3138972385813806336,1.0045776,0,19.280275,5.0912023,9,,,,3700.0,14.959233
3143533056968395008,0.9081606,0,24.429678,0.21887262,9,-0.1426652,0.7903082,1.0187664,5750.0,10.0233965
3285279484676504192,1.0962718,0,,,,,,,,9.870322
3293060625388613248,1.0424702,0,,,,,,,,16.752882
3313368536435312128,1.1595507,0,59.096325,2.123697,21,,,,3800.0,14.187788
3333791002847820800,1.0893013,0,14.151478,1.4921337,25,6.066512,5.602959E-7,21.361712,4000.0,13.245589
3437331806677601280,1.1013294,0,-6.451532,4.2451887,9,,,,3600.0,14.579304
3446859074933721216,0.9431673,0,,,,,,,,15.631558
3446957137626992256,1.060989,0,15.289724,0.49330968,7,0.16658932,0.3506366,2.9502783,6250.0,9.714935
3467911905104255104,1.1440612,0,7.609213,1.730238,27,,,,3300.0,14.2913265
3493815333903172352,1.1513865,0,29.85892,4.5976686,32,26.603863,0.0,80.36051,4000.0,13.469197
3503973859270448000,1.101691,0,-4.674252,2.513362,19,,,,3800.0,14.490068
3522624836357524736,1.0523541,0,-15.117265,4.2969923,8,,,,3100.0,15.201179
3567910941462154880,1.29754,0,27.028229,0.20114116,17,0.004379125,0.19221146,2.054657,4000.0,10.215118
3568374419973739392,1.0557587,0,6.8564935,2.5356095,31,,,,3700.0,14.690801
3568566868867799424,1.015916,0,2.7155912,0.23630323,16,-0.957278,0.68398637,2.7753153,5000.0,10.433183
3609320267350909696,2.2102861,0,-57.05448,0.4562702,19,-1.4320521,0.87886304,6.0805244,5500.0,11.921361
3636714977513779584,1.0667545,0,10.913388,0.28753895,22,0.4711824,0.24494477,4.0890303,5750.0,10.76046
3018919253796629120,1.3575329,0,,,,,,,,11.757034
3101923001490347392,1.2655232,0,-7.3422475,0.13484281,9,,0.23362935,0.527822,4750.0,6.231057
3117068980319218688,1.092898,0,29.856215,5.7829175,12,,,,3800.0,14.441172
3174300553406095360,1.0559496,0,,,,,,,,16.121506
3042622697270715392,1.0296847,0,16.281393,1.465514,17,0.9273135,0.16553582,19.85148,4500.0,12.486633
3065531365628716032,0.88708276,0,71.15858,0.14519235,24,1.6699433,0.003588654,1.4011765,6000.0,7.9416933
3083590225639363712,0.98488504,0,,,,,,,,16.284683
3228825472466836096,1.002221,0,,,,,,,,9.0548525
3258912439929957248,1.1566055,0,12.679642,0.2830615,19,0.029227713,0.32680508,2.9786873,5500.0,10.670159
3285755951169814656,0.935393,0,23.148865,0.22482365,12,0.7565996,0.099577494,1.7427444,6000.0,9.101939
3342972749575638528,1.511458,0,-14.650152,0.280678,12,1.1830208,0.10253933,2.406189,5000.0,10.456158
3383953059770275328,1.062087,0,70.39032,2.1139848,17,,,,3800.0,13.846079
3387779635109651072,1.2630103,0,21.547384,1.6166317,23,1.4296075,0.50762624,12.205425,4250.0,13.186162
3403076070946762496,0.9543011,0,,,,,,,,16.260895
3446859109293458560,1.1086403,0,-27.804052,0.47982475,12,0.65012354,0.26473048,4.5325985,4500.0,11.581363
3475754206148681216,1.1082103,0,-9.545346,6.279173,9,,,,3400.0,14.963592
3490488452235482112,1.0532786,0,-22.550343,8.706629,21,,,,3500.0,15.409776
3492884322432183936,1.2104099,0,1.6587871,3.6002033,18,,,,3500.0,14.361316
3497985261814416896,0.9212593,0,-10.101048,0.46706054,15,-0.0017464457,0.37287807,5.304246,5000.0,11.235348
3534447545589464192,0.96662104,0,-38.664135,0.62084734,25,-9.7471214E-4,0.43073413,9.709831,5250.0,12.270745
3621225504378380800,0.78635204,0,-2.6404207,0.24528964,16,1.2541258,0.04202637,2.603355,5500.0,9.983659
3630035787972473600,1.1079801,0,,,,,,,,12.355109
3630646463602449664,1.2047441,0,-18.498379,3.8548386,15,8.279113,4.773959E-15,50.70485,3700.0,13.6151
3644432861945974784,1.3362437,0,-9.924614,2.2872405,12,,,,3300.0,14.24652
3007210107797298304,0.94961137,0,-2.1941159,0.3809328,20,0.4661829,0.17683329,6.4094167,5500.0,10.330035
3051178753163132544,1.5466064,0,50.85725,8.08985,26,31.550077,0.0,114.33641,4250.0,12.998539
3118492366840581760,1.0010432,0,-10.719047,0.26700598,5,-0.4007426,0.5753019,1.0930948,6500.0,8.719615
3246337218070150656,1.2730064,0,41.453773,1.1551701,15,0.23382822,0.45204464,12.794224,3500.0,13.039088
3048871084408351872,1.1612248,0,-14.191208,1.3724194,5,,,,5500.0,11.5353775
3051840590443208192,1.0491233,0,-16.27325,2.5650265,12,,,,4250.0,13.630549
3084425785758599040,1.0206306,0,47.531445,3.5241978,16,,,,3400.0,15.518997
3120808518144739072,0.97405416,0,2.286325,0.33322427,14,0.5511774,0.18932672,3.0902886,5500.0,10.564857
3137189046675670144,1.088167,0,44.866787,1.5403429,20,2.238552,0.028057229,24.066973,3800.0,13.240195
3162985337510438528,0.8193398,0,27.86597,0.123158,3,-1.7440379,0.9642649,0.13289452,5500.0,9.505813
3163403568542205440,1.1537137,0,50.99485,7.278807,11,,,,3500.0,15.136696
3259025655269045120,1.046455,0,20.366196,1.990849,28,,,,3800.0,14.31395
3266980170921153920,0.9556038,0,88.65148,0.3053194,13,0.41975793,0.18101373,2.957924,5250.0,10.041668
3285744612456149888,0.9327542,0,23.26049,0.30711702,11,1.2850081,0.036261357,2.0236683,6000.0,9.402752
3290322734060874752,1.136393,0,19.703777,0.97721905,5,0.7858564,0.26930118,3.915493,5000.0,11.975783
3382235863126620672,1.0189838,0,22.930157,0.30562168,13,2.3650258,6.078654E-4,2.5757408,5750.0,8.544012
3408512679199692416,1.0386204,0,21.797901,1.0827283,16,-0.09512134,0.69179636,14.325327,4000.0,13.157661
3413283906828332032,0.84995717,0,47.943993,0.16526052,18,-1.1564312,0.72836995,1.3085365,6250.0,9.157497
3466935710577891968,1.0159838,0,-1.4918264,0.17895505,27,1.534345,0.027336113,2.0384562,5500.0,9.7613535
3495640488845010944,1.1305202,0,,,,,,,,13.695424
3568566765788544512,1.0028512,0,2.9277408,0.18188325,16,-0.48719576,0.48001122,1.6443589,6750.0,8.177019
3585537418526072704,1.080259,0,-32.877724,3.1372206,26,,,,3600.0,14.448263
3609320503573212416,1.1554385,0,-57.001286,0.49846417,25,0.20258036,0.46555144,6.79731,4500.0,12.278735
3721114933170707328,0.982024,0,-30.463205,0.1377513,21,-1.187603,0.64452887,1.2282944,4250.0,9.536542
3121611440808509056,1.0862502,0,-11.368422,2.0018692,15,,,,3500.0,14.108167
3214545908798337920,1.1996491,2,,,,,,,,9.886878
3226408161793490816,2.1642766,0,27.12729,3.1072748,22,,,,3600.0,14.734029
3042577028877399552,0.870083,0,-13.784402,0.48966965,21,-0.5629401,0.59691006,6.795661,4750.0,12.225815
3119794424826044928,0.8822761,0,39.829464,0.44227272,10,-1.2554171,0.8590067,3.587017,4750.0,11.948204
3143804189664526976,1.627912,0,42.2282,0.22673309,14,-1.7190119,0.9345366,1.8234558,5250.0,11.3038225
3158926322836178816,0.9359559,0,-17.50964,0.42949396,6,1.5859287,0.021735784,2.2571335,5250.0,10.064199
3170300942420466176,1.0947083,0,-27.7385,0.24349785,5,-0.34272292,0.5168984,1.0648804,5750.0,9.291267
3258599388353824896,1.0546882,0,12.680786,0.6356658,15,2.871647,4.7151194E-4,7.769698,5250.0,10.943383
3258912371210481024,1.2488492,0,12.967587,0.34040207,21,0.32610732,0.9882222,3.252719,5250.0,11.518031
3272558306943432960,0.97101164,0,41.966274,0.13727781,8,-2.054722,0.96265036,0.49244308,6000.0,8.635493
3284624038310070400,1.2301593,0,36.403095,1.2076783,21,,,,3600.0,13.681849
3290322738355773696,1.1536634,0,18.621956,0.98560256,7,-0.08636183,0.4940341,6.7143974,4500.0,11.778459
3313948112206286080,1.5956998,0,-35.770718,0.5104527,21,0.64583796,0.21014874,6.7416763,4500.0,12.013397
3328834301353709184,1.1904647,0,39.584038,3.289431,5,,,,4250.0,13.904532
3342972749572615040,1.0824636,0,-13.395061,0.35513353,12,-0.6259276,0.672769,2.8166676,4500.0,11.567327
3348286242596245760,1.1079593,0,,,,,,,,15.567707
3367354316840437376,1.0525604,0,-29.59933,15.477586,12,,,,3800.0,15.1032715
3406010774850360064,1.0339404,0,1.6805403,0.13634177,22,-1.4397556,0.72694623,1.2015321,6750.0,7.4729877
3444118400467829504,1.0574869,0,-47.339916,6.6821356,13,,,,3900.0,14.732177
3446957137626992768,1.0406775,0,13.639381,0.41030446,7,1.5786442,0.024002057,2.4494658,6500.0,8.761097
3450122872121345920,1.0942634,0,2.074006,4.270233,13,,,,3200.0,14.697878
3538249588079338112,1.0665932,0,-14.140166,0.48849982,23,-0.117331706,0.6467387,6.6339483,4000.0,12.298379
3572250507699386624,1.0905931,0,9.036345,0.20353591,23,0.34880796,0.16011207,2.4885235,5750.0,9.780406
3596684336127534592,0.9384608,0,-26.46041,0.20560634,24,0.5155761,0.084308796,2.161295,5000.0,10.161596
3099926597610844032,0.9123827,0,6.80265,0.2693111,7,0.5716486,0.3472053,1.445107,5750.0,9.326088
3103862814877944064,1.1223704,0,-8.131735,0.33756334,7,1.8041265,0.00680214,1.9759312,5250.0,9.289643
3121611440808508544,1.100705,0,-13.9731455,1.1859682,14,-1.4604828,0.99642926,6.878022,3800.0,13.296202
3185534744745265536,1.0802838,0,-10.774611,1.2023633,32,,,,4000.0,13.921095
3196855316463106688,1.0164963,0,,,,,,,,9.320858
3212452129420967168,1.5261045,0,333.79395,4.7959867,21,,,,4750.0,13.988978
3227277497533567360,1.0939195,0,,,,,,,,14.36617
3033070586928188416,1.0979575,0,63.38975,0.22488463,18,2.3387904,4.2153877E-4,2.1309624,5250.0,9.700841
3035428833209817472,1.2154658,0,8.430791,0.4519284,36,1.7929585,0.011882909,12.351422,4750.0,12.040461
3046204180298475264,0.91357607,0,59.20122,0.35596916,8,1.3880479,0.1099365,1.89254,5500.0,10.078128
3051841449436638720,1.0910858,0,-17.490772,0.7693747,7,,,,5750.0,10.352834
3060346962150186496,1.0626291,0,9.464688,4.499765,22,,,,3700.0,15.439091
3070770263658049152,1.0529071,0,-11.106334,4.198453,14,,,,3600.0,14.874899
3141704122454423168,1.0006646,0,32.466904,1.8519547,14,,,,4500.0,13.519023
3156558077868455552,1.0962006,0,-4.936131,0.43304464,5,1.6539074,0.020655205,1.8807385,7000.0,8.47322
3284252025421959040,1.2336969,0,23.328999,3.1569386,20,,,,3600.0,14.670063
3295359291884544512,1.0774032,0,12.575504,0.13881135,19,0.6252406,0.093779236,1.0806952,5750.0,8.515416
3324702126200879744,0.92471063,0,23.015093,0.8468063,16,0.13694468,0.35577938,10.582873,5000.0,11.689104
3431938766565511424,0.97259855,0,68.38616,1.0485436,10,1.9539886,0.031706233,9.225922,4500.0,11.926384
3548186286976639744,1.0035033,0,15.221337,2.2203093,26,,,,3800.0,14.089382
3554498583230095872,1.1861436,0,56.86572,1.4744422,12,0.26774612,0.47260147,15.779289,4500.0,12.862765
3568374419973739520,1.1074872,0,10.719904,3.29524,27,,,,3500.0,14.685257
3635516333745843200,1.7188271,0,-11.308304,0.2997048,26,-0.8886423,0.852358,4.372567,4250.0,11.902712
3658911231060314112,1.3565366,0,-12.8880415,0.28677633,9,-1.2793522,0.88772684,2.0469952,3900.0,11.508596
3672077161248487808,1.0615952,0,-13.966402,2.3353858,18,,,,4250.0,14.066394
3721126409323324416,1.1083975,0,-30.549679,0.12793541,21,0.60109496,0.07458286,0.772501,6000.0,6.1861258
3101920046552857728,1.1511182,0,-7.6979127,0.1516472,11,-1.6735793,0.5752681,0.8330188,3800.0,9.097528
3103862814877943296,0.88237405,0,-8.694441,0.2609509,13,-0.019022785,0.3405398,2.1171074,4750.0,10.486843
3195125784673410048,1.208855,0,13.820929,0.66160583,13,-0.058302913,0.68865716,5.8538685,4250.0,12.357068
3213108224329708544,1.0871403,0,15.768443,4.926115,25,29.348883,0.0,73.03636,4000.0,12.444217
3053326820929255040,1.019047,0,7.4980597,0.5293162,8,1.7450935,0.032098476,3.5228438,4500.0,11.104569
3058115365863282048,1.1454524,0,17.940397,5.660922,12,,,,3400.0,15.475432
3065531365627729664,1.0576178,0,72.5956,1.4353175,21,,,,3900.0,13.494174
3074630580262065536,1.1181941,0,23.946554,10.4259815,16,,,,3400.0,14.749182
3091097175639775616,0.85471916,0,60.891556,0.16682316,35,-1.4261125,0.809114,2.6483688,5500.0,10.317041
3092574438228453248,0.96760434,0,32.15857,2.8796628,12,,,,5500.0,13.908312
3114950045319908224,1.2141399,0,57.21038,0.44432217,18,-1.0383329,0.7864949,6.2435417,3800.0,12.047176
3162734133461944704,0.91479,0,-8.8698015,0.43118984,10,-0.5889544,0.6466008,3.1840806,4750.0,11.324627
3238868171156736768,1.0987016,0,,,,,,,,15.3756695
3259025277311924480,1.0130104,0,23.020344,0.17672887,20,-0.62805206,0.52910304,1.9153557,5500.0,10.331345
3313368600856765952,1.1399573,0,60.176933,0.26185274,12,0.87257576,0.18684624,1.8695793,5750.0,10.219593
3338234056318938880,1.5657108,0,78.22907,0.36050162,29,-3.4520257,0.65639985,5.839035,3300.0,12.134408
3347830628166537856,0.9099048,0,28.428509,0.4062509,23,-0.89244753,0.91507185,3.1744022,5500.0,11.233135
3395676185886201984,1.0073177,0,57.23213,0.57024735,21,0.92794985,0.40859112,6.9982834,5250.0,11.60858
3404160812178626176,0.9619403,0,9.339632,0.5360184,27,-0.46952626,0.58698857,9.398078,5000.0,12.329816
3445112122755273472,0.87372,0,-2.1672144,0.19464435,20,-0.71473247,0.6543668,2.0209355,6250.0,9.915759
3454062903319928576,1.1128483,0,5.085564,0.32991016,13,0.4436445,0.3007063,2.9625044,5500.0,10.266931
3482039048974281984,1.22428,0,19.57023,2.4269724,23,,,,3500.0,14.41487
3524603755424266240,1.1745881,0,-1.5110892,3.064803,24,,,,3500.0,14.231236
3543952200840758784,1.0244817,0,-14.139215,4.1740026,24,,,,3500.0,14.995302
3576167582296705024,1.2551982,0,4.23765,2.0856783,17,4.962067,3.4712853E-6,27.509296,3700.0,12.858915
3630648387747801088,1.04256,0,,,,,,,,16.32448
3174440397541270784,1.1431175,0,44.73538,2.646765,23,,,,3500.0,14.788545
3193008228357017856,1.2724158,0,11.677443,0.26226002,21,-0.60118836,0.60327977,3.3704548,4750.0,11.377443
3203601851092155776,1.1189845,0,24.221798,0.17463191,19,1.3553973,0.016093006,2.0501366,5750.0,9.224356
3213107816308444544,1.0328354,0,,,,,,,,13.364628
3227324875316220032,1.1009625,0,45.484047,0.27199966,44,-1.785662,0.97961164,6.2392426,4250.0,12.215764
3249297382542644992,1.1862707,0,-17.491611,3.0039425,8,,,,3400.0,14.345082
3030843899784474240,0.98595387,0,47.05307,1.7895583,12,,,,4500.0,13.249656
3033569318533967232,1.0193559,0,17.929981,7.075779,13,20.359238,0.0,91.82584,4250.0,12.769918
3053911383155592832,1.4745865,0,56.58214,0.26699716,18,-1.9945763,0.97776777,3.1868973,3900.0,11.835123
3074577322667614976,1.0773782,0,,,,,,,,13.706442
3079547901203216768,1.3032053,0,-5.097074,0.28848723,32,-1.3597187,0.93900067,4.880413,4250.0,12.031425
3093377558457096320,1.1585678,0,3.0444334,0.46478364,19,-0.32870775,0.71815103,5.2519884,4000.0,12.34581
3141704122454422912,1.2613045,0,31.609339,2.0946224,12,,,,4500.0,13.297293
3232463412845719296,0.98351127,0,26.279972,0.17929238,9,-0.79876226,0.6964104,0.8031616,6500.0,8.561628
3239798461074336512,1.1733934,0,-65.267494,0.5184472,26,1.272191,0.047107145,11.266869,3800.0,11.811401
3258132989264972544,1.0693841,0,17.323769,0.5421899,24,-0.8627016,0.9999037,5.925967,3600.0,12.950192
3293213972899130880,0.98226714,0,-10.9330225,0.18461762,24,-0.281958,0.41410398,2.1597538,6250.0,9.32071
3313947910343383808,1.1920881,0,-35.32437,0.30877098,18,-0.8429418,0.8696023,1.7858391,5500.0,10.605709
3383562080307910144,1.2466325,0,23.420689,2.763943,4,,,,3700.0,13.009658
3399694316770173696,1.1106465,0,3.382337,0.30831024,22,-0.44972587,0.63193154,4.1922717,5250.0,11.391491
3418915433588729856,0.9767416,0,14.760425,0.2313127,13,0.26860955,0.19309123,1.8869076,5000.0,10.193223
3424941650662561920,1.4347934,0,-4.5966616,2.0893977,12,3.5150082,6.370128E-4,22.80968,4250.0,13.023006
3488140926190177536,1.0376942,0,10.5941105,0.16581012,26,-1.4697869,0.8392376,1.9055853,4250.0,10.740234
3590123893841402624,1.2701567,0,-28.680988,1.602336,14,2.4419994,0.025165036,13.56925,4250.0,12.897465
3590123893841402880,1.0340192,0,5.6740284,7.7157145,9,,,,3500.0,15.630304
3599085703882366976,0.90044,0,51.049683,0.38256454,15,1.8519133,0.09900907,2.5940056,5000.0,10.498433
3671619180295819264,1.1598333,0,37.288925,2.2311108,10,,,,3700.0,13.725864
3013098885916074368,1.0943732,0,-1.3081316,3.4024262,23,,,,3800.0,14.804067
3193531802050857472,1.0546958,0,1.067234,0.21051492,14,-0.65485764,0.60093874,2.2010605,6250.0,9.351928
3213116023990320000,1.0474042,0,-0.48575354,0.22001438,18,0.21235842,0.3528533,2.3641233,6500.0,9.268373
3030843904082251008,0.93206054,0,44.405792,0.6185137,7,,,,6000.0,10.631155
3033070655647665536,1.0759667,0,61.586124,0.7628444,19,2.283904,0.08665578,11.735378,4250.0,12.384005
3033896938635842944,1.0904208,0,-37.02409,3.2638874,14,,,,3800.0,14.098499
3042921008518162304,0.9900833,0,31.06061,1.2557749,21,,,,4500.0,13.042463
3076674808600083840,0.96837103,0,35.71174,0.37150663,20,-0.62468517,0.6411197,4.8006287,5500.0,11.526653
3098418475674001920,0.99086475,0,,,,,,,,16.929182
3126314945392459392,1.7833366,0,,,,,,,,14.758787
3274204653806222336,1.1463988,0,,,,,,,,12.129219
3286672565910028032,1.2442956,0,38.165478,1.8706398,17,,,,3600.0,13.892761
3324702882115123456,1.0742025,0,21.146534,0.7871119,12,0.9305861,0.10859503,7.023554,4750.0,11.941752
3387779635111148032,1.5120085,0,21.94559,0.29341906,26,-0.57286894,0.71993184,4.827244,5500.0,11.048643
3399697134268720512,0.9734675,0,2.6797879,0.2354194,22,1.8041985,0.010802932,2.8531532,6000.0,9.898631
3403081946456148992,1.1009642,0,9.290955,2.6160443,17,,,,3500.0,14.251956
3413283077898727424,1.1428384,0,49.11071,1.1452668,25,1.1664656,0.09717746,19.791302,4500.0,13.145637
3431938839582893568,1.0501174,0,68.59069,0.62204933,9,2.988672,0.0027252107,4.1322327,5250.0,11.154735
3467910668153672704,0.8175134,0,7.910416,0.1654117,23,-0.4020835,0.33713794,1.8064609,5250.0,9.731624
3475775680985222016,1.1056129,0,67.04401,0.4572735,26,0.029725717,0.59691274,7.7558594,4250.0,12.430537
3488140926190177664,1.1484306,0,9.908704,1.1206236,26,1.109079,0.17415221,22.163244,3500.0,13.554067
3493815333903565440,1.2179757,0,30.495651,0.14961253,33,-1.7999537,0.8825559,2.0984707,5500.0,10.054875
3503975371098940288,1.1005809,0,-5.79602,0.347187,18,3.1780012,1.0977537E-4,4.3025804,7750.0,7.997627
3543952205136863744,0.84848297,0,-11.175488,0.1570641,20,0.2441248,0.18846974,1.4983959,6000.0,8.625032
3544976194059137152,0.93455493,0,-16.486212,0.31128103,11,0.018594325,0.5356371,2.1281815,4500.0,11.041034
3547598598011066368,1.1035038,0,24.545128,1.9047312,23,,,,3700.0,14.2800665
3576167586591694208,0.95165247,0,6.0652857,0.28975353,12,1.7253,0.007781534,2.4174771,5750.0,9.328262
3642569945651107968,1.0687342,0,3.8273516,5.280469,7,,,,3300.0,14.554735
3689868736855069696,1.0305248,0,4.2154036,0.12922238,25,-0.16171287,0.26615536,0.93225455,6250.0,7.866327
3004426006915382144,1.2263672,0,-8.043988,2.2004895,14,,,,3500.0,13.822121
3010076461593951744,0.9867739,0,22.235634,1.0331941,20,2.0797312,0.031124447,11.947781,4750.0,12.3602295
3118492534343060096,1.0417889,0,-9.87349,0.73873657,8,0.17977177,0.5399166,4.4029493,5000.0,11.679787
3174995341676961792,1.7377146,0,0.46639448,1.7721783,23,4.564601,1.3417914E-5,30.111252,4000.0,13.247932
3177193402858654080,1.1304739,0,-27.39037,0.4855579,18,0.5366564,0.1979572,6.579752,5000.0,11.551533
3187547538216651392,1.1240565,0,14.617048,1.3198246,21,,,,4250.0,13.348575
3035428833209818112,1.273943,0,9.588223,2.2918382,33,,,,3800.0,14.499777
3083590225641742080,1.0123634,0,-29.93993,0.15899305,23,0.29447222,0.11387414,1.6819992,5000.0,9.680293
3126315044174917376,1.2724861,0,59.42306,0.93703616,13,2.3390372,0.016457196,10.448563,3800.0,12.38042
3152885743391783424,0.9996423,0,-6.1059833,4.8361883,9,,,,3400.0,14.402039
3161976569950375552,1.133036,0,3.88905,0.19984774,9,-0.19834352,0.3808185,1.2233279,5000.0,9.601846
3163696107354305536,1.0449854,0,-0.9535854,0.16747671,11,1.7210277,0.0059001874,1.2432859,6500.0,7.2076516
3258600212987545472,1.1607167,0,11.354415,0.4993694,22,-1.012295,0.8258338,6.7378955,5250.0,11.931116
3268288765852702080,1.0136498,0,74.338326,1.4945502,9,3.4930773,1.0347313E-4,12.614914,4750.0,12.102848
3309508803943800960,0.8273023,0,36.096474,0.12287489,24,-0.7355859,0.50163573,0.72381973,6250.0,7.209437
3338164860103556352,1.0901309,0,4.0329776,0.41773725,31,0.7102341,0.3162012,7.0709963,4250.0,12.170035
3395731509362442112,1.0283664,0,-8.514288,0.6187947,20,1.1130284,0.21147144,8.487904,4250.0,12.41715
3406010770554793856,1.0818613,0,8.031539,2.211568,16,,,,3600.0,14.042242
3437767763039822336,1.0255512,0,23.506828,0.4475918,15,0.09784229,0.44340864,5.0539627,5500.0,11.11942
3467822879021163776,1.8243986,0,35.002186,1.34611,35,,,,3800.0,13.97049
3484461062635056128,1.4546049,0,-0.31962457,0.5161428,23,-0.84893644,0.6990791,7.4617577,5000.0,12.209011
3487243037508315648,0.9854611,0,-8.7860155,0.1351074,22,-1.3888317,0.79059774,0.945858,6000.0,8.681202
3490488142997835776,0.89510995,0,-38.937374,0.47220826,23,1.036555,0.10801198,7.3357697,4500.0,11.695255
3512771567200252416,1.1395439,0,3.2275527,0.37814164,18,1.4220059,0.04349577,5.092144,5750.0,10.545031
3513006033758853888,1.1092142,0,-2.062888,0.9584916,16,-0.5871785,0.73525757,12.298862,4500.0,12.798627
3523362574300444800,1.0745376,0,0.5535545,0.7332379,12,0.9665769,0.16337603,6.9470367,4500.0,12.019836
3544054734595790080,1.0498013,0,20.307062,6.955742,16,,,,3500.0,15.639041
3568977399022666752,1.210872,0,-6.5568676,0.25632235,16,0.28468657,0.21187411,2.6597815,5250.0,10.211636
3671619180295246976,1.2918026,0,36.730774,1.1126444,10,0.86094415,0.28961524,8.893463,4000.0,12.10713
3680961009043443072,1.0260993,0,13.385617,1.366628,19,1.2336326,0.2251239,18.764498,3600.0,13.057924
3689870008165391616,1.62655,0,4.3184843,0.39609712,20,0.5578531,0.30631644,4.434704,4250.0,11.785672
3029062970126452224,1.0805103,0,30.32969,0.7496408,16,0.06898191,0.34881246,8.63862,4750.0,12.270151
3117068155685499392,0.8615428,0,29.28698,0.91397905,13,2.0976543,0.040353686,10.745659,5250.0,11.624919
3185534744745143040,1.7326798,0,-15.075961,0.2780576,35,0.8569601,0.100117795,4.9862747,5000.0,11.363921
3186366284771463168,0.9889991,0,55.643856,2.9008937,21,,,,3600.0,14.610702
3213811602532945152,1.0898224,0,0.016664974,0.6293498,24,1.363421,0.15243691,10.022486,4250.0,12.354966
3226408157497584640,1.141471,0,27.834196,0.45037168,23,-0.73136085,0.8470394,5.570442,4250.0,12.378779
3251166758468483968,1.0018656,0,14.116357,0.60017985,16,2.6832526,2.782366E-4,6.1642475,5500.0,9.971282
3091544539432057728,0.9441683,0,24.326426,0.74308854,15,0.33482698,0.26968503,7.967678,7500.0,8.928109
3232118475432514432,1.2525485,0,8.119517,8.881847,31,57.640755,0.0,132.27266,3900.0,13.171732
3238868098140387840,1.0551383,0,,,,,,,,14.226492
3271064860914179072,0.9752445,0,,,,,,,,9.146513
3293060659748351104,1.3393855,0,37.38561,0.1847999,30,-1.4412695,0.8594638,2.10997,4000.0,11.141755
3304085291040709888,1.277032,0,26.9142,0.6418906,16,0.94054,0.98726124,4.4930363,3600.0,12.671817
3312019813623548160,1.1295285,0,14.33085,2.1583087,18,10.498724,0.0,26.616674,5000.0,11.096737
3312020810055961728,1.144916,0,15.629059,5.821463,10,,,,3300.0,14.022887
3321660365936441216,1.1786913,0,0.5533578,2.2780395,7,,,,4500.0,13.285271
3341539123850445056,1.1500564,0,-24.34722,2.0862384,28,,,,3600.0,14.359387
3347830632464227712,1.0841157,0,27.668295,1.9045514,20,,,,3800.0,13.51733
3358901851266448256,0.91117346,0,18.49692,1.3080884,7,0.8148851,0.18735707,7.808963,4500.0,12.898842
3358948889747958912,1.0632312,0,18.525616,0.42131615,11,-2.755706,0.9964273,4.1193237,5000.0,11.88567
3395731509362441216,1.0025641,0,-5.5287185,4.8425956,16,,,,3600.0,15.226965
3408512679199692672,0.98626786,0,21.07852,1.2178029,17,-0.14108285,0.60536104,16.825964,4250.0,13.206429
3415943140123608320,1.0562515,0,43.385292,0.70852786,18,1.7298355,0.040485106,10.980274,4500.0,12.303344
3418915433586276096,1.1799932,0,14.62208,1.2463273,12,0.44244996,0.5167646,10.778436,4000.0,12.451461
3433532341169281280,1.0300715,0,-45.975155,0.8156535,13,-1.4879946,0.9002312,8.779617,5000.0,12.318597
3437331802381272320,1.127831,0,2.1120038,3.9006233,9,4.986909,2.0420945E-5,27.864183,4250.0,13.285591
3479837448737678976,1.0214047,0,-13.864208,5.162323,18,,,,3400.0,15.345185
3487237024554098560,0.94599235,0,-8.823199,0.166595,32,0.19916467,0.11427586,2.8031793,5500.0,9.716288
3550081879381593728,0.9680477,0,23.75881,0.1477094,12,0.43731332,0.15481414,0.93945503,5250.0,8.166853
3585537521605287936,0.99789697,0,-33.291897,1.6989349,25,,,,4250.0,13.309676
3600231738595776000,1.0204989,0,29.54531,1.4337513,24,,,,4250.0,13.48429
3636691509812474112,1.2000717,0,10.192449,0.21914674,19,-0.014660004,0.36466175,3.0455637,5750.0,10.194535
3644220003366918528,1.2493241,0,-10.615162,2.9650664,15,,,,3700.0,14.359969
3015129546453825920,1.0247283,0,54.871998,0.30984557,22,-0.00360289,0.36922947,4.310459,5500.0,10.836322
3099926563251101952,1.0897976,0,2.1088626,4.0718083,9,,,,3900.0,14.636261
3184384208903299840,1.3312777,0,23.257431,0.29779986,49,1.653392,0.014708139,8.144228,5250.0,10.962514
3193508059471646464,1.2781022,0,0.73738533,0.1951264,17,-1.6391889,0.94438684,2.1251326,6250.0,10.098072
3042576998818500096,1.1748812,0,-11.838733,3.3863182,23,,,,3600.0,14.32958
3053326816628431872,1.2010779,0,,,,,,,,15.503483
3057712223051571200,1.0645962,0,-18.401695,0.13542207,20,2.540192,3.3835863E-4,1.1024895,5000.0,6.889849
3091542993243845632,0.9817735,0,21.397251,0.8371605,32,1.7711056,0.011487281,19.211014,4750.0,12.411045
3093330588694747776,1.2079308,0,4.404333,0.3381409,18,-1.2429136,0.9065122,3.6228368,4000.0,11.84958
3126316040609035008,0.95783436,0,,,,,,,,16.995436
3131904140958157952,1.1788712,0,-5.4516406,1.5414438,7,,,,5000.0,12.335211
3137189046675669504,1.1327837,0,44.426376,1.064606,23,1.0898134,0.19271584,19.792912,3800.0,13.32799
3143403417673689344,0.8874133,0,-5.914161,0.31551072,9,1.6218286,0.009666578,2.0604525,5500.0,9.254584
3162986230863634688,1.0927261,0,29.371199,0.7271336,11,0.48468453,0.4288803,5.9869995,3900.0,12.34448
3232118505495668224,0.89376384,0,20.180094,2.5339599,35,10.6994505,0.0,54.093445,4250.0,12.976664
3232464134400228224,1.0597268,0,33.23606,5.059463,11,,,,3300.0,14.989795
3238095832958631552,1.4975457,0,37.64539,5.6681123,13,18.792635,0.0,59.852196,4000.0,12.774369
3272555042768327552,1.0935693,0,45.335037,5.5258617,13,,,,3500.0,15.292988
3312946186529919872,1.0387251,0,16.199398,0.34973422,25,-0.25681528,0.58812314,4.253248,5250.0,11.66965
3333790929831781888,1.0497893,0,13.896631,0.49096477,26,2.001738,0.017077396,8.410548,4500.0,12.2459
3338164860104174592,0.93016756,0,3.4278915,0.22278276,25,1.0453321,0.03327574,3.1286738,5250.0,10.147452
3365281909221094272,1.0051147,0,66.859085,5.2217903,10,,,,3700.0,14.887166
3420112385142481408,1.0865957,0,-8.688614,1.0969338,16,0.07049695,0.66816145,14.488535,3700.0,13.34742
3445112363273415808,0.9574594,0,-1.655312,0.2771649,12,1.794062,0.011357659,2.2732577,6000.0,9.26397
3451261450772791168,1.0704104,0,6.1899276,4.3317757,14,,,,3600.0,13.755306
3466934920303906176,1.0375446,0,-1.383498,1.389515,27,,,,3600.0,13.935867
3515896241807255424,0.98973227,0,11.313199,1.6543822,35,,,,4000.0,14.017404
3535756479823188864,1.3255129,0,23.520214,0.36784485,11,0.37995154,0.25903022,3.0273476,5000.0,11.140208
3538247870092026624,1.0676256,0,-14.955477,0.37551177,23,-0.5096278,0.73351157,5.2990007,4250.0,11.8861065
3544976194059136768,0.9220221,0,-15.64966,0.13727742,25,0.5337115,0.1353537,1.1836739,6500.0,7.7586803
3568977776979408256,1.0992802,0,-6.1695986,0.69758517,20,-0.9862067,0.8721615,9.28772,4250.0,12.885644
3642569980010846592,1.1671311,0,4.7994833,0.4158157,9,-1.1140848,0.8571495,3.1816497,4500.0,11.441479
3680961077762920192,1.0400938,0,7.8834167,4.1894746,16,,,,3600.0,14.840711
3690917567868351616,1.0003427,0,-4.647044,0.30655771,12,0.82289654,0.177343,2.0796616,5750.0,9.915809
3781695000204075136,0.92731726,0,7.624699,0.25674182,11,0.7766707,0.08514484,1.8792672,5500.0,9.801656
3813216383664753152,0.99053603,0,-1.2422845,6.290074,13,,,,3800.0,14.886787
3825160137959303168,1.0772092,0,29.512177,2.0905757,21,,,,3400.0,14.0091
3987487602277826816,0.88212866,0,29.264647,0.17497495,10,0.7963594,0.08628458,0.99406815,5750.0,8.677899
3988217162602149248,1.2845961,0,-12.814962,0.77770895,14,-0.8565161,0.7802227,8.093361,4500.0,12.948176
4008923577893771904,1.0077205,0,-6.229825,0.19373977,12,0.9061137,0.056763943,1.6476011,5750.0,8.483809
4033728693359987584,1.0500604,0,-3.467517,0.49965417,18,0.3501926,0.33811,6.332802,4500.0,12.047784
4349364194970962688,0.954548,0,-11.784603,0.21453932,21,2.941709,1.0219609E-5,2.0880604,6750.0,7.03683
4101986104687315328,1.0028884,0,0.8320872,9.341898,8,,,,3300.0,15.032122
4196634539457063808,1.0687457,0,-57.76841,0.24650435,14,1.7157654,0.009437982,2.3244858,4750.0,10.333977
4210200382641159424,1.106897,0,61.23246,4.2850227,11,,,,4000.0,14.210986
4420231361513428480,1.134254,0,12.636376,0.19106786,16,1.9626408,0.0015502343,1.9225559,6500.0,7.4417286
4422829988526897920,1.0260468,0,-14.167559,6.643438,7,,,,3500.0,15.695966
4238879459825288832,0.99410725,0,-31.932135,0.2126298,12,-0.52461296,0.5891323,1.7974987,5750.0,9.384627
4290328529475286656,1.2675773,0,1.3210669,2.1170423,7,,,,3700.0,10.837665
4292414749731991808,0.9163378,0,-11.655993,0.33618405,9,-0.3328483,0.5847125,1.8469534,5250.0,10.763213
4248314850140972800,1.0888524,0,16.072197,4.8510175,10,,,,3700.0,14.073544
3970104873198408192,0.98278326,0,25.255333,6.525502,8,,,,3600.0,14.525749
3975566491051012480,0.95298415,0,13.502601,0.26156333,13,1.1152378,0.030754752,2.523097,4750.0,9.965501
3989714766158944384,0.9350909,0,-2.4266076,0.5058815,22,5.088127,4.2623034E-9,6.561025,6000.0,9.984344
3995455453806665728,1.0154334,0,-6.481816,0.15057676,9,-0.8757327,0.70403266,0.5976343,5500.0,8.04092
4008743086188165248,1.2270124,0,-9.883888,0.5979638,19,0.013991562,0.56971186,9.216704,4250.0,12.2319975
4023527153894761728,0.9466612,0,,,,,,,,15.867249
4025108316039665664,1.0742936,0,11.812652,1.9620528,12,,,,4250.0,13.343271
4028787904716801792,1.0128849,2,13.940862,22.386007,12,84.93472,0.0,175.9841,6250.0,9.736079
4113439163208448384,1.1114337,0,41.502052,0.44701126,29,0.7244784,0.33257774,6.784374,4250.0,11.949415
4402296402722938496,1.1520785,0,-12.06338,1.5369987,11,-0.5437016,0.7766985,11.525514,3700.0,13.39301
4350962266405438976,1.0386658,0,-45.52499,0.6994229,35,0.340968,0.25209063,18.921074,4750.0,12.785458
4363865512097516032,1.0967633,0,-13.950401,1.6987717,26,,,,3700.0,13.905116
4101986100342501504,0.96327966,0,39.410187,3.4876318,8,2.6258152,0.0031296818,21.568928,4500.0,13.203521
4177897658727147776,1.1056286,0,,,,,,,,15.258709
4258601159382524288,0.6784949,0,-32.193867,0.5640746,6,1.2073523,0.06865835,2.953001,5250.0,10.52093
4226936392717097472,1.1571201,0,6.9419775,0.30658445,20,0.40528622,0.21064004,3.9989576,5000.0,11.258249
4376836489428055808,1.0812443,0,,,,,,,,15.260847
4383725135931850880,1.1393819,0,-35.449055,1.3899864,24,2.174333,0.96889275,9.554783,3700.0,13.472506
4240640671297480704,1.0585577,0,-23.022392,1.3528894,19,,,,4500.0,13.246037
4240640843096178688,0.97821915,0,-23.593039,0.24180816,19,-0.6927845,0.75943774,2.8763218,6750.0,9.70342
4267619727398032640,0.9076656,0,6.4344153,0.6233845,9,-0.022124844,0.5561754,4.9631248,4250.0,12.262707
3721162761926572416,1.2739769,0,-40.728695,32.501007,24,78.986145,0.1705887,25.516325,3500.0,13.563076
3781694995909634944,1.4233202,0,7.598394,0.25779423,10,-0.31999132,0.48756796,1.932693,5250.0,10.337138
3805705963332925312,0.9809353,0,25.008219,2.768181,10,4.768036,5.2207993E-6,24.124434,4250.0,13.1680565
3821465091695132288,0.98817366,0,-34.792843,14.118909,12,79.29417,0.0,95.89452,5750.0,9.989084
3924275819803455104,0.7145896,0,-2.556181,0.9524017,8,0.7757252,0.22063892,6.265585,5500.0,11.282146
3977412742872737280,1.0162045,0,-31.269258,0.2774248,12,-0.41112757,0.55275875,2.889244,5250.0,10.807942
3995455282007975040,0.9329703,0,-6.620364,0.33353508,12,-1.4206291,0.8722462,2.849249,4750.0,11.134388
4057095072096565632,1.0234711,0,,,,,,,,16.220884
4110652966390636288,1.320437,0,14.152482,3.8897595,9,,,,3300.0,14.679439
4327204465828531968,1.1113529,0,28.23235,1.6308541,24,,,,3800.0,13.575971
4402412916597366912,1.0272187,0,-10.50133,4.1545,16,,,,3400.0,14.720727
4164214511402338944,1.0527828,0,-19.334002,0.14266215,13,0.0076010637,0.29570934,0.74050903,6000.0,7.7918916
4097515730884585216,1.1631558,0,8.9555855,2.2086911,12,2.8960066,0.007866628,24.655123,3600.0,13.586645
4083521215590597504,1.168187,0,,,,,,,,14.112991
4147595904238487168,0.9642835,0,10.041662,0.9132236,8,0.7644984,0.3054368,6.1407704,4500.0,12.574314
4239313835643938048,1.0259916,0,30.08575,2.00962,11,,,,4000.0,13.726927
4384327874463144320,1.0677351,2,,,,,,,,9.063594
4435683451255623808,1.2937727,0,-7.031201,0.16487527,19,-1.5989232,0.8304999,1.9492469,4500.0,9.934113
4264056764304238848,0.85794806,0,,,,,,,,13.214474
4301829970867752704,0.98164463,0,,,,,,,,17.062819
3963021406975689856,1.063469,0,5.8817835,2.0469403,27,,,,3500.0,14.63364
4021045246913032192,1.0741245,0,11.999196,4.073671,17,,,,3800.0,14.61491
4033728697655164928,0.9695107,0,,,,,,,,15.793314
4110661144000540160,0.9571865,0,-23.266422,0.2899338,23,0.5928879,0.18955888,3.5533218,4750.0,11.430337
4116323942519181440,0.7205817,0,-12.515074,0.3632502,22,0.20425749,0.28007102,4.7293234,5000.0,11.342518
4326151236769277184,1.0024018,0,-17.956715,3.2956257,24,,,,3500.0,15.18179
4117353806892605312,0.9664335,0,,,,,,,,14.48937
4118515372229570432,0.8895342,0,-47.247334,2.388053,8,0.7079155,0.44246665,16.825802,3700.0,12.89013
4124562235156912128,0.8525656,0,-17.081648,1.7528888,26,4.4337163,0.008620807,16.956676,4750.0,12.411928
4145534530454220288,1.0427638,0,,,,,,,,15.542971
4165670775887799296,1.4375048,0,2.720893,0.5499214,23,1.4664271,0.045651548,9.084084,4500.0,11.687252
4341467330663920384,1.0590959,0,-45.541092,0.2825031,24,0.70892066,0.1368837,3.528225,4750.0,11.285399
4366642814045373952,1.0965725,0,14.113411,1.0316948,45,2.8588746,0.57072455,13.931253,4250.0,13.311412
4155755693587342336,0.91638035,0,-20.551527,0.88246536,6,-0.40523344,0.6118319,4.308586,5500.0,11.50272
4180052117402761216,0.86811274,0,-17.511326,0.4883027,11,1.5262151,0.3905401,2.5911407,5500.0,10.654051
4210200382641159168,1.0207778,0,56.269146,7.331387,9,,,,4250.0,14.157915
4412876693877734784,1.1855085,0,-36.188076,3.7787015,12,,,,3600.0,13.687846
4292415883603395456,0.81879073,0,-12.56106,0.48602492,13,0.8426578,0.2343554,4.687421,4500.0,11.767095
3725565309563277568,0.99015415,0,-5.3378606,4.5680723,15,,,,3700.0,14.867815
3749459724459709696,1.1743857,0,27.438444,5.451508,7,,,,3500.0,14.992776
3766786000488880128,1.0313963,0,3.403669,3.2344983,9,,,,3300.0,14.017154
3790269335475323520,1.0132571,0,,,,,,,,16.07317
3800429956787059968,1.1404902,0,-7.2727094,0.3938414,13,-2.7534788,0.99825054,3.2751703,4000.0,12.040399
3963022025450980096,0.9301463,0,4.592798,0.1344778,20,-2.362689,0.9716182,1.0153451,6000.0,9.165686
4023527080880057984,1.2376798,0,-31.265364,0.6113341,14,-0.2218135,0.65245324,6.288662,4000.0,12.190205
4349364194970962816,2.0905035,0,,,,,,,,11.711286
4163011675739017472,0.9685937,0,-7.1884,0.12595172,27,-0.7211637,0.38937238,1.2131472,6500.0,7.350589
4076633015838827520,0.9692136,0,-5.6595397,6.420094,7,,,,3500.0,15.28733
4074081560387229440,1.0309489,0,-38.99436,2.2795153,9,2.6390295,0.0021453085,18.57464,4750.0,12.535439
4182930943781339008,0.90114,0,3.0362778,0.26384807,16,-1.6850992,0.9493624,2.708191,4250.0,11.50304
4259824950198324480,0.9645715,0,-16.825449,0.4365386,5,0.17223969,0.36457723,1.7779179,5250.0,10.789303
4195793241263056000,1.0824195,0,18.524284,3.687668,20,,,,3700.0,14.669155
4381955712485575936,2.1149306,0,-4.7475924,3.3923495,32,,,,3200.0,15.296022
4420231361513433344,0.90719336,0,12.578289,0.51434183,3,0.20462161,0.4319991,1.3688612,5500.0,10.618243
4423311643342848384,1.0737449,0,61.606373,2.9439201,17,,,,3900.0,14.287452
4231795134599896832,1.0761737,0,-32.6876,0.35961697,19,1.1929498,0.081936374,4.232807,4000.0,11.499823
4301834471993631872,1.1222465,0,-119.74098,2.446035,21,,,,3500.0,14.508234
3780759414593309824,1.1644171,0,9.500342,0.5913697,6,1.337651,0.054577414,2.8638716,5500.0,10.414723
3816112394213243904,0.98810405,0,2.7919648,0.2325055,12,0.21889006,0.20611934,1.6787196,4750.0,10.302413
3895762871955480192,1.1596402,0,25.6378,3.126985,9,,,,3500.0,14.292995
3969552570469131648,1.0463947,0,,,,,,,,15.536091
3988217849796917760,1.034995,0,-13.98128,0.3929522,17,1.9794841,0.012142962,4.549362,5000.0,11.082048
4008743154907642496,1.050325,0,-17.975986,4.4600863,12,,,,3600.0,15.200842
4036404565453660800,0.77721065,0,,,,,,,,8.992953
4418605939730414208,1.173679,0,-24.896849,5.9777555,10,,,,3500.0,15.119273
4161425016071036928,0.78276,0,,,,,,,,8.856338
4331966416327893888,1.827125,0,-68.33777,0.2508009,39,-0.32014257,0.6105651,4.8058014,4250.0,11.569148
4354365564130391552,3.671854,0,-6.431729,0.9144923,19,0.162151,0.4646043,13.758913,3400.0,13.09892
4357065758529793536,1.0489057,0,-39.02582,5.028687,16,,,,3600.0,14.980072
4362521672667341184,0.99169445,0,-46.913036,0.6435108,21,6.6946144,2.3425706E-13,9.283386,6000.0,10.149421
4037886088658225920,0.8811487,0,-34.835213,0.13060021,21,-0.7408967,0.5844807,0.8165169,6250.0,8.141974
4083521284320114944,0.9409669,0,21.381544,0.49104127,8,1.3307459,0.051719356,2.9427967,5500.0,10.661205
4085343548738757504,1.0832919,0,-38.369194,1.5772972,12,2.797928,0.0017199792,15.840446,4500.0,12.902269
4384334505892652416,1.0607238,0,15.532074,0.25444067,21,-0.017257396,0.46818206,2.9469604,6250.0,10.465561
4407721771049499776,1.2813196,0,-21.37726,1.2685381,29,,,,3600.0,13.779107
4265727953293581952,0.85425144,0,-22.138685,0.5763061,6,0.39006382,0.40524784,3.2245579,6000.0,10.0252
4265951738214927360,0.94227844,0,38.64346,0.90344334,7,2.2138069,0.008022416,5.4900093,5500.0,11.371618
4315731543060901760,1.0051141,0,-20.175995,5.3873363,13,,,,3400.0,15.615783
3747615328063972992,1.2427202,0,1.6748364,5.742655,14,,,,3800.0,15.097106
3800429952491323776,1.0543219,0,-7.877426,0.58223176,14,-0.6737025,0.8518814,6.7740045,4000.0,11.944435
3805705344857633024,0.968036,0,24.522734,0.26688203,8,0.8937287,0.09805816,1.5990734,6000.0,9.319281
3858878375716469120,0.9953147,0,12.461943,0.2578992,8,-1.6138157,0.9535709,1.6961536,5250.0,10.906282
3861210925210595072,1.0715274,0,-42.703773,0.2376653,15,-0.62402856,0.6053899,2.4758873,5000.0,10.558565
3908262395018530048,1.1083295,0,15.078333,1.5148187,20,2.6895487,0.008947676,23.99973,3900.0,13.198987
3918665596082843392,1.1246923,0,8.695899,1.1195937,19,0.49151775,0.3713291,14.410912,4250.0,12.794256
3934642668266423168,0.9600039,0,20.673964,0.16947164,26,-0.006887675,0.16678737,2.4589176,5500.0,9.514142
3937844514845037184,1.0212889,0,-22.433395,3.1209412,13,,,,3100.0,14.875385
3982399779723342336,0.8755526,0,,,,,,,,8.128621
4015283599825418880,0.89388216,0,-13.352861,0.30627567,19,-1.3081061,0.9170279,3.7964268,4250.0,11.670931
4021045246913032064,1.0555956,0,9.28164,8.283274,17,,,,5500.0,14.774182
4023106002286529792,1.4599054,0,-15.560611,1.1426611,16,1.6131059,0.061806504,12.369828,3700.0,12.82111
4133302600970372224,1.0028208,0,-18.445045,0.3674927,13,2.5304742,0.0011481311,3.6225052,6000.0,9.647623
4343064508746082304,0.99200714,0,-32.281876,0.12177683,27,-0.1565857,0.25918022,0.72000694,5250.0,7.796352
4161425016075854848,1.1305468,0,,,,,,,,13.400274
4350961510491191552,1.0375222,0,-43.71446,1.1372764,35,,,,4250.0,13.69967
4353871879111464064,1.0559974,0,-6.100176,0.8883184,29,3.5387206,8.898328E-5,18.06167,5250.0,12.407746
4354366423123745280,1.0557102,0,-6.991496,0.12472109,16,-1.1822783,0.7303193,0.66197777,6250.0,7.1199493
4038328848222424320,0.7364678,0,5.787311,0.12964338,5,-1.6732304,0.92635864,0.27064896,4750.0,9.066809
4050608086631589120,0.7580519,0,-6.8032064,0.8672518,12,1.0469013,0.24867913,7.3620462,4500.0,12.517102
4071397931696086400,0.817186,0,-32.011257,0.36823186,12,0.034843907,0.45370933,2.9794579,6000.0,10.763942
4085497725198635008,1.1857244,0,-65.85012,4.8238397,8,,,,3700.0,14.644236
4174140696210688256,0.92807204,0,1.372271,1.4590274,8,1.8603159,0.043637104,9.980064,8000.0,8.838554
4258601159382525056,0.78063864,0,-31.469545,0.68417567,4,1.5591166,0.07034104,2.2890053,5250.0,10.66462
4204489862874341248,0.9091494,0,-16.730825,1.0428226,9,,,,5250.0,12.301621
4208521153507217408,1.0255456,0,-70.99343,1.3526554,18,0.2184009,0.9695097,8.158394,4250.0,13.282693
4216240584123073664,1.1596711,0,-97.358604,3.2570899,13,,,,3500.0,14.742513
4221965809891341696,0.93180937,0,44.316265,0.23628522,26,-0.2845597,0.46856704,4.009815,6000.0,10.610455
4417238147265397632,1.2259079,0,7.2939897,3.701477,11,,,,3600.0,14.787711
4300878721499050624,1.3113587,0,-35.400944,0.38769498,23,1.9877415,0.042475775,5.145584,5000.0,11.551914
4303294039306246656,0.8700896,0,-0.08292573,0.121217415,20,,0.5176801,0.52639765,6250.0,4.9761753
3742995833038956672,1.0700648,0,-4.415272,1.1507192,26,,,,3700.0,13.645164
3792263505970629248,1.0905278,0,21.14268,1.375681,18,,,,4500.0,13.378301
3803180900519908864,1.0863187,0,-27.53905,2.355176,10,,,,3500.0,13.924054
3883570761176322048,1.0978781,0,16.724651,0.36577404,10,-1.0541716,0.81443447,2.7026262,3700.0,11.788341
3903823151180784768,1.103177,0,1.4343002,2.3499074,16,,,,3700.0,14.307553
3974007585425593472,1.1120377,0,34.939926,0.8454402,15,2.2610688,0.023016272,10.47571,4250.0,12.213266
3977412742872737408,1.2929195,0,-30.05683,0.55271524,14,2.039394,0.019941607,6.343153,4500.0,11.613423
3982398645852922624,1.0439241,0,-6.2531075,4.253936,5,,,,3800.0,13.774617
3982506397991595264,1.1191435,0,43.1064,0.7310587,9,0.20129046,0.5053873,5.890793,4500.0,12.052313
4015283221868297088,1.0098665,0,-15.731432,0.1632707,10,0.1721643,0.49063888,0.901968,6250.0,8.543836
4027402794944039680,1.0138198,0,53.933693,1.2134795,29,2.649353,0.11196896,13.375618,3600.0,13.496569
4028495812580956288,0.9667248,0,-27.030483,4.50532,25,,,,3500.0,15.562582
4057019201496899712,1.0080047,0,-25.363764,1.0436462,31,,,,4250.0,13.647172
4416490513719050752,1.1088603,0,,,,,,,,15.778663
4124561925926342528,0.83075625,0,-20.403269,0.7828229,20,0.45617384,0.42021966,10.12052,4500.0,12.75024
4035846661995450240,0.8161556,0,19.67641,0.3227478,13,-1.111726,0.8086343,2.7555923,5500.0,10.730073
4051476838257806464,0.65909886,0,-36.892517,0.33860943,3,0.81313664,0.2248717,0.8375435,5000.0,10.150123
4074081560382774656,1.1616205,0,-38.664513,2.7960305,7,4.276611,5.658914E-5,17.549465,4500.0,12.640828
4256533630875454976,1.0567391,0,-24.426785,1.9137251,12,,,,4250.0,13.720301
4218286191146415360,1.1296525,0,-20.658247,0.35186073,11,2.0330687,0.021626445,2.6200237,5500.0,10.277227
4263805796462300928,1.0886023,0,-52.28674,0.92120516,7,0.17482083,0.42879784,4.9532394,3800.0,12.2679615
4393401143198471680,1.0296296,0,-10.501465,14.549317,16,,,,3300.0,15.543617
4418850954729363584,1.054002,0,-7.9898396,0.161551,10,-0.113357335,0.35137334,0.9583125,5000.0,9.029502
4443028292010124800,1.0317885,0,-89.37008,0.22980493,21,1.1895107,0.038109932,2.9074173,5750.0,9.957711
4293749316321399936,0.96600163,0,-81.33239,1.4186274,5,0.12663536,0.4014799,6.097992,5000.0,11.773558
4316390322356262400,0.9072692,0,-41.935204,0.26046082,10,-0.08208673,0.36532122,1.6749,5500.0,9.946657
4318582095694145280,1.157681,0,-15.939099,16.186539,16,43.53213,0.0,138.06593,4750.0,11.845526
3768566350332212352,1.0388912,0,-14.508922,0.28291148,10,0.9642428,0.12060509,2.1680374,5500.0,9.783437
3788190605663811840,1.0029836,0,22.82645,0.2302964,7,-1.9341906,0.937178,1.1731148,3600.0,11.472005
3821463408067953792,1.2054507,0,-15.662805,0.8289174,16,-0.274514,0.5714097,8.372143,4500.0,12.817062
3835870034048742272,1.1272578,0,5.235962,0.28408647,11,-0.14633264,0.5241482,2.3215442,5250.0,10.735974
3893354700972914944,1.2229288,0,,,,,,,,13.679577
3915396198257180928,1.1208329,0,5.099022,0.31166768,12,-0.1660506,0.43648472,3.1048398,4500.0,10.803059
3955352828768798336,1.6794065,0,7.9142284,0.30770668,42,1.408635,0.03573758,7.3941116,4500.0,11.598631
4002449550350124800,1.2009482,0,-12.324197,2.1876385,14,,,,3800.0,13.579122
4015180005214883968,0.8499583,0,-20.220709,0.37521958,13,-0.8290597,0.80221134,3.3438873,5750.0,10.873935
4023106002286456448,1.4959346,0,-15.395446,0.5740619,17,-1.2104915,0.90265584,5.7119865,3800.0,12.660113
4024908346657396096,1.0973198,0,-29.180544,0.7265544,13,0.3938439,0.3465129,6.300112,5000.0,12.272382
4031346914951327104,1.1165984,0,-49.351105,0.3828889,20,0.80874187,0.1174627,5.563637,5000.0,11.070444
4057236733000567808,0.82186246,0,1.5562465,0.37091312,23,3.39056,1.2852583E-6,5.686697,6500.0,7.9657235
4133302600974273792,0.92030686,0,-16.011034,0.19814406,12,-1.2633349,0.83837485,1.3475695,6000.0,9.466418
4325962979765837312,0.88119733,0,45.720234,0.21184209,22,0.4698545,0.101789996,3.6059494,5000.0,10.078883
4326157146644280064,0.9591998,0,-19.299994,0.14803419,29,0.3505839,0.11176824,1.9229355,6500.0,8.290655
4343064577465522816,1.0012,0,-31.955994,0.1258321,27,1.7765934,0.003692038,0.92484474,5500.0,7.276735
4362520092118147840,0.91167104,0,-47.018757,0.36572498,20,0.5238436,0.2548209,4.3716164,6000.0,11.166297
4081977844876890880,1.2552134,0,62.41923,1.6591192,9,0.6916433,0.50736284,13.174088,3800.0,13.379969
4107012041007171456,1.0680711,0,,,,,,,,14.175518
4177897658727147392,0.97134376,0,-10.32193,0.16888966,7,-0.7252801,0.68085533,0.77674675,6000.0,8.772357
4191193984121581056,1.168563,0,-16.967524,2.8113432,18,,,,3300.0,14.78019
4216240481043847552,1.4830116,0,-96.212006,2.106572,11,,,,3300.0,14.111489
4217350987790026752,1.1299517,0,-26.175913,4.5559316,8,,,,3400.0,15.270986
4235467984483917184,1.0841922,0,-35.76364,3.1968038,17,,,,3400.0,14.989108
4235468259361858048,0.997056,0,-36.9544,0.2497352,8,-1.1240692,0.86679727,1.58498,5250.0,10.371661
4377269589629732864,1.0345356,0,-22.940468,0.2727523,16,-1.5114245,0.91261685,2.7541447,5750.0,10.712796
4303709963945564032,1.0846597,0,-15.5117,3.9209747,16,,,,4250.0,14.229083
3749459720164801536,1.4278303,0,23.267748,3.2733216,12,,,,3600.0,14.441127
3754436144151113856,0.9255729,0,8.749487,0.32865998,9,0.59460974,0.2715262,2.1491451,5500.0,10.727717
3789513554374828800,1.0232648,0,-2.2346323,26.746197,10,29.904497,0.0,231.9932,4250.0,13.184381
3841651987742309632,0.79019713,0,10.47946,0.20447531,2,-0.6934798,,,5000.0,10.1735735
3903823529137906688,1.0329925,0,0.7712603,2.380815,17,,,,3700.0,14.126078
4027402657505087104,0.99112886,0,,,,,,,,16.30232
4325963117204360192,1.0322858,0,46.887203,0.57876855,27,-0.39396834,0.7708224,9.995235,3800.0,12.774402
4122976567597698688,2.0234861,0,-49.191933,0.56843764,15,0.034313936,0.49594438,6.5174446,4500.0,11.862827
4165763929442667264,1.012521,0,-7.2892666,0.22775829,14,-0.31595472,0.6498474,2.1657639,6500.0,9.902977
4166076083368221056,2.450031,0,16.273159,0.7967439,20,2.00455,0.07378111,11.964245,4250.0,12.361329
4336351406138842240,0.90781707,0,9.701653,0.16824253,38,0.64379424,0.03606996,2.4578018,7000.0,8.429749
4341467330663919104,1.2948288,0,-43.90792,2.3501515,19,,,,3400.0,14.275005
4363865512097462912,0.9500696,0,-14.3523245,0.16089177,25,1.1053394,0.04432675,1.7696095,6000.0,9.062132
4371250867279169792,1.1922586,0,-32.42801,6.1759324,29,,,,3600.0,14.1589775
4039297621091746944,0.5297857,0,-79.57844,0.6083042,4,-0.21103783,0.5737123,2.0522003,5000.0,11.270211
4147595908558480256,0.93207645,0,,,,,,,,15.368578
4155755075112045568,0.9004401,0,-20.891907,0.3831099,8,0.2933828,0.4365418,2.3291569,6000.0,10.486693
4159385147104785280,0.8335436,0,-25.289984,0.26020557,6,0.14322338,0.3084344,1.357626,6250.0,9.301946
4160862164875244544,1.088312,0,17.386093,2.2660768,12,,,,4500.0,13.430338
4182930948075245184,1.1330563,0,,,,,,,,15.895811
4197403025065804928,0.92500496,0,-21.501398,0.5357342,7,0.17799845,0.36702082,2.9171925,4500.0,11.271777
4208520947348742144,1.0764984,0,-71.64942,0.8478773,14,-0.06308414,0.4888196,9.043777,4500.0,12.955572
4214130449520059136,1.0306132,0,11.32047,17.400957,14,24.332136,0.0,194.93602,4000.0,12.817589
4226787340172229888,1.0541252,0,-57.89374,0.49595705,32,0.45671004,0.46130583,11.552994,4000.0,12.475476
4393401147495362432,1.2010545,0,-4.3073545,0.68851984,20,2.6062038,0.012214633,10.666979,4000.0,12.37942
4422829919807419776,1.1544636,0,-12.245676,0.19080782,15,-0.5944247,0.4839542,1.7642612,5500.0,9.57364
4443025160975482880,1.0334151,0,-84.11505,4.46688,22,,,,3900.0,15.27508
4269235910766840576,0.8504637,0,-4.3016043,0.18651678,14,0.9546507,0.18532753,1.3282337,6500.0,8.216933
4318582198773353600,0.8751354,0,-35.759125,0.32233834,16,-0.34435636,0.58168095,3.2061996,5750.0,10.656903
3771925697657398016,1.0218542,0,24.197418,0.8766097,10,-1.2091899,0.8507856,7.223732,4750.0,12.571492
3794997544712805248,1.1398423,0,-12.31396,3.8627267,19,,,,3500.0,14.275351
3814232813445237632,1.0901724,0,-25.692448,0.6798207,12,0.7295676,0.20376253,6.1785717,4500.0,12.06308
3826255045381956224,1.1419514,0,-0.59767824,3.7741942,25,,,,3600.0,15.173399
3883571517091026048,0.94990826,0,16.381302,0.22967327,9,1.2699677,0.043618053,1.4646969,4500.0,9.870178
3937093720202315776,1.1178906,0,-27.932253,1.6481187,23,3.6074958,5.395369E-4,29.328878,3700.0,13.209655
3955207830671814784,3.2626636,0,,,,,,,,10.737327
3955209750522300288,1.02265,0,-11.655026,0.18093212,21,-1.2227709,0.7871412,2.1054306,4250.0,10.6552925
4031346880591589248,1.1504792,0,-49.7656,3.4525185,17,,,,3800.0,14.674282
4036404492344755968,0.7247772,0,-8.777132,0.51323843,9,1.1056913,0.10332386,3.6249042,5250.0,10.950832
4416496664112218496,0.88804686,0,24.793142,0.15415053,13,-1.9677825,0.97143424,0.86761284,5250.0,10.279988
4331962945994312064,2.0445347,0,-67.94605,0.29282266,32,0.92528695,0.15012401,4.6014557,4250.0,11.189741
4357065758529792512,1.0804244,2,,,,,,,,9.714221
4382926890490271232,1.0037178,2,-58.611248,1.02371,18,20.527456,0.0,10.076241,6000.0,9.878225
4076629816010926208,0.75948393,0,-7.60039,0.36560404,5,,,,6250.0,8.773569
4107011972287556992,1.0122236,0,-35.370975,1.7245903,6,-0.6324932,0.6184552,8.060492,3300.0,13.9352255
4197402582707615232,1.0573357,0,-23.165352,3.1071622,7,,,,3600.0,14.253978
4213714181289487232,0.9281802,0,,,,,,,,11.601543
4239316859300923392,0.91424316,0,34.12325,1.1847519,14,2.333426,0.0074550384,12.905895,4500.0,12.6571865
4423264329983114368,1.9847746,0,63.41874,2.0273635,19,3.5733604,3.8721375E-4,30.222332,3800.0,13.032315
4435685925156760192,1.0106045,0,,,,,,,,15.88252
4290328769993455744,4.496151,1,-6.6784096,0.14127745,18,1.6233938,0.006553332,1.256556,6000.0,6.8751316
4248317972570989952,0.8930326,0,26.502647,0.7002549,17,1.6366823,0.06456225,8.94182,5250.0,11.838498
3771696453778096640,0.9167825,0,-11.382539,0.54927635,9,0.10203129,0.5274827,3.8738117,5500.0,11.294033
3778075717162985600,1.1264036,0,-8.967747,0.15694292,8,-2.351876,0.988951,0.82312775,5500.0,10.058199
3803180900519908992,1.0057796,0,,,,,,,,16.179354
3813216413729133696,1.0870621,0,4.1934476,0.67943925,16,0.45493484,0.29294395,8.566408,4500.0,12.069805
3816715373261839616,1.2682291,0,86.06955,0.5666419,14,-0.7742547,0.8730736,5.160469,3900.0,12.512726
3823105494324287872,1.1073055,0,8.843366,0.77287656,12,0.5843234,0.39604875,6.4417744,4000.0,12.363977
3826255109806508160,1.0238922,0,-3.201652,0.15502092,25,0.16913715,0.21380581,1.6359949,5750.0,9.46559
3838818026588320640,1.4653428,0,31.93655,7.668455,19,27.204332,0.0,84.34652,3500.0,13.0999775
3852988227502154496,1.0415516,0,4.933416,3.337586,19,,,,3600.0,14.9927025
3873930449383036800,1.1405705,0,0.307668,12.1680765,10,32.091434,0.0,81.56882,4000.0,12.410381
3915396198257181056,1.0253727,0,5.889776,0.42070457,13,1.3477666,0.04204282,4.0875807,4750.0,10.594795
3927383486339528064,1.5027258,0,,,,,,,,13.251553
3969552574763799808,1.0409642,0,104.19207,0.16795285,13,0.49058816,0.14329648,1.2795944,4250.0,9.297386
3992552640030438272,1.2991854,0,-17.915274,1.1602699,12,2.1433554,0.03235308,10.267405,4500.0,12.689323
4033312635583498496,1.252184,0,,,,,,,,9.092222
4033313013540619520,0.91116947,0,25.480093,0.75582016,16,1.6824888,0.022261763,9.610432,5500.0,11.721734
4057019515047532416,0.8911663,0,-25.169321,9.366036,33,67.779366,0.0,148.64957,4750.0,10.775057
4112004682821553408,0.9017653,0,23.114782,0.39548287,14,0.4368953,0.20676985,4.509924,4750.0,11.266507
4396228399909591552,1.0589838,0,-25.550827,0.8517403,11,-1.7801855,0.97074765,8.166752,4250.0,12.810584
4396228404207883776,1.1034955,2,-29.044344,5.803529,14,23.84282,0.0,69.76526,3900.0,13.22187
4416092627948054400,1.0468277,0,,,,,,,,16.325584
4117353806960369152,0.8812556,0,-10.471849,3.4288986,10,3.0026433,0.0021253894,32.468334,3500.0,13.61785
4382926886193319552,1.1233529,0,-58.863472,1.6706961,14,,,,4250.0,13.561549
4159384936636689536,1.1073549,0,-25.66485,0.7797807,8,-1.7733061,0.94955546,3.0647907,4750.0,12.170083
4184928829425220224,0.9590044,0,30.395584,0.29718298,12,-0.010786831,0.4227408,2.3762112,5750.0,10.488392
4383725101572110720,0.8451845,0,,,,,,,,8.445568
4426475140154510080,0.80679184,0,0.17070703,0.35722056,17,-0.4255804,0.54786444,3.750399,5000.0,11.394217
4281245944939544448,0.89147896,0,,,,,,,,9.0274935
3742995833038956800,1.0456892,0,-4.1824236,6.947189,15,,,,3500.0,15.637536
3776639200926251008,0.9883384,0,46.45766,0.5648458,11,-0.4081675,0.62324077,4.0372925,4750.0,12.13022
3789513558670341504,0.6810683,0,15.6345825,0.57435125,11,0.23547252,0.36803705,5.6642857,5500.0,11.527237
3920972096600101376,1.0589648,0,,,,,,,,15.526284
3921020612550678784,1.1219461,0,8.8969965,4.607457,20,,,,3400.0,15.296303
3956951175077118080,1.1055272,0,-31.248028,0.8861921,27,2.580113,0.011217117,14.020199,4250.0,12.672558
3975566491051012608,0.85092664,0,11.936906,0.16488248,9,-1.2791387,0.8006937,0.82505226,4750.0,9.770444
4025108384759142272,1.1159163,0,12.843885,0.45256928,14,-1.1171784,0.8225256,4.6904774,4750.0,11.753906
4028787973436278784,0.9737687,0,-0.4343523,2.1428308,12,,,,4250.0,13.502558
4416093315142832128,0.9719134,0,-26.559961,0.22360577,8,0.39629418,0.22931668,1.4315186,5500.0,8.997872
4138618254367248256,1.0365074,0,-24.11623,0.611056,15,0.7283284,0.19569802,7.804981,5250.0,10.883642
4360274614497377152,1.044735,0,23.264732,0.11803401,41,-0.99440926,0.5205064,0.91004753,5750.0,6.7769227
4050658118786303232,0.7249219,0,,,,,,,,10.916061
4085343140739863296,1.072699,0,-36.500084,4.029047,5,,,,4000.0,13.962478
4085497725198633728,1.2747364,0,,,,,,,,14.762745
4180052117402761344,0.99267226,0,-17.213161,0.5758367,9,0.9718157,0.12393141,4.493577,5500.0,11.107863
4269876685470510208,0.99708754,0,,,,,,,,16.066668
4198268860412635520,1.3351045,0,7.6819863,3.9225128,2,,,,3500.0,13.617657
4204489858559385088,0.97917247,0,-17.46897,1.2144014,9,,,,5500.0,12.443689
4218286191144966400,1.0012335,0,-19.603346,0.45447424,10,-1.3889225,0.90314376,3.9831505,5000.0,11.706585
4233839092363088768,1.0290173,0,17.07281,2.5763526,15,2.3923259,0.6942204,12.659129,4500.0,13.05105
4233839092363098496,0.9098795,0,15.767706,0.2832715,16,-0.8470478,0.7734954,2.5936232,6250.0,10.895234
4435686951652614528,1.0980494,0,-45.205276,0.26875755,24,0.48147342,0.1593598,3.9702682,4500.0,10.99874
4264055729181562368,0.873756,0,-8.507451,0.9220799,8,0.39049518,0.28398058,6.879997,4750.0,12.167041
4265951635135727744,1.0623337,0,40.155197,2.9034574,9,,,,4500.0,13.711689
4243961230761388032,1.0429732,0,,,,,,,,16.279295
4247495847112452352,0.9112426,0,-29.697876,0.6428383,21,0.7282993,0.18843627,8.795412,5000.0,12.220988
4289870754678777216,0.8862649,0,-43.59486,0.5645091,3,0.42884952,0.3247119,1.3887825,6000.0,9.315901
4300878721499050752,1.1727135,0,-35.672333,0.4683888,25,1.590206,0.020557346,6.5434875,4750.0,11.705178
3754435976648104192,1.1943854,0,8.749451,1.3924971,10,,,,4500.0,13.311832
3792263501674712064,0.9756091,0,20.784847,1.1432343,15,0.41378203,0.39855093,11.319935,4500.0,13.197193
3793106419072038272,0.90681654,0,0.36681727,0.2076719,14,-0.3049562,0.4181556,1.9144171,5750.0,9.615129
3793107930900527616,0.88710934,0,-0.38163322,0.16639195,15,1.0043768,0.03145515,1.2765813,6250.0,8.285685
3814232916524452992,1.255903,0,-26.221348,1.1604633,9,-0.30213034,0.67391914,9.869171,4250.0,12.961167
3840226230398314368,1.0354697,0,-4.4714,1.7592802,25,,,,3900.0,13.881006
3861210890850859392,0.93520254,0,-43.494213,0.20457141,13,2.515755,3.1065344E-4,1.749939,6000.0,8.360231
3908262154500391808,1.8007448,0,-16.224085,8.467531,25,43.014137,0.0,107.882065,4500.0,11.650873
4346960868715959936,1.0418345,0,-20.794132,1.2320819,17,,,,4250.0,13.365224
4418605389974599680,1.3023671,0,-10.343676,1.5675964,10,3.3271952,6.1123056E-4,13.333263,4250.0,11.48949
4166076087665687936,0.9366393,0,16.773361,0.16943167,18,-0.3922571,0.40334067,1.6614971,6000.0,8.874917
4360271556480659200,1.426445,0,23.970741,5.7120953,27,,,,3300.0,15.581557
4037886088658219136,0.87707394,0,-34.67928,0.90764356,8,-0.7658691,0.8071418,6.58708,4250.0,13.134777
4050564140528096896,1.0553778,0,42.167282,15.479677,5,10.219629,0.0,65.562,3400.0,13.293209
4153476474698023936,1.0342062,0,,,,,,,,15.1233425
4183674767698845824,1.07246,0,-45.045662,3.0239513,7,,,,3800.0,13.991281
4183674767698848896,1.0138438,0,,,,,,,,15.236715
4203123307414469120,1.0592926,0,,,,,,,,15.342858
4196634539453395072,1.1324959,0,-57.093548,3.6324432,9,,,,3500.0,14.491482
4282728430212941568,1.1144229,0,-14.699035,6.1315107,13,,,,3500.0,14.692158
4391857914205714944,1.0197898,0,,,,,,,,16.200195
4412876659517996288,1.1613467,0,-31.956898,0.45748532,14,0.6323706,0.1718609,4.5390244,4750.0,11.699328
4434508794880162432,0.93159884,0,9.169634,0.31849906,18,-0.2945582,0.44684473,3.707055,4750.0,10.889196
4265727914571745792,0.9515877,0,-25.158884,3.610525,11,,,,4250.0,14.057169
4306543714655447552,1.0050669,0,-13.576678,5.4137764,9,,,,3500.0,15.050552
4322181175182520576,1.0545378,0,,,,,,,,16.813004
4243961093326102400,1.0853012,0,23.043196,1.5688515,26,,,,3500.0,13.962511
4247495572234547200,0.9546924,0,-28.67212,0.24760078,19,-0.38391998,0.6010404,2.8925858,5750.0,10.234648
4249024035142730368,1.0361654,0,-30.223,0.30526647,8,-0.1889356,0.48145723,1.6197338,5250.0,10.610877
3721159222873478912,1.3170569,0,-42.006,0.92984396,20,-0.4499131,0.87891877,14.166195,3500.0,13.336926
3747591379326327936,1.2054023,0,-3.38612,0.20780638,14,-0.2327295,0.396028,2.3723607,5250.0,9.685436
3778075717162986240,0.7548043,0,-9.447208,0.28007275,13,-1.6433827,0.9554026,2.6166582,5500.0,11.06604
3780759384528273408,0.97082114,0,6.041644,6.499754,6,23.136192,0.0,35.631493,6250.0,9.632283
3893355113289775744,1.054907,0,-3.8903894,0.53377724,18,0.41923344,0.4230497,6.258621,4500.0,12.093949
3918665596082843264,1.0493995,0,-27.912592,5.3479824,17,,,,3600.0,14.627665
3975850027612051200,1.4012759,0,-8.545565,2.4678838,12,,,,3600.0,14.189453
3982506402286842624,1.6078176,0,41.007133,2.2370198,10,,,,3900.0,13.620251
4013097598910845824,0.9112728,0,-21.30932,1.6110582,14,0.5612124,0.25299257,15.919169,4500.0,13.038652
4346960868715960704,1.1001749,0,-24.37376,1.5145475,16,,,,4250.0,13.294859
4350267237620311808,1.0268219,0,-10.424233,0.9985193,22,0.31162164,0.21262707,15.458818,4750.0,12.85187
4145534526096846592,1.2292688,0,-20.297644,0.58647066,11,-1.7307445,0.9640106,5.192009,3700.0,12.770445
4163011675743273088,2.9821532,0,-6.1896553,1.0236479,4,1.6676061,0.038519036,3.6350584,3900.0,11.573982
4165764509253771904,1.3619313,0,-8.075324,0.6412293,23,0.99134415,0.425985,5.820412,5500.0,11.742435
4358934584699566080,1.0154963,0,-12.5661545,3.8914132,10,,,,3400.0,15.0345745
4039297616683576960,0.97585446,0,,,,,,,,14.051114
4184928722051303680,1.062085,0,28.951063,2.596377,15,,,,4250.0,13.247856
4253017427032998272,1.0541797,0,-46.896027,2.1647913,11,2.5999568,0.0072169784,17.210873,3500.0,13.61559
4195793241263055872,1.119285,0,20.387201,4.4613185,22,,,,3600.0,14.829437
4226787340172230912,1.0278254,0,-57.657494,0.9419876,29,0.5141328,0.42084876,21.85133,4000.0,13.266037
4263805796450894464,1.2353348,0,-53.551334,3.9827142,6,,,,3500.0,14.600961
4381955987365500032,1.0078921,0,-1.9447902,0.16911049,33,-1.3647029,0.76458824,2.5161092,4500.0,10.6025095
4391858051644351360,1.0695971,0,-21.813894,0.15415496,25,0.7293093,0.06348331,1.4918556,6000.0,8.571879
4434640667555627008,1.1763746,0,-33.7595,1.2748767,22,,,,4500.0,13.285531
4306496710531971072,1.116723,0,-2.9687953,6.376808,10,,,,3300.0,14.937136
4315755801037367296,0.9931488,0,-20.579268,1.415107,24,,,,3700.0,13.478681
4249024035142729728,1.0327255,0,-30.855938,2.1966784,12,2.7771204,0.0063898163,23.559853,4250.0,13.070439
4303709963945560704,0.8222648,0,-14.7742815,0.6157527,19,-0.3439388,0.63739836,10.144352,5000.0,11.876692
3771696449483090560,0.9273549,0,-10.488101,0.23295647,7,-1.3807873,0.894727,1.2694902,6000.0,9.708034
3794997544712805632,1.3910111,0,-8.833602,3.6734695,26,26.250757,0.0,52.3178,3800.0,11.810212
3816715751218961280,1.2164329,0,85.02492,0.6556022,17,0.383109,0.99445385,4.735031,3700.0,12.546241
3841651953382460544,1.0762637,0,16.183254,4.6081386,17,,,,3300.0,15.15053
3919940514175058560,1.2050202,0,-13.301862,0.43632892,26,0.38105038,0.4633993,7.134117,4250.0,11.9475765
3919940548534830592,1.1270027,0,-10.978405,5.0934267,14,,,,3500.0,15.003989
3924275819803455232,1.0831746,0,1.0790106,1.5771533,5,0.20431994,0.45366207,7.1600065,5000.0,12.2117605
3931641723076280448,1.1415116,0,21.499186,0.63739073,30,-1.255327,0.92923874,11.224001,4250.0,12.785623
3955353481603826944,1.0115684,0,7.9526772,0.12103673,47,-1.0438038,0.46118394,0.93852806,6250.0,7.8553395
3974007108685133056,1.1128963,0,35.08272,0.7100251,12,-1.3744006,0.95059943,6.8593903,3900.0,12.728059
3989714761863437440,0.89057773,0,-1.7327707,0.44467387,20,3.39996,1.2315922E-4,5.9690323,6000.0,9.947276
4028495812580956160,1.1495738,0,19.972881,4.864421,29,,,,3400.0,14.093802
4054646111821898368,0.7519659,0,-83.34094,0.22089463,9,-1.0578965,0.75855637,1.4720383,6000.0,9.0115
4110661148377137280,1.1956336,0,-23.175682,1.5263287,28,,,,3600.0,13.584811
4405967495950359936,1.2236193,0,8.446593,2.2632077,22,,,,3500.0,14.241937
4138618258665602816,1.0119845,0,-23.655441,0.2969979,25,-0.497121,0.5345003,4.90452,5250.0,10.816394
4358934584699567872,0.9539253,0,-8.928648,0.18750809,12,0.57570827,0.09715015,1.2201691,5250.0,9.124942
4366643947916780160,1.0177861,0,19.144518,4.516014,34,,,,3600.0,15.542999
4050605067329437568,0.8350847,0,-10.176968,4.3142633,3,,,,4000.0,13.91118
4262452405056153472,1.1298021,0,-104.28786,2.8977222,9,,,,3500.0,14.361374
4407721766753950976,1.5927069,0,-21.741735,2.20304,24,,,,3700.0,14.060924
4303294035005560704,1.601868,0,2.2627678,0.52379346,5,-0.1563351,0.38312548,1.97786,3400.0,11.765134
3771925461434522496,1.2645226,0,23.14661,1.5119364,12,,,,4000.0,13.02841
3788194488314248832,1.1037382,0,,,,,,,,13.09057
3816112462932139136,1.3796723,0,2.6152124,0.515061,15,-0.82300454,0.8732102,5.295289,3800.0,12.610317
3838806279850584320,1.2783802,0,30.64821,0.6012242,17,2.4464524,0.008770081,6.782896,4000.0,11.88429
3840219358450646656,0.98935276,0,-8.570338,2.53684,23,,,,3800.0,14.120126
3927383486340704384,1.0569235,0,-18.82402,0.195761,22,-0.22993587,0.34305662,2.8318062,5750.0,9.769047
3956952274588722944,1.0585753,0,-32.438263,0.35625553,27,-0.39889094,0.509377,5.961668,4750.0,11.609044
3987495264499476096,1.4263973,0,29.829271,0.8510414,19,0.80469584,0.26275015,11.951759,4250.0,12.943644
4001928725435959168,1.1587383,0,-49.419018,3.1148095,12,,,,3400.0,13.916895
4002446526693148160,1.1199493,0,-9.215539,5.3497524,18,,,,3500.0,14.418938
4013096052722617856,1.0757847,0,-20.661386,2.098467,18,,,,4000.0,13.798725
4056742128866701952,1.0186726,0,-46.272778,2.6516454,22,,,,3700.0,14.494014
4057096446482441088,1.0958644,0,-6.6081314,0.47649404,19,0.8556533,0.20740733,5.580592,4000.0,11.7461195
4113439163208448000,1.107184,0,40.6835,0.25204724,27,-0.4213066,0.68301624,3.922676,5250.0,11.119008
4327204500188272896,0.9721509,0,28.266006,0.22464257,17,0.28360325,0.17179179,2.4931126,5250.0,9.717447
4118515234816364160,1.0105894,0,-50.75765,4.315861,13,,,,3600.0,15.188139
4146101878447336576,0.82850826,0,-7.549527,1.6230428,5,3.3103802,0.0033523622,6.956939,6750.0,9.542675
4154349074612398720,1.0569175,0,-34.4628,0.40435302,5,0.29607126,0.29785416,1.6013336,5750.0,9.415719
4155514247707157760,0.84566236,0,-56.653625,0.34320912,6,1.0445012,0.07825459,1.7051926,6000.0,8.96108
4203123371751757952,1.2312628,0,-45.825924,2.2513838,8,,,,3600.0,13.950793
4259824950198324224,0.728516,0,-15.8327,0.566073,5,0.44152927,0.26499182,2.6978292,5250.0,10.928146
4269876887331004544,1.2198758,0,-36.526073,1.4584895,12,1.4534678,0.087060034,15.754499,3400.0,13.261552
4286613692011399296,0.87417793,0,-8.891278,0.23216978,11,-0.80437624,0.6897167,1.7975063,5500.0,10.144494
4377269692708947584,1.0099009,0,-22.614088,0.63874257,23,-0.6008004,0.78080755,10.100445,4250.0,12.629782
4322182102895476480,1.133502,0,-41.642426,1.6458609,21,,,,3600.0,13.981529
3768566346037170304,0.9313188,0,-13.965147,0.24045156,10,-0.20672254,0.4495341,1.9217939,5500.0,10.020485
3852988399300844800,1.0238911,0,,,,,,,,13.504951
3861880665230888960,1.0259235,0,12.989327,0.20170236,8,-0.34495154,0.594349,1.0340042,6250.0,8.954462
4001928725435959040,0.9435824,0,-35.167606,13.302042,16,,,,5500.0,14.999492
4008923577894143232,1.1511691,0,-5.9788065,0.20307605,15,-1.2753792,0.84599817,2.2094703,5500.0,10.10765
4027019237184648960,1.6680113,0,90.19936,0.30442485,28,-0.42833546,0.6431518,5.9899826,5250.0,11.301439
4402296402722939008,1.9543355,1,-14.141029,1.7924672,21,3.225413,0.16908573,20.23095,3500.0,12.963192
4405964476591841024,1.4344008,0,-8.542988,5.5245924,14,,,,3400.0,15.169177
4122976567597771520,1.0555333,0,-52.320248,4.9235554,13,,,,3600.0,14.825017
4371249733407509120,0.9464056,0,-19.798628,1.844398,27,6.13928,4.52453E-4,21.34499,4500.0,12.809949
4051473818955042944,0.93920714,0,-34.324707,1.7940224,6,-0.09578331,0.5600558,9.391315,3600.0,13.581179
4097515730884581248,1.0916882,0,9.897297,2.3770065,15,,,,3700.0,14.647301
4085451442638121472,0.8990277,0,-26.326427,0.22854331,9,1.2406259,0.053828876,1.4178619,6250.0,8.685173
4085452262954610176,0.9963117,0,-26.07236,2.7295156,9,,,,3600.0,14.055608
4155514140305694720,0.8819367,0,-55.389404,0.887511,11,0.8880812,0.15996648,7.05455,4500.0,11.974798
4174140691914898048,0.86480343,0,1.4172943,0.5022377,10,-0.37949643,0.6753662,4.259271,5500.0,11.52373
4253017049075877120,1.9313698,3,-55.257324,2.406724,11,57.565166,0.0,16.586472,5250.0,8.128011
4256533768314408960,0.87926334,0,-24.916481,1.4920355,13,2.3360243,0.007416239,17.364166,4500.0,12.846157
4265251894752674944,1.0592307,0,-26.471714,1.0545955,12,-1.2331331,0.913783,9.09008,4250.0,13.175805
4213714181289487104,0.8307328,0,9.305679,0.16410881,7,-0.037455313,0.46820658,0.62959576,5750.0,8.685412
4221966187848467968,1.1580281,0,43.377758,1.6390376,13,1.071116,0.16953163,18.742992,4250.0,13.294142
4376836626867009024,1.0656862,0,-22.631195,5.0359726,21,,,,3400.0,15.580369
4435689739087756800,1.0647961,0,-6.5949287,0.11916249,20,,0.7314815,0.48453522,5000.0,6.3176637
4267619937864244096,1.0364243,0,6.606449,3.4692307,4,,,,3800.0,13.473117
4289870651599528320,0.98709893,0,-43.005653,1.8690121,13,,,,4500.0,13.355989
3766808158224258176,1.0931344,0,,,,,,,,9.017097
3775136787005964928,0.8550457,0,46.05605,0.22326434,12,-0.44092157,0.50399524,1.8324928,5500.0,10.074323
3790268682640251648,1.0382797,0,24.215546,0.30712816,16,1.2811831,0.02796797,3.783764,4750.0,10.398358
3823102917343906304,1.1220663,0,7.8086615,3.2610457,9,,,,3700.0,14.136172
3835869896609790208,1.0614,0,5.151329,0.21054512,7,-0.38078463,0.58697,0.99756765,6250.0,9.478925
3873929384230484864,1.0436442,0,-17.048386,0.22303471,7,-0.38125136,0.53713346,1.2371693,5750.0,9.218345
3992552571310961280,1.1707468,0,2.0180213,4.5300155,9,25.724754,0.0,28.810549,5750.0,9.500633
4024908346657396608,1.0060663,0,-30.115805,1.6468823,11,,,,4250.0,13.241454
4054834476211812224,1.0547051,0,-81.69412,2.546051,13,,,,3700.0,13.986293
4056745118163953536,0.88253224,0,-47.606842,0.23500821,17,0.81545925,0.1464793,2.2659988,5250.0,10.616242
4110652970771689856,0.8626917,0,2.6392202,0.18041314,6,-1.1547116,0.80109006,0.83178735,4750.0,9.957722
4035846662001586560,0.76724845,0,19.412687,0.44172168,9,0.6661655,0.1626942,3.3738403,5500.0,10.691879
4038328843853241856,0.6329056,0,6.005068,0.69658476,13,1.7449672,0.023497052,6.50383,5250.0,11.491159
4071397927367505536,0.7273056,0,-32.673462,0.5401795,13,0.11039304,0.48646745,4.889776,5500.0,11.471988
4081977844863387904,1.6568009,0,,,,,,,,12.17759
4085489444501791488,0.7116949,0,38.534275,0.5220904,8,-0.15619323,0.4730682,2.7264366,4750.0,11.590519
4153477230612270976,1.1121179,0,-59.5433,2.350765,6,1.0213269,0.1457004,13.4284935,3600.0,12.712532
4154349005892919296,0.9596268,0,-37.64557,4.5886283,7,,,,3800.0,14.444309
4191193979821255552,1.0819719,0,-17.851072,0.3381099,14,0.22850358,0.25955176,3.642622,5000.0,10.892704
4198268860428678400,0.9646251,0,7.2351913,0.3986794,8,0.90775865,0.08655392,2.5641956,5000.0,10.329953
4214130449520060032,0.966682,0,-22.198921,1.4086407,12,2.5336773,0.010165967,14.001131,4500.0,12.7517605
4262452405056162944,0.9389826,0,-102.30153,0.19816022,8,-1.2365556,0.8366358,1.0209656,5250.0,10.407286
4286613687699562752,1.032473,0,-8.374538,1.8594903,8,0.2760599,0.42052737,12.527355,4250.0,13.151691
4417238147265396736,0.94858485,0,1.6418508,0.3630136,6,0.65421593,0.18257836,1.8396096,5750.0,9.732646
4430811510935515136,0.9601928,0,-48.309803,1.0541292,18,1.1970582,0.29509714,6.654072,5000.0,11.710164
4293749311998367488,0.9833644,0,-82.51814,1.4559344,6,0.6938145,0.1987645,8.156624,5500.0,11.546234
4231795134600953344,1.1630169,0,-32.428795,0.8131332,16,0.15972923,0.4955068,8.902302,3500.0,12.85395
4298497351117444480,1.1020424,0,-28.481497,2.8311646,18,,,,3500.0,14.385997
3725564931606154624,1.0485339,0,-10.7470045,0.16268435,13,-1.0797609,0.8288948,1.1812391,6250.0,9.081925
3825160133663597440,1.0832549,0,,,,,,,,14.800266
3895763112473649152,0.9934056,0,24.293291,0.15381707,10,-0.8416807,0.6117876,0.9514961,5500.0,8.888979
3970104873198408320,1.206119,0,36.79056,7.68778,9,,,,3600.0,15.320214
3975851264562633728,1.3685969,0,-8.172987,0.25198376,12,0.7920159,0.2031806,2.0099325,4750.0,10.181302
4015180005214860416,1.1006387,0,-18.950453,0.79333544,11,1.1288633,0.10511237,7.636793,5500.0,11.387817
4027019232890021632,1.0137475,0,88.723854,0.6391226,28,1.0409833,0.062234886,10.887863,4750.0,12.29243
4057236733012580352,0.88567436,0,-1.0599892,3.6499515,11,7.0760117,5.330181E-13,34.712524,4250.0,12.1895
4112004678487650304,0.90416473,0,23.719414,0.45904946,16,-0.3770487,0.92569685,2.9850883,5000.0,11.399694
4116323942518892032,0.9450701,0,-16.303972,3.2656696,15,,,,3800.0,14.087617
4349895224731745152,1.0699607,0,-10.070314,1.2631038,20,,,,4250.0,13.31944
4402412469920768000,1.2556688,0,-14.765697,2.5709777,17,,,,3400.0,14.268803
4164213854264322304,1.0925825,0,-18.553558,1.3343223,10,2.5144079,0.009664705,11.113781,3700.0,13.189558
4165669646323417856,0.98486114,0,2.4175107,0.18813662,18,-0.4255198,0.44308782,1.6214253,5500.0,10.031698
4336351268700768512,1.0373346,0,8.03321,1.3412936,51,,,,3900.0,14.065281
4353871608531542528,1.0763347,0,-6.5228314,2.2378678,30,,,,3900.0,14.233077
4146101908461142016,0.88942164,0,-7.4996076,1.151566,8,,,,4750.0,11.934781
4085489753739463424,1.0113081,0,40.677402,3.2647612,12,,,,3600.0,14.408542
4160862164862639104,0.92372894,0,11.255703,1.9496044,15,4.1836944,0.4402747,15.46948,4250.0,13.013324
4265234238209181824,1.1229036,0,-31.199432,4.806864,10,,,,3500.0,14.94523
4217350987790027392,1.273799,0,-22.282442,3.3504426,13,,,,3500.0,14.412507
4226931681137582592,0.98634446,0,,,,,,,,8.528087
4282728430212942464,1.005514,0,5.045325,2.2321117,14,,,,4000.0,13.639249
4418849515915901312,1.4084085,0,-8.085217,0.586462,13,-0.3662443,0.48274395,6.883958,3800.0,11.443985
4426474079303155584,0.952166,0,-0.035918135,1.3305956,20,1.4911488,0.059683844,21.120045,4500.0,13.045321
4430811515231665152,0.9377068,0,-49.09844,1.0252455,19,0.536284,0.2563671,12.942001,4500.0,12.92939
4434508794880162048,1.0995543,0,10.261226,0.878226,15,0.03562502,0.5968544,10.593189,4000.0,12.375779
4434640667553065600,1.2638526,0,-34.17553,1.4294142,20,,,,4500.0,13.50369
4238879459825291136,1.0726124,0,-26.930773,6.1287694,7,,,,4000.0,14.402046
4316390356716004736,0.998003,0,-43.14812,2.5217192,15,,,,3700.0,13.967983
4298497591635616512,1.1278529,0,-27.769585,0.858919,21,0.8622904,0.23493117,12.7883625,3800.0,12.985292
4818744295824258432,1.3688505,0,-8.452622,0.73129606,16,-0.49572942,0.69571656,8.356764,3700.0,12.675794
4856414698062790784,1.0396713,0,9.285835,0.40523285,26,-0.64476424,0.8237019,6.9831247,4250.0,12.163741
4869267924568297856,1.1740979,0,52.999023,0.1596457,19,-0.10821116,0.2392082,1.4392052,4250.0,10.004919
4885245477787379200,0.9647641,0,54.927525,0.14676079,21,0.3270643,0.08580706,1.328804,6250.0,8.360729
4889054770181870720,1.03628,0,12.475127,0.15688707,27,-0.91251606,0.65358436,2.2147942,6250.0,9.498777
4890529971189357312,1.0003283,0,-39.132607,0.45881397,46,1.0323558,0.30246544,11.575359,4250.0,12.554483
4445026413873744128,0.97224206,0,-19.627209,0.15048295,24,-2.027067,0.91574967,1.5375385,5250.0,9.781737
4466395869035894016,1.173951,0,-34.4629,0.2664153,31,0.37570116,0.2594749,4.814577,5000.0,11.0854025
4540470414076623360,1.0500466,0,-5.4177585,1.6679547,35,,,,3600.0,14.209759
4574764697142222592,0.979672,0,-32.90283,0.18389645,23,0.27011266,0.3430719,2.2474327,6500.0,9.265168
4599117333509619328,0.8611948,0,-59.279667,0.59503067,24,0.91108507,0.10529947,7.788418,5000.0,12.048608
4607564297229962240,0.952236,0,1.4467287,0.7307166,24,3.3980947,1.7781556E-4,12.332374,5500.0,11.6551075
4531690195265829504,1.3567475,0,-14.000418,0.4791974,47,2.6155074,6.440904E-4,11.318563,5500.0,11.702767
4586807613644344064,1.0356387,0,-4.0701027,2.8386748,23,,,,3200.0,14.7497225
4677970179988001280,1.012178,0,11.643348,0.33692595,11,2.0003908,0.0048964424,2.916976,5750.0,9.693971
4713598278033272704,1.157056,0,,,,,,,,9.069533
4715849562450902656,1.0126351,0,25.822641,6.9193544,18,,,,3600.0,15.323338
4715849734249593728,1.0016122,0,,,,,,,,16.26044
4767443076137781888,1.2188325,0,,,,,,,,10.307069
4918156059829751808,1.0253472,0,,,,,,,,16.477938
4971852359438926976,1.3632259,0,51.57128,32.105087,29,116.76597,0.0,155.76031,3500.0,13.197472
4803730949879638912,1.0728854,0,39.2911,7.8465877,15,,,,3600.0,15.139826
4812618302366735360,1.1060376,0,24.842783,3.4448898,21,,,,4000.0,14.451492
4813906380238701696,0.9362414,0,0.46972623,0.40997306,10,1.229466,0.031843364,3.4981956,6250.0,8.771755
4817870738132232832,1.168157,0,33.425873,0.28989062,13,2.3165789,0.0016893939,2.957075,6000.0,8.83871
4452462750313787904,1.2223265,0,-21.05762,0.8421188,16,0.2624931,0.49626848,10.68484,4000.0,12.681116
4471250556472775296,1.1923,0,-100.06512,4.1394176,16,,,,3400.0,14.836604
4500443651042188672,0.9029388,0,4.563703,0.34491912,23,-1.3516301,0.89254516,5.2412257,4500.0,11.832812
4540470414076622848,1.0104097,0,-13.736751,4.6305237,25,,,,3400.0,15.592335
4541753303627759104,0.9862595,0,-39.633247,0.1566336,23,1.3695438,0.009253208,1.7253876,5000.0,9.598627
4559450733551463296,0.993096,0,-51.378807,4.018698,45,,,,3800.0,15.213902
4574670895056352896,1.0703814,0,-32.562737,0.16196547,28,-1.6027105,0.8718497,2.0407295,6000.0,9.755555
4520360415152527616,1.0238981,0,-34.002197,0.21712969,24,-0.097863466,0.37205836,2.5078125,6000.0,10.004107
4579641065574294784,1.1483638,0,-16.062193,2.2741165,32,,,,3700.0,14.592276
4610210443761300480,1.0835543,0,-66.87567,2.3505108,20,,,,3800.0,14.228063
4675229033077196544,1.1595056,0,24.889376,0.33261466,43,0.82222545,0.23819934,8.324675,4250.0,11.799542
4676145235500131456,1.0994147,0,-3.645638,0.15131773,22,-0.9330964,0.36412746,1.205867,4000.0,9.649586
4763181506506724608,0.97890216,0,-6.5592656,0.18138269,14,-2.3751116,0.979897,1.6207099,7000.0,8.449574
4842117336052165632,0.8208056,0,2.2567801,0.47536665,19,0.80347735,0.2249515,5.8062124,5750.0,11.218456
4906092390048232064,1.0648438,0,-12.197811,3.6197631,22,,,,3700.0,14.853323
4907283023702070912,0.969585,0,59.927094,3.0511205,18,,,,4250.0,14.454227
4910793523811900032,2.344694,0,26.517334,3.1536565,18,,,,3700.0,14.254619
4917349946008498944,0.8463908,0,8.017905,0.40522444,31,0.30455917,0.26977456,7.9278812,5250.0,11.481283
4918156059829697024,1.0116245,0,-4.3572206,0.12817515,29,-0.11919226,0.19561733,1.0955496,6000.0,8.208079
4971851740963635584,0.9648674,0,,,,,,,,17.201252
4803566710328725632,1.0649313,0,-6.9148755,5.8829045,14,,,,3600.0,15.246586
4899032116649119616,1.0851749,0,2.8472917,3.6009738,26,,,,3400.0,14.740436
4471250556472774400,0.93287003,0,-99.269684,0.21232069,15,-1.570678,0.89503264,2.2266617,5250.0,10.492655
4476036966810860288,1.0183244,0,,,,,,,,16.631182
4547518244953843200,1.3417996,0,-19.113737,0.34244177,26,-0.13841705,0.6177913,5.7809877,4000.0,11.863639
4550143917377951360,1.0780299,0,-12.692483,2.7257454,20,,,,3500.0,14.60437
4567433497208041216,1.0671092,0,-24.917072,2.9253902,32,,,,3500.0,15.692764
4570277624549802368,1.0387814,0,-35.245323,0.43837437,28,-0.06917555,0.66075295,8.584274,4250.0,12.393472
4596071823739874304,0.9794789,0,-63.910957,0.23637715,14,0.20833185,0.23275164,2.4670563,5500.0,9.820536
4586807613644343808,1.052044,0,,,,,,,,16.375484
4592770711878858496,1.1657418,0,-20.706327,1.4624621,10,1.155797,0.08498495,13.806257,5500.0,11.985377
4606768560049730176,1.0048777,0,25.624363,3.5724616,24,,,,3600.0,15.242683
4617613489909799424,1.0175056,0,,,,,,,,15.5053005
4621971060648807808,1.0367393,0,10.76416,2.251793,24,,,,3700.0,14.327923
4627687524680510208,0.8444334,0,58.159847,0.40538993,18,-1.168551,0.8803079,5.2581177,6000.0,11.08807
4638727652215550848,1.066307,0,1.811141,2.1578841,23,,,,3500.0,14.214724
4762827880375157504,1.07992,0,52.77876,1.5353441,17,,,,4000.0,13.495757
4780329730370997760,1.0180998,0,18.135988,0.60402155,28,1.4918938,0.028641796,9.88412,5000.0,12.081334
4832993902096519680,1.1009512,0,19.684093,7.173343,18,,,,3700.0,15.14076
4906092523191381376,1.2158661,0,-9.469314,0.518829,21,0.38607842,0.32939446,7.3543644,4500.0,12.231941
4968125358619256704,1.0344443,0,1.9990591,2.7915642,42,,,,3800.0,14.772127
4844550250340535552,0.9902594,0,27.950201,1.3222482,24,,,,4250.0,13.486921
4865948945640765184,1.0361077,0,-90.21511,2.2781131,27,,,,4250.0,14.16631
4866864392150296192,1.0754411,0,27.678677,2.2725563,18,,,,3900.0,14.431453
4867253202653188224,1.0362636,0,61.826885,0.6153743,21,0.2673313,0.2879272,9.143963,4750.0,12.253136
4898797680154545280,0.89660645,0,22.286531,0.21094482,45,0.7736966,0.061607152,4.2856064,5000.0,10.793349
4454115217507714304,1.0461894,0,-50.1302,6.440456,12,,,,3500.0,15.622995
4454116248299868544,1.0631491,0,-51.18651,0.18896328,15,-0.10733663,0.3042181,1.5908661,5750.0,9.285919
4504891592210749952,0.82802135,0,-24.33328,0.33263323,13,1.3482666,0.044067863,3.259571,6000.0,9.829109
4547516393823868544,1.0564523,0,,,,,,,,16.798332
4513694209272664320,0.9943806,0,18.480806,5.5977125,23,,,,3700.0,15.672588
4535145719786807552,1.0871325,0,38.387264,1.880228,42,,,,3400.0,14.3982935
4667702562449823616,1.2228757,0,14.67201,0.5730747,22,2.2683291,0.80582917,5.4462023,4500.0,12.137436
4683977950177829376,0.9328207,0,-14.962201,0.20744361,13,-1.4632974,0.8853085,1.9716625,5750.0,10.209601
4696008668969271552,1.1093698,0,46.075974,2.5425472,18,,,,3700.0,14.716691
4728663614559012992,1.2893996,0,4.891782,1.8691084,26,,,,3600.0,14.023823
4734411311592917504,1.1119642,0,-0.6887288,4.283373,28,,,,3800.0,14.775289
4748182213694950400,1.232524,0,12.88888,8.663596,28,58.54175,0.0,109.791985,5500.0,11.482064
4901180528009675392,1.0927217,0,0.9321545,1.8203945,24,,,,3700.0,14.109985
4923806518804834944,1.0738647,0,,,,,,,,16.504726
4933035681970371712,1.343009,0,11.007763,3.3930717,42,93.97342,0.0,49.39183,5250.0,10.490572
4942194923066210944,1.0668731,0,-10.435749,0.31262606,33,-1.1461617,0.7950275,6.018958,4500.0,11.509772
4970639765617917312,0.9169613,0,,,,,,,,9.5900955
4818744300120317568,1.1246833,0,-7.8068585,0.40752134,18,-1.8822544,0.9769742,6.262895,4000.0,12.246467
4821411096854351872,1.0680926,0,-2.192177,0.7635408,27,0.92851084,0.2740933,13.900003,3900.0,13.022351
4875604547518720256,1.1242542,0,24.701103,0.23992826,24,-0.10553771,0.48610207,4.081152,4250.0,11.247255
4466603779812030848,0.9983728,0,-89.18285,4.5695233,16,,,,3300.0,15.44726
4563050775137921024,1.0765674,0,-4.6959405,0.9608717,23,0.89374524,0.25490326,16.169044,3800.0,13.215825
4513957958938939008,0.9274424,0,-30.437666,0.37035525,12,-0.27518192,0.5173027,3.9009151,6250.0,9.895188
4531690195265821056,1.0505161,0,-13.798462,0.26789367,45,1.3029271,0.05424726,5.506729,5750.0,10.811348
4583221144153132288,1.0615557,0,-29.562489,4.542493,19,,,,3400.0,15.158238
4615766379094183296,1.0113723,0,17.259048,1.7785212,17,,,,4500.0,13.519164
4639621516512729344,0.9291397,0,15.7821865,0.76268363,13,1.6097764,0.034592718,7.082506,5000.0,11.560266
4641081397373267456,0.7813632,0,-8.129863,0.37166983,18,0.89946973,0.13315003,4.8125257,5500.0,11.019917
4648549830108994816,0.90976745,0,23.25771,0.2720933,12,0.8843647,0.1590171,2.2284431,6000.0,9.496558
4677970179987090304,0.9403295,0,11.803022,0.4588206,8,3.3193781,7.159839E-5,3.0895119,5500.0,9.867051
4706288999609864832,1.0212097,0,-36.333984,6.1380506,19,,,,3800.0,14.384659
4814451566207177472,1.0816474,0,30.712107,4.1697316,18,,,,3700.0,14.924769
4839320388923664768,1.0226127,0,9.22106,4.4288645,17,,,,4000.0,14.574527
4849319652608754176,1.2338847,0,1.4119364,1.4440296,19,5.381155,2.256676E-7,20.817547,4250.0,12.595765
4941883967433902720,1.0922139,0,,,,,,,,15.870312
4949233309312904320,1.067379,0,51.70714,1.6049482,30,4.8564863,0.0028343496,25.196117,4250.0,13.362146
4822499299831074560,1.2790599,0,10.680206,1.0616586,16,16.845556,0.0,10.7549,6250.0,8.408496
4885444111435049728,1.1319666,0,6.3468275,8.877877,28,,,,3800.0,13.874179
4888983542444299264,1.015112,0,20.641079,5.275787,24,,,,3600.0,15.334228
4457100013619644032,1.115432,0,-68.27015,0.66963345,24,0.4692142,0.3496803,10.570148,4500.0,12.756699
4468375294906324096,0.9912211,0,-16.69679,0.8219969,20,2.436146,0.0055684447,11.003048,4500.0,12.143378
4473139036412013440,0.9031455,0,-25.431847,0.22359209,23,1.5557202,0.025226919,2.9442234,6000.0,9.892916
4506549002932459648,1.0257841,0,9.776942,5.6226845,17,,,,3300.0,15.634479
4577547698516007552,1.518796,2,35.52643,4.1905646,33,52.366558,0.0,61.184376,5250.0,11.869185
4587756182943860480,0.9555525,0,-45.740204,0.42567912,32,0.31554475,0.24059255,8.3154335,5500.0,11.454086
4615766379094183168,1.0146834,0,18.790323,1.8338037,17,,,,3700.0,13.738689
4617613489909799168,1.0293232,0,,,,,,,,15.786049
4618022851832408832,0.8345325,0,33.333733,0.33539858,27,-0.10495806,0.3804211,6.575157,5000.0,11.095152
4622614824706928512,1.0060114,0,16.831726,8.16539,15,,,,3800.0,15.031144
4660431462032324480,0.8117194,0,2.3027892,0.1581073,68,0.6882344,0.05300861,3.2375515,5750.0,10.218857
4676399944240620288,1.393056,0,23.212126,0.7257859,35,0.35059154,0.56032544,18.076153,4250.0,12.757416
4690316359834474112,0.9608693,0,0.2139138,0.31519666,21,0.08711763,0.4110289,5.0525484,6250.0,10.422115
4743138925656526848,0.91472936,0,2.8618543,3.586445,10,,,,3400.0,14.392492
4777105107581372032,0.9767883,0,3.5672524,2.0162458,20,,,,3400.0,14.181117
4780329730371236608,0.9773287,0,16.485968,0.54574174,26,0.69268143,0.78846663,6.3165064,4750.0,12.060327
4907169670925418880,1.1081445,0,18.435196,0.31788617,30,-0.18631856,0.7604871,4.903944,4000.0,12.040856
4919666685726572160,1.0318453,0,,,,,,,,12.437248
4942195988218119168,1.0524971,0,,,,,,,,16.134304
4945432160176306560,1.0477359,0,3.5025268,2.6586068,27,,,,3500.0,14.728773
4952869600422760448,1.1563401,0,28.494522,0.53487647,23,-0.74377084,0.6472555,7.411413,4750.0,12.289165
4961380988652419328,0.97357833,0,19.738106,0.8149873,3,-0.44752192,0.7749774,2.2280178,5250.0,11.20249
4812013570971636224,1.0193498,0,64.4979,3.6012948,22,,,,3300.0,15.075576
4866069548322472704,1.0361758,0,20.764065,0.30789092,27,-0.104775,0.57299083,5.307863,4250.0,11.867232
4468398865686840832,0.9551597,0,-16.630566,2.5292861,16,5.380919,0.4832139,14.083453,4250.0,12.964694
4499815799841513472,1.0297087,0,-37.483467,2.351954,19,,,,3800.0,14.496856
4500443651044586496,1.043,0,3.169936,0.35458988,23,1.6528479,0.01947501,5.1927185,5000.0,11.216169
4542147615985756800,1.338886,0,-61.251854,0.9461847,35,1.831226,0.048852563,22.692207,3500.0,13.425543
4544017129349496832,1.0137119,0,-34.233994,0.3709849,28,1.2276542,0.04201915,8.333731,4750.0,11.118262
4551118806237921408,1.0997629,0,-94.644196,0.9485145,50,1.8877276,0.0627363,26.62883,3700.0,13.297392
4513694144883399424,0.9288052,0,17.787334,0.21403155,22,-0.27637985,0.38514787,2.78973,5500.0,10.352436
4700951106879507968,0.831721,0,15.349251,0.40011796,18,1.2881938,0.047990724,5.196969,5500.0,10.915987
4744675080839578112,1.0236882,0,6.748114,2.9288445,27,,,,3800.0,14.472887
4748424759088727296,0.92528164,2,6.3890686,1.8166974,31,30.69855,0.0,26.311258,6250.0,10.418507
4757440617002708352,1.0448214,0,12.90442,8.238147,16,,,,3500.0,15.440475
4765626549784566656,1.0511723,0,,,,,,,,15.847585
4842207225421802624,1.0818895,0,-20.114716,2.0299525,21,,,,4250.0,13.910648
4911590910260264960,0.83006585,0,0.8541202,0.38267103,36,-0.1907603,0.41843092,8.590973,5000.0,11.641303
4945432125816567936,0.8689797,0,8.155683,0.5653062,26,-0.38666788,0.94005406,5.6320305,5000.0,11.948391
4949233309312904192,1.1624434,0,49.986378,4.0230703,25,,,,3600.0,14.844103
4956906938402079232,1.4497677,0,4.5289702,3.1545997,24,,,,3700.0,15.117303
4822383717968501504,1.0803927,0,34.11788,0.5644317,18,-0.21054114,0.5600762,6.9396706,4500.0,12.486167
4822499677788196224,0.98636585,0,7.549896,0.2868398,18,1.005639,0.046889752,3.2991214,5500.0,9.985958
4862151747874246912,1.2778031,0,28.06593,2.4653907,27,,,,4250.0,14.683547
4869267993287774080,1.2082078,0,54.75935,1.7016813,17,,,,3300.0,14.160842
4889054941980562176,0.9643081,0,12.398844,0.7188819,32,0.77774477,0.10174765,12.463099,4750.0,12.634319
4454138204172605440,0.9543122,0,-24.663162,0.16687813,11,0.030465402,0.2553889,1.1870403,5250.0,9.51237
4457100116698859392,1.1808871,0,,,,,,,,9.209536
4493399393578748800,0.973543,0,-39.132225,1.8526164,19,,,,4250.0,13.671414
4551118840597662336,1.8267295,0,-93.21472,2.4329479,46,,,,3500.0,14.839426
4562039430599550464,1.0239506,0,13.823316,4.42236,26,,,,3800.0,14.989031
4571510177083816192,1.2263154,0,-31.400574,6.366137,17,,,,3300.0,14.67106
4599118119486450944,1.0043699,0,-59.70769,0.45946795,27,1.5320896,0.0474724,6.3876534,5250.0,11.688365
4599552495298050176,0.9789851,0,-27.757473,0.7740296,28,1.7365711,0.05394954,15.432323,4500.0,12.560979
4521632000328226432,1.0560762,0,-13.850903,3.0404274,26,,,,3600.0,15.122869
4576306384245845888,1.3354636,0,-16.850008,0.28092763,8,-0.20372233,0.45784232,1.7916279,5750.0,10.073317
4626843786944938880,1.0000764,0,14.156246,0.12676118,9,,0.8163255,0.4224043,6500.0,5.4059277
4630563503501751552,1.0242734,0,-22.92255,0.33849806,20,1.327645,0.041841324,4.415169,4750.0,11.199715
4634400519908396416,1.1026906,0,4.5509214,0.8939478,24,1.7348319,0.015794659,14.434005,4750.0,12.4379015
4700921355641624192,1.2906411,0,24.264648,0.67388576,24,1.0207628,0.17066145,10.62455,4500.0,12.285981
4743138925656526976,0.9150512,0,7.720265,0.19279318,14,0.93053335,0.045505535,1.678585,5750.0,8.890653
4753361016540766848,1.1963814,0,15.762888,3.5959246,16,,,,3400.0,15.178877
4781153642537450880,0.86607826,0,78.435524,0.6991476,16,1.0944852,0.09978939,8.353989,5250.0,11.694674
4786821663635182592,1.0158446,0,,,,,,,,16.324284
4788157982579701632,1.019704,0,,,,,,,,16.173817
4832994039535534464,0.97337353,0,,,,,,,,15.520841
4834510124334832256,1.1001041,0,-35.5938,0.17850459,18,-0.44594616,0.54620326,1.3561974,5750.0,9.462486
4934172302114742656,0.9914365,0,34.732048,2.8068736,38,,,,3900.0,14.49159
4941799167599785216,1.0249792,0,15.049837,1.8421044,29,,,,4500.0,13.667423
4959990931078804736,1.1013727,0,3.03138,0.7310993,43,-0.28586692,0.7076131,20.88886,3800.0,13.289626
4962481599793838080,1.3898582,0,24.331741,0.42873785,50,0.98478585,0.12888415,11.332344,3800.0,12.2990055
4791752183011461760,0.9469505,0,46.55423,0.29995567,18,-0.18915088,0.48452446,3.2314072,5750.0,10.452967
4812687124923301888,1.0924824,0,-38.681767,0.25291958,14,-0.08052764,0.3869232,2.3426476,5500.0,10.181055
4861133909344681088,0.96114856,0,8.722202,0.15288618,28,0.08179222,0.11070857,2.0917897,6500.0,6.951247
4899498069061515008,0.9930938,0,-26.46697,0.2579927,21,-0.044133022,0.41559425,3.2077942,4500.0,10.954665
4445026138995834112,1.1209605,0,-19.139296,1.2676364,24,,,,4250.0,13.376178
4461070762429088128,1.3460566,0,-36.65762,0.4254534,40,2.6496794,0.0012413498,10.988001,5000.0,11.61333
4566228329382331392,1.0436517,0,-27.193481,3.7639513,38,,,,3600.0,15.3728695
4570277624549802624,1.261957,0,-36.153214,2.2568753,26,,,,5500.0,14.140385
4511727668304262272,0.9493434,0,-21.696041,0.21137784,28,1.2859468,0.018340746,3.6412334,5000.0,10.6229315
4618039791183417216,1.0456697,0,,,,,,,,16.294147
4622614721627715072,1.1288477,0,9.376908,1.4049015,17,,,,4500.0,13.139471
4628920970569782400,1.039639,0,101.41946,1.758781,19,3.10325,0.46069717,17.990692,4250.0,13.171916
4634400524204522496,0.9217386,0,13.457807,3.870032,24,,,,4250.0,14.781758
4639621623888186880,0.92992896,0,16.602213,0.802394,15,2.8261566,7.0261094E-4,10.282713,5000.0,11.554967
4702248637975244672,1.0141333,0,33.42646,1.6905177,17,,,,4500.0,13.523759
4711108914988727808,1.1165377,0,-16.63915,0.21322607,15,1.4502436,0.019064393,1.9581642,6250.0,9.013107
4714232966824587520,1.1289715,0,13.518548,0.45200887,24,-0.49942887,0.66261214,5.7565174,4500.0,12.200514
4751255898449967488,1.5018108,0,46.09076,1.3645234,22,1.9142365,0.052093085,23.513672,4250.0,13.209414
4763619318293079168,0.9577032,0,31.258213,0.18782651,16,-0.05947013,0.37100506,1.9585018,5500.0,9.622951
4767443080432778368,0.98538464,0,-10.235607,0.16462614,18,0.7256465,0.041582547,1.4420414,6250.0,8.222317
4839320217124972032,1.0584103,0,9.272378,2.132226,14,,,,4500.0,13.731521
4849319656903977984,0.95214206,0,1.3129591,0.1879852,22,-1.3755271,0.87464595,1.9612917,5750.0,10.196027
4851761564855690624,1.149372,0,40.565193,1.820159,16,,,,4500.0,13.684671
4852571771781043456,1.053101,0,-7.627974,4.3698707,16,,,,4000.0,15.056104
4907283023702071168,1.0111449,0,,,,,,,,13.570024
4911593762118548864,0.94906455,0,0.8218584,0.21038112,29,0.64867145,0.12621792,3.1752887,6250.0,9.783006
4952386571222025472,2.3992283,0,-25.513802,2.1068344,28,,,,4250.0,13.965622
4953535045476418176,1.0873427,0,48.20824,2.7849925,24,,,,3300.0,15.224255
4812687124923302400,1.0580155,0,-38.816338,0.51125365,16,1.4154186,0.02728624,7.167034,5500.0,10.623461
4813154692242856704,1.506399,0,44.024876,0.1352151,15,1.0852014,0.033153858,0.7490196,5750.0,6.5873623
4826167343638046080,1.0019616,0,-10.10757,0.23824218,25,-0.6966602,0.5857338,3.5098686,5500.0,10.670248
4826304335914695808,0.86646324,0,5.3619246,0.53911096,25,2.0964487,0.031005997,10.18023,5250.0,11.260944
4862061347402688640,1.0007358,0,35.55009,1.5999662,27,,,,4500.0,13.7403345
4458011680557802880,1.1103036,0,15.916532,4.342835,19,,,,3700.0,15.446111
4461978959028633088,1.183524,0,38.9895,0.65678334,26,-0.17205887,0.6532277,10.866417,3600.0,13.030249
4495187817964974208,1.0813869,0,10.161104,0.19999221,38,0.6595265,0.06344098,3.2616024,5000.0,10.574209
4552168187004473344,1.0553231,0,-58.36562,2.2444115,20,,,,4250.0,14.226488
4527085371839272064,1.0764304,0,,,,,,,,11.065039
4529597824637993472,1.057533,0,58.15826,6.5671754,43,,,,3500.0,15.475516
4530628685506266624,1.0347472,0,-25.333694,0.23548971,17,0.80528766,0.06473659,2.284338,5250.0,9.887554
4577547492357580288,1.0428932,0,29.977142,0.4581263,33,-0.2991686,0.42381448,9.403461,4750.0,12.371875
4539206250586854400,1.0453708,0,-54.29449,0.2335897,29,0.21561539,0.30827042,3.528225,5000.0,11.189463
4606218254479875200,1.1142726,0,-23.61829,1.1504409,26,,,,4500.0,13.366119
4620688171097102080,0.95141476,0,11.661118,5.841918,8,,,,3500.0,15.407106
4696157343557291776,1.0717199,0,61.642654,4.119914,14,,,,3400.0,14.714147
4748424381131095808,0.80753183,0,8.181817,0.25996602,27,-2.521811,0.98756987,3.682663,5500.0,10.892394
4773956484236694784,0.9374692,0,14.337989,0.6017988,11,0.90740967,0.14651558,5.520644,5750.0,11.57473
4777105107581372288,1.0228673,0,7.9059334,2.1063664,16,,,,3900.0,14.082584
4778965103298166656,1.2371178,0,,,,,,,,12.861794
4830533126354302080,1.0191044,0,32.741844,0.27016115,9,-1.8076482,0.9659222,1.9011765,6750.0,9.432622
4834508754241750016,0.9828591,0,-33.1563,4.9651265,20,,,,3700.0,15.438245
4855173834767642368,0.99378926,0,38.97794,2.1895242,25,,,,4250.0,14.244447
4912580642524184960,0.87479657,0,27.639664,0.123256646,23,,0.36876696,0.78608894,6250.0,5.383109
4933038636907371776,0.9840005,0,20.056944,0.20152001,28,1.6241277,0.018310359,2.5728416,6250.0,9.480308
4965997803619495168,1.0030974,0,-16.881199,0.9479814,34,1.4723722,0.050952222,19.172314,4500.0,13.098353
4821458513293294336,1.0968174,0,20.245955,5.9741497,23,,,,3500.0,15.77203
4844550250340535424,0.9555398,0,27.952366,0.16904849,22,0.539532,0.1123109,1.6501064,6250.0,9.257425
4868512628799198976,0.96101385,0,3.2998142,4.911315,20,,,,4000.0,14.349306
4883895483667305472,1.0633906,0,,,,,,,,15.885931
4459384111589548416,1.0542877,0,-45.201145,0.14597523,27,-1.8354136,0.90613896,1.5543518,6750.0,8.304502
4552168187004473216,1.0243819,0,-56.825073,4.7548404,17,,,,3900.0,15.194344
4561921404898531840,1.06022,0,,,,,,,,15.986752
4503200371511056384,1.024142,0,-12.311666,7.315,22,,,,3300.0,15.3917465
4503200371511057408,1.1483052,0,-6.5710993,3.1457765,24,,,,3300.0,14.793353
4506549002932458368,0.9839601,0,,,,,,,,15.473046
4511728046261383808,1.3658191,0,83.373436,6.032455,23,,,,3800.0,14.521488
4527032354763204864,0.93637604,0,11.889568,0.15828861,32,0.3146393,0.055832487,2.060956,7000.0,8.203339
4529759865160098432,1.0269599,0,-13.624655,1.6071423,49,,,,4250.0,13.930547
4535144998232287232,0.96609247,0,38.33417,0.12280361,37,0.61033356,0.067714594,0.9258499,4500.0,8.499124
4618022851832408704,1.129521,0,34.885925,1.1213682,24,3.027451,6.912362E-4,18.439926,4500.0,13.024223
4621971365589948416,1.0336375,0,9.822119,0.3223176,24,-1.8909465,0.98103017,4.666768,4250.0,11.954922
4630892012664255872,1.0688535,0,53.90445,0.5848925,18,1.1131923,0.176462,7.452183,4000.0,11.875141
4648549830108995200,0.88535124,0,23.282621,0.29795653,10,0.6759958,0.14632048,2.0781517,6000.0,9.379372
4673729471014718208,1.1707422,0,12.945401,1.0923849,31,3.3862147,3.1449884E-4,22.416882,4500.0,13.083316
4690316183740059392,1.0318061,0,0.5114492,1.5017279,22,,,,4500.0,13.57632
4714236235295805184,1.0890012,0,15.256896,1.7824049,26,,,,3700.0,14.133533
4743115561034938368,1.0562785,0,45.090294,7.8696446,15,,,,3500.0,15.481188
4743115561034938496,1.0883473,0,32.962925,2.6854732,27,,,,3600.0,14.615185
4748182419853078016,1.0349255,0,,,,,,,,15.794097
4765581637310224256,1.1269232,0,-4.842345,0.4133456,21,-0.88234997,0.8436543,5.788382,4250.0,12.019464
4778965099002427648,1.1677914,0,16.170591,0.85961205,17,1.9506277,0.021764802,10.490671,4500.0,12.3424015
4923829952146401152,1.3487437,0,22.799557,0.39496955,33,-1.1526619,0.857926,8.263752,3800.0,12.430228
4934175978606756096,1.0175331,0,,,,,,,,15.768577
4941799167598194304,1.1034639,0,17.539667,1.7298663,29,,,,4750.0,13.569898
4954979322719413632,1.022802,0,6.025297,1.5146745,37,,,,4250.0,13.696352
4954979425798629376,1.0308455,0,5.2819643,0.59045684,32,2.0524993,0.012297728,12.451728,5250.0,11.621586
4953534908037465344,1.022126,0,47.959274,0.41014874,30,0.6104381,0.13132462,9.39098,4750.0,11.549466
4822383717968501376,1.0173182,0,,,,,,,,15.838521
4856417657296523776,1.0870228,0,,,,,,,,16.360739
4871521575511277440,1.1293343,0,59.21595,0.6946271,30,1.191608,0.11289326,15.996361,3500.0,12.732867
4871521579808229888,1.1387826,0,,,,,,,,17.464283
4898797680154545024,1.0907425,0,22.624884,0.60153145,40,0.36497,0.5018448,16.756292,4250.0,12.737317
4899029951985608576,0.9967782,0,,,,,,,,16.111288
4454138169812866560,0.96061325,0,-23.961166,1.9862878,13,,,,4500.0,13.543739
4493399393578748928,1.187321,0,-36.826378,3.7633955,20,,,,3900.0,14.834629
4547466915800958336,1.121436,0,38.18332,0.29030207,15,-0.67794144,0.5992751,3.4391403,5000.0,10.744815
4597859457848099456,1.084886,0,4.0568714,0.2912928,22,0.21973109,0.24833837,4.404789,4500.0,11.1260805
4506182792509836672,0.97731483,0,-4.8077054,0.655645,12,-0.3112083,0.62191856,5.9864454,4500.0,12.231761
4514240499077059072,1.0788192,0,22.426958,0.5304706,25,-1.2310537,0.9370885,8.099623,4000.0,12.879935
4587756217303618816,1.0074843,0,-44.89035,1.0749457,30,,,,4500.0,13.009132
4620688171097102208,1.0951794,0,,,,,,,,15.711687
4652980484022414336,1.042518,0,27.326693,0.1213474,11,-1.7766455,0.9146742,0.43074036,6250.0,6.157237
4660431668190778624,1.1418463,0,3.935074,1.8045968,68,,,,3600.0,14.448601
4671201899940236032,1.0375754,0,24.94713,3.9929612,26,,,,5500.0,14.572635
4683816699925419648,1.0258161,0,28.393847,0.32265708,21,0.0057434305,0.49205157,3.7042065,4500.0,11.459793
4683978018897305216,0.82756674,0,-14.348272,0.29734036,19,0.119433336,0.31644773,3.3108807,5000.0,11.210335
4698662679584184704,0.9486678,0,0.92402655,0.6216016,19,-0.10555778,0.43933037,8.173805,4750.0,11.9231415
4728663751998605312,0.9195418,0,3.8724988,0.34463298,18,2.682041,0.16479854,2.383175,5750.0,9.873916
4738046056516198656,1.0066471,0,10.352191,3.7535634,25,,,,4000.0,14.670821
4852571771779885824,1.0761484,0,-9.939363,5.2517085,13,,,,3900.0,15.008734
4909586844159703808,0.9648289,0,24.294577,2.230095,17,,,,4250.0,14.072014
4917349946008498560,1.0502613,0,12.082774,4.967249,29,,,,3700.0,15.574121
4956906938402079104,2.1011543,2,8.626806,2.074582,28,24.482649,0.0,32.454018,4750.0,11.81943
4965997803619495424,1.0768894,0,-19.747536,2.4091089,33,,,,3800.0,14.410879
4970639769914992256,1.0906813,0,,,,,,,,9.553546
4804222878253663744,0.87958866,0,23.951126,0.18865241,16,0.23419335,0.19124421,1.8766708,5750.0,9.239652
4866013748107330048,1.146689,0,22.298655,0.20502695,30,0.4834003,0.14575987,3.369793,5250.0,10.346765
4866864529589248384,2.3143468,0,27.79693,1.77912,21,,,,3600.0,13.7806225
4471562916556377856,1.0533564,0,8.414187,0.21934332,10,-1.1299759,0.6067032,1.8462634,3800.0,10.689879
4541240862489754112,2.416857,1,-16.557035,2.648937,25,,,,3300.0,14.171757
4547466915800957952,1.0751003,0,43.79412,6.2292724,17,,,,3600.0,15.41518
4561924634713943936,0.96371394,0,-58.183117,1.3294853,31,1.955564,0.46468377,17.221878,3700.0,13.106387
4566229394534235264,1.0576812,0,-31.212564,0.9785376,48,,,,4250.0,13.19595
4584470739116877056,1.0204421,0,-27.988794,0.2569919,27,-0.125086,0.39171562,3.496704,5250.0,11.153066
4599552533954891776,1.0160813,0,-27.12781,0.54446614,27,-0.7762721,0.67662203,8.260027,4750.0,12.474253
4513958886672713472,0.93560517,0,-29.701136,1.1544901,26,,,,4500.0,13.22259
4515204908202530304,0.77849555,0,9.785071,0.5189834,8,0.70833844,0.3998748,3.7214909,6250.0,10.060292
4518377377198705280,1.4028261,0,-50.0622,0.31676307,25,1.9026195,0.024425428,3.7833366,4250.0,11.284373
4528798509733824384,0.94551796,0,-71.87283,0.5775125,45,0.45765084,0.12906012,14.369198,4750.0,12.633676
4529760174393485568,1.3016448,0,-14.895166,0.27463737,48,0.13967443,0.31086186,5.693981,5250.0,11.6732235
4641081294294052736,0.99076355,0,-7.242121,0.23166625,17,-0.63374573,0.6971074,2.1297407,6250.0,10.182073
4654695206757577728,0.9124992,0,,,,,,,,15.657894
4700763335204903296,1.0153075,0,15.476132,1.5130423,19,,,,4250.0,13.55886
4723725020643635072,1.1983871,0,7.804105,1.7019705,28,3.6577275,6.0790167E-5,25.1455,4500.0,13.012963
4738046056516198528,1.0595516,0,14.793756,3.1319678,26,,,,3900.0,14.831201
4753362803247160832,0.9624151,0,12.7116785,0.123411395,22,,0.36097914,0.75183773,5250.0,5.877471
4757439139533964544,1.5235976,0,29.639635,2.1832159,26,,,,3500.0,14.274456
4773956376860825728,0.93887913,0,13.783909,0.26179656,17,0.019261902,0.6128517,2.341879,5250.0,10.891603
4801616520299488128,0.9837248,0,31.734123,0.17233056,18,-0.6148155,0.5034663,1.5931034,5000.0,10.256531
4855197130670713088,0.96089935,0,38.090107,0.20635091,19,0.51526505,0.12742844,2.0990067,5500.0,10.108712
4907169670925418752,0.9609508,0,,,,,,,,16.072601
4909587050318098816,1.0225414,0,20.68841,2.2058864,22,,,,4250.0,13.879364
4920594639181926656,1.1260681,0,24.89376,0.2219533,28,0.6961121,0.09645508,3.0429115,4750.0,10.397834
4927997273014262784,1.0818261,0,-1.2837565,0.9899646,30,2.2344093,0.020816963,18.822536,3800.0,12.994037
4962481599793838208,1.2928168,0,23.136219,0.21201636,52,1.6761614,0.016947152,4.5076694,4250.0,11.1613245
4804221091547257600,1.0865296,0,28.32836,5.0527544,12,,,,3500.0,14.600176
4862061136948365824,0.9379303,0,35.59889,0.47803885,31,0.46831128,0.40553036,8.288853,5250.0,11.925308
4862151747874247040,1.1961704,0,27.839746,2.0077379,26,,,,3800.0,14.330076
4866014469661832320,2.3047628,3,19.526173,1.2207236,26,45.74038,0.0,14.574352,6000.0,9.167562
4457949008394301440,1.0316786,0,-1.4907417,1.4778019,22,,,,4500.0,13.628978
4458011676259673728,1.2657924,0,7.2523828,0.51806146,25,0.52449846,0.4252032,8.639308,4250.0,12.088158
4462735423028978944,0.9146284,0,-42.131233,0.9836483,30,1.8183143,0.02326717,19.384796,4500.0,12.775535
4562062898300851584,1.0867577,0,11.678692,2.5616877,27,,,,3900.0,14.276029
4563047854560068352,1.1268793,0,-4.3295436,0.21409716,19,-0.35908207,0.442464,2.5933611,5000.0,10.459626
4565150670548918784,1.2545645,0,4.3087926,0.23603842,49,1.8808491,0.0033875396,6.2707105,4750.0,11.323516
4565220008500907392,1.2315421,0,-12.637788,2.8145132,41,,,,3500.0,15.093258
4565220008500907648,0.9738386,0,-12.943891,0.13246949,46,0.38607666,0.03663706,1.6306858,5500.0,9.163207
4584470704757140096,0.93724746,0,-27.859415,0.32215247,24,-0.7322653,0.6393265,4.9025707,4750.0,11.629159
4520363679327765248,1.3243142,0,-33.783875,0.45589244,36,-0.31481674,0.46548483,8.6957,5000.0,12.041862
4527085646717201920,0.90419835,0,-28.620665,0.19066197,21,-0.64640474,0.606577,2.5437584,6000.0,10.044363
4529598546192505728,1.4799433,0,62.43057,0.25990433,68,0.54230046,0.18127212,7.7235756,4500.0,11.637923
4579641065574295296,1.2024391,0,-15.973138,0.38175228,34,0.36586493,0.3206873,6.7369375,4500.0,11.867115
4628920897552913792,1.0560952,0,100.28974,0.4347718,20,0.8318831,0.2538113,4.883316,4500.0,11.792552
4671842567325774592,1.0236675,0,4.0817432,0.8285183,17,0.20436448,0.30313215,11.246399,4750.0,12.231496
4671842571622024960,1.0133107,0,3.5122964,3.3380008,17,,,,3800.0,14.747292
4683816699925419264,0.9250179,0,28.02877,0.4047972,20,0.88491213,0.19052449,5.232559,4500.0,11.483733
4706290232265200512,0.9234309,0,-5.553903,0.42243853,24,1.6421822,0.03349729,5.432722,5000.0,11.050832
4731228191070797824,1.0845464,0,19.890959,6.478379,17,,,,3600.0,15.322073
4762827880373857920,1.0739201,0,54.526913,10.399247,13,,,,3600.0,15.254043
4842714065922381824,1.0236067,0,6.3045564,4.437184,9,,,,3500.0,15.51927
4952869600423792768,1.0037593,0,28.648836,0.16131556,23,-0.77405834,0.98247623,1.070507,5500.0,9.736077
4812014429965092992,1.0106437,0,65.72632,0.17598072,22,0.6153267,0.09010835,1.8408966,5250.0,9.629016
4826167201902200448,1.000956,0,-14.836929,8.851664,19,,,,3800.0,15.612036
4865948739482333952,1.0071127,0,-87.57515,4.9210367,20,,,,4000.0,15.109936
4867253202653666048,0.9691543,0,61.834267,0.5428043,22,0.80200577,0.112907335,8.075993,4750.0,12.168657
4878417304421026816,1.0384747,0,29.634686,1.3633326,32,,,,4250.0,13.457126
4885444214514263168,1.0625396,0,-3.012569,1.2851348,31,,,,3800.0,13.72948
4459383905431114624,1.1662083,0,-45.76749,0.46676102,39,0.9590142,0.16754901,9.799957,4500.0,12.31361
4461070693709606656,1.0598896,0,-34.46347,1.6240736,42,,,,3900.0,14.037334
4499815799841514880,1.0466202,0,-33.643833,1.9330965,19,,,,3600.0,14.41129
4596071823739873920,1.0779306,0,,,,,,,,9.302185
4518283162795992320,1.2418373,0,-51.305523,0.3919621,25,-0.21283115,0.58497787,5.8580055,3900.0,11.833179
4610214876167552128,1.0359589,0,-64.862144,4.340412,15,,,,3600.0,15.006368
4791651096661228416,1.0811287,0,20.736294,2.2238092,27,,,,3500.0,14.510769
4842713447447092608,0.9947767,0,-0.21737082,0.39300632,22,-1.6351775,0.9398948,5.4099956,4500.0,12.001572
4901180424930460800,1.0320063,0,1.872844,2.7677562,21,,,,3600.0,15.199516
4912898156569562624,3.319022,0,28.145023,1.0831606,36,8.672147,9.347967E-12,22.370943,3400.0,12.56075
4916388113851982720,1.0415305,0,,,,,,,,16.816523
4927997273014262656,1.0514,0,-2.9653318,3.2203162,21,,,,3300.0,15.009896
4957295272164754688,1.2075312,0,11.695023,2.065686,27,,,,3400.0,14.230357
4957295272164754944,1.3746045,0,11.675507,2.3950584,28,,,,3300.0,14.371615
4970456082753551360,1.0896461,0,,,,,,,,16.037645
4826304713871816448,1.4023802,0,6.7713666,1.5429928,30,,,,4250.0,13.490516
4868512628799198848,1.0426784,0,0.7844534,4.100512,21,,,,3900.0,14.524914
4875416943347143296,1.2066765,0,25.577961,1.4000226,25,,,,3600.0,14.094601
4880816095195387392,0.97387224,0,-11.207694,0.26213244,25,2.0045795,0.008225352,3.2908401,6000.0,10.107291
4880816129555125504,1.0489936,0,-7.940672,6.4727335,18,,,,3500.0,15.6255245
4466604157769153024,1.0641853,0,-80.4998,1.9660467,28,,,,3300.0,14.237897
4493544082437142400,1.1933111,0,-11.7344885,1.2031008,12,0.4643952,0.41690934,11.8424015,3900.0,13.260728
4567433497208040320,1.1740133,0,-22.866087,1.0102054,56,,,,3500.0,13.986346
4528798342241077120,1.118827,0,-72.63655,0.2373699,44,-1.9207228,0.9423472,4.4776,5500.0,11.364
4579951643248591744,1.085624,0,-20.675251,0.40254787,28,1.5646135,0.02345327,6.200327,5500.0,11.388826
4538152265614974848,1.0377158,0,-41.506897,0.5668657,25,0.58706105,0.25228745,9.772255,4500.0,12.430637
4606217395486411520,1.1047599,0,-24.389828,1.7442507,26,,,,4500.0,13.95838
4627687623464046208,1.0511737,0,57.94849,0.53355736,20,-0.05181288,0.3829831,8.533752,5000.0,11.187633
4644082514360895744,0.9655031,0,31.363195,0.16741635,16,1.1341152,0.022714281,1.7191525,5250.0,8.314904
4644082514361029376,1.2865216,0,33.335552,0.60819393,14,-0.102472186,0.59257394,6.1108627,4250.0,12.327284
4673729471014717952,1.0421484,0,13.506197,0.40049523,33,-0.3821264,0.5351316,8.850878,5250.0,11.565255
4696157343557707648,0.9126787,0,64.44065,0.20994917,18,-0.23988496,0.4818929,1.8425522,5250.0,10.105401
4746579194461038720,0.9157582,0,16.305492,1.2257853,22,2.9548643,0.005954932,24.473686,4000.0,13.07866
4791651058005478656,1.0068331,0,21.901022,0.41760013,25,1.2143047,0.048148036,7.242359,4750.0,11.857965
4830533126354301952,1.1174012,0,32.21261,4.9672627,6,3.36624,2.2492226E-4,23.726192,4500.0,13.207199
4910793523811900160,1.2035137,0,24.795254,1.7867713,17,,,,4250.0,13.695235
4943309312460616192,1.2261994,0,22.964146,4.811747,27,,,,3500.0,13.574792
4943309312460616320,1.0408857,0,4.4326153,5.0360236,25,14.776416,0.0,69.84283,3900.0,13.196533
4970459415648150656,1.0909606,0,-12.591302,0.9673767,42,2.9487295,0.90987855,10.98016,4000.0,13.06995
4803566710328725376,1.1084692,0,-20.02607,12.663303,13,,,,3600.0,15.285391
4861133909344681216,1.1501752,0,,,,,,,,15.675407
4883281299047247872,1.009032,0,37.607605,0.3510951,26,-0.8797361,0.8191435,6.220299,5250.0,11.680026
4457855171950222592,0.99905574,0,-2.3504481,0.22279674,22,-0.35989392,0.49747032,2.342783,5750.0,10.274378
4473139036412013184,0.881248,0,-24.642313,0.2847893,20,0.09378517,0.30934444,3.9236374,5250.0,10.569242
4550143917377589120,1.0586903,0,-11.038266,2.1796124,22,,,,3800.0,13.979482
4559450630472247680,1.020521,0,-48.191128,0.9300472,56,,,,4500.0,13.519238
4565151907499508096,1.0860492,0,3.751352,1.2355884,52,,,,3600.0,14.208742
4515204942562275328,0.85087246,0,11.0589905,0.5584627,9,0.5434041,0.26037073,3.5712166,6250.0,10.17528
4579951643248593024,1.0238868,0,-20.734364,1.3312678,28,,,,4250.0,13.249906
4630891639002918400,1.1874514,0,52.702545,1.2764088,18,0.64026743,0.36012718,19.777176,3800.0,13.515603
4667700329066824576,0.8355557,0,14.528925,0.28378284,21,-0.7292867,0.65198874,3.4292078,4750.0,11.397926
4711829782299552128,1.0348617,0,24.851479,0.25603035,17,1.22472,0.1485222,3.1282234,6500.0,9.060507
4746580706289526400,1.0810411,0,16.55308,2.2768266,22,,,,3800.0,14.236543
4763618910272182400,1.0753617,0,33.584854,2.067065,22,,,,3600.0,14.46771
4786821560555968000,1.0840949,0,-14.510261,1.6136985,18,,,,3700.0,13.898179
4842206950543894656,1.0203203,0,-17.844774,0.1493618,8,-0.87689674,0.6959812,0.66539955,5750.0,8.668463
4851761569150106368,1.0746729,0,37.782383,3.0128162,17,4.48829,7.951082E-5,15.96637,4250.0,12.981601
4916388113851982848,1.1343615,0,26.23158,2.0714462,31,,,,3500.0,14.65528
4920594742260556032,1.2037107,0,23.4189,1.62295,26,,,,3700.0,13.829483
4959990656200873088,1.1291339,0,3.0665984,1.1037844,47,,,,3600.0,13.99861
4961380164020240640,1.0189774,0,22.485785,1.6359463,45,,,,4250.0,14.026426
4968125392978994816,1.0256851,0,,,,,,,,15.878263
4791752183011461504,0.9801734,0,46.404324,0.3125028,17,-0.28488946,0.54464155,3.818264,6000.0,10.240401
4813154795322072320,0.9521942,0,45.13686,0.22492053,11,0.6522693,0.09575453,1.9363327,4750.0,9.955768
4878417201341812992,0.997032,0,29.850513,1.4942098,32,,,,4250.0,13.743027
4890529902469878784,0.9437906,0,-38.059177,1.1564504,45,1.8199444,0.73700005,18.253654,4000.0,12.904809
4899504459972848512,1.010476,0,-26.753082,0.18346328,22,0.4718793,0.090433806,2.122982,5500.0,9.627894
4462735354306417664,1.0181051,0,,,,,,,,15.639461
4495187955403860352,1.9669689,0,9.972655,0.41858307,42,2.0894005,0.017854225,10.330769,4500.0,12.044081
4504891656612424832,1.025733,0,-24.517967,0.6041347,19,0.29454818,0.6652436,8.097498,4500.0,12.229712
4541750383049980032,1.1796786,0,-39.549347,0.20319209,24,-1.5571198,0.92195386,3.100853,4250.0,11.222059
4544016820111855360,0.97734827,0,-34.23598,0.16793238,30,0.044247884,0.22865255,2.4565773,5750.0,9.650275
4571510177083816320,1.1178393,0,-23.506123,4.1741567,17,,,,3500.0,13.665169
4506182693748169856,1.0173209,0,-4.6520786,0.3221593,7,1.1935693,0.13905008,1.4998376,5500.0,9.525435
4538152265614974720,1.0583781,0,-41.93706,0.518039,26,1.2593052,0.054228783,9.508411,4750.0,11.92605
4583221109793391232,0.9826412,0,,,,,,,,16.837482
4618039718167286912,1.2184329,0,38.173306,0.36786503,28,-1.0675284,0.83975184,4.9857407,3800.0,12.357354
4675229033076591872,1.1818416,0,26.228613,3.6282098,35,,,,3600.0,15.055096
4676399772441928704,1.2225798,0,21.929543,0.4231833,38,0.36792108,0.46937713,11.017494,4250.0,12.235439
4702248603614609792,0.88320285,0,33.32431,0.45416018,17,1.0220358,0.12090475,6.467369,5750.0,10.964833
4744675218278531456,0.8943591,0,4.3136234,0.5476433,30,2.5715616,0.0012086466,11.050114,5000.0,11.629089
4751255894153502464,1.4243888,0,47.057438,1.1095932,22,2.8918555,0.0020191178,18.419872,4500.0,12.869607
4788134514878396416,1.1072489,0,22.739412,2.8039098,13,,,,3500.0,14.689359
4910041870175701120,1.3075144,0,6.067057,2.8800747,18,,,,3300.0,14.34339
4952386571221985792,0.9779113,0,-24.962276,0.40809926,25,-2.1781414,0.9791524,3.998537,4750.0,11.626908
4803730949879639296,1.019608,0,43.694035,5.9615083,18,,,,3500.0,15.601794
4812641907506991488,0.9413603,0,25.911833,0.298454,23,0.3128131,0.3937417,4.270851,5500.0,10.384693
4813906375943074048,1.0875789,0,-0.11260089,1.0333891,12,1.5050901,0.059637528,8.95117,4500.0,12.355273
4816552423690178176,1.1171378,0,,,,,,,,15.6851425
4817870738132232448,0.9914653,0,33.910732,0.2882517,12,1.4448097,0.023486067,2.747654,5750.0,9.5907
4866069548322472832,1.1531825,0,18.511871,4.4675393,22,,,,3400.0,14.97335
4883281299047998208,1.1257435,0,38.138412,1.0921491,23,,,,4500.0,13.197716
4885245099830257920,0.90918547,0,56.117992,0.21937636,29,-1.7171512,0.9191556,3.2155418,5000.0,11.188991
4888795800833661568,0.94311285,0,21.380323,0.5697463,27,-0.21177551,0.4308985,9.441141,4750.0,12.333577
4476039857323745536,1.1305838,0,-35.068256,1.9477327,29,6.096687,1.4644127E-6,21.194345,3600.0,13.640984
4542147615985757696,1.0669794,0,-61.738564,0.16194634,33,-0.2367872,0.37540996,2.735756,4250.0,10.469206
4597859457848099072,0.9922792,0,6.2877703,4.871937,16,,,,3700.0,15.045502
4607564292932679936,0.9847032,0,1.2683343,11.217052,24,63.669044,0.0,135.45627,4500.0,12.309381
4530628857304962816,1.0217566,0,-25.679468,1.2829065,18,,,,4250.0,13.297887
4576306379946881280,0.9209171,0,,,,,,,,8.281176
4592770711877597824,0.99239874,0,-21.680227,0.2903451,9,1.357501,0.03468564,2.029459,6250.0,9.038759
4606768834927652352,1.0578371,0,26.893208,6.685531,22,,,,3600.0,15.148858
4626844714657877376,1.2885388,0,15.033843,8.465494,16,16.313995,7.82151E-5,40.368282,3300.0,13.8557825
4652980484022410368,1.2223319,0,33.724747,6.9751883,6,,,,3300.0,15.042166
4654695103690489856,0.94440895,0,,,,,,,,16.493326
4671204884942061312,1.1374983,0,26.875769,1.0915384,22,,,,4500.0,13.152691
4676145235499604096,1.2404622,0,-4.991181,1.4306414,30,2.6350455,1.8528797E-5,22.171246,3300.0,13.601706
4698663096197543424,0.970435,0,1.7472379,0.39755023,14,0.7408161,0.12155203,3.5278926,5500.0,10.34899
4700919878172876032,0.899815,0,25.051247,0.37802213,25,0.8434551,0.10340751,5.839834,5000.0,11.260589
4711108949348465152,1.0252061,0,-16.452745,0.24344034,21,0.023750974,0.2950914,3.2120018,5500.0,10.252645
4723725020643634816,1.1844593,0,7.588479,1.2481827,29,8.168527,1.603162E-13,29.728737,4000.0,12.905333
4734410177721550720,1.0434861,0,-1.5028116,2.6072083,31,,,,3900.0,14.403983
4763182266717018752,1.1367064,0,-6.7312946,0.38031286,20,0.41778842,0.2808646,4.766521,5750.0,10.92985
4781154948207508480,0.88960207,0,78.60296,0.35824862,15,0.8367211,0.39008847,2.5824738,5750.0,10.147789
4801616623378702592,0.9523315,0,,,,,,,,16.341984
4842117336050503552,0.8747139,0,1.9174603,0.7549098,18,0.3137664,0.3283895,10.825323,5250.0,11.965553
4910034311033268480,1.1760747,0,2.0418315,3.3239295,23,,,,3300.0,14.142047
4919666342129189376,0.8980721,0,1.0951847,0.5075701,21,1.7325985,0.024887247,6.9039493,5250.0,11.639148
4816552354970702208,1.0431525,0,-5.356411,3.880969,22,,,,3500.0,15.235614
4883895518025826688,1.1068453,0,15.1316,0.23198026,30,-0.07857348,0.2703488,4.365514,4750.0,10.765007
4452462754611018880,1.0607345,0,-22.655212,0.21187781,16,2.2025928,6.612305E-4,1.9263153,6250.0,8.43179
4461228611063376128,1.0025456,0,,,,,,,,16.811203
4466398991474540416,1.019564,0,-34.761044,1.0290506,24,1.0829345,0.4061768,18.458387,3900.0,13.14204
4471658131695403264,1.0403378,0,8.001925,0.36085322,13,-2.9816053,0.99820817,3.8589745,3500.0,12.495308
4493544185516358656,1.0399431,0,-15.256727,0.71965736,20,-0.80708057,0.87369066,8.900356,3900.0,12.855418
4541240862489793920,1.1361856,0,-32.23733,6.127035,27,21.217442,0.0,107.82548,3300.0,12.919953
4581003910236849920,1.0851904,0,-16.407421,0.15159835,25,-1.4638308,0.86855257,1.6684322,6500.0,8.894716
4582505259003743872,1.108404,0,-6.850611,4.737637,34,,,,3500.0,15.429294
4595996885151094784,1.071033,0,-59.2691,1.3645585,29,,,,3700.0,13.812417
4595997263108222592,0.950825,0,-58.136425,0.1699142,20,0.60251325,0.08198627,1.7969666,5750.0,9.321253
4514240499077067264,0.95816606,0,,,,,,,,16.338547
4521632824961961728,1.0254036,0,,,,,,,,15.399198
4527032354763204992,0.9709555,0,12.202794,0.2509169,5,0.4406619,0.3818478,0.9547882,6000.0,8.999791
4538455593384207104,1.0509517,0,-53.26293,7.507588,27,45.30529,0.0,104.89918,4500.0,11.683676
4630565736884743936,1.0585551,0,-24.700253,5.9623857,15,,,,3800.0,15.344074
4638716377925804672,1.0312716,0,2.9904768,2.6861215,20,7.9345207,4.5519144E-15,46.011295,4250.0,13.288405
4696008668969272192,1.1183455,0,44.685272,2.443483,19,,,,3700.0,14.754775
4711829782299552000,1.1407202,0,42.604546,5.1707463,15,,,,3500.0,14.934382
4713598278033272448,0.87625915,0,-12.451387,0.18234545,14,0.3712138,0.15690139,1.6102467,6500.0,8.439587
4731228014976298880,0.8394958,0,18.475258,0.35667902,20,-0.48987812,0.5639892,5.205105,5000.0,11.33528
4814451566207177728,1.0777624,0,31.498457,2.8013752,19,,,,3800.0,14.561261
4941883692555996544,1.0649215,0,-19.786663,0.90173835,34,0.23027289,0.48106706,20.61991,4250.0,12.863428
4993216450187538048,1.1276255,0,15.047526,1.0779916,16,1.0947038,0.12026838,13.602564,5250.0,12.041403
5005780264615221760,0.972697,0,22.36671,4.215802,24,,,,3300.0,15.215832
5009705589846285568,1.0524592,0,-11.199519,1.9675179,34,,,,4250.0,13.590881
5027751599315785984,1.3291644,0,17.497059,1.182086,31,3.358166,0.0017499103,24.55075,4000.0,13.361459
5116233869846992896,1.1027952,0,28.704985,0.4881144,24,-1.6352376,0.90689987,7.405157,4750.0,12.053062
5135642002423826560,3.9964201,0,8.4926815,0.41051134,25,5.3502107,1.9258184E-10,6.3687224,4250.0,9.694082
5141719174989901056,0.97672004,0,-5.2332673,0.92344236,29,1.3781396,0.07741845,16.594309,4500.0,12.655598
5103522725156131584,1.0371377,0,6.5408893,2.1643841,15,,,,4250.0,13.623389
5370906910605864064,1.0470624,0,57.14438,0.27739066,21,0.37914318,0.2067987,3.3524475,5000.0,11.095037
5372602082657284352,1.2031568,0,-18.708086,0.30987033,19,-0.30527294,0.551794,3.9732113,5750.0,10.818144
5232140399928615936,0.91668653,0,-4.8916326,0.7654182,11,3.3474596,2.4929494E-5,7.229366,6250.0,9.26988
5238809728247050880,0.81461734,0,-34.042713,1.0540179,10,1.7561892,0.030142765,9.0160675,4500.0,11.643915
5241387327103878656,0.8739827,0,18.704145,0.18547605,14,-1.3438232,0.8499292,1.7106953,6000.0,9.806493
5299220917152973568,1.0048739,0,,,,,,,,15.479524
4989547624699082240,1.3407748,0,12.925621,0.9447397,19,2.0607572,0.009749551,11.63617,4750.0,12.218327
4989547624699082368,0.95819825,0,15.0421,0.44656396,20,-0.47595742,0.57338876,5.9093256,5000.0,11.428692
5062450433941961344,1.54087,0,45.732666,3.2302866,27,,,,3700.0,14.890476
5143171801648525312,1.0710177,0,36.967667,1.7526985,16,,,,3800.0,13.613846
5152190545774968704,1.05234,0,30.958263,8.578609,10,,,,3500.0,14.959664
5060105897197110144,1.0457684,0,40.27011,0.12039765,47,-0.30905655,0.20085275,1.1170006,5250.0,8.24852
5092318461152032384,1.0273829,0,-27.643394,0.8489393,29,2.6608999,0.010675055,16.26532,4250.0,12.774145
5368266433430785280,1.0047425,0,30.213697,0.25478843,28,0.32740355,0.28252843,3.9133205,5750.0,10.738358
5378268484549278848,1.0071329,0,-16.22584,5.730067,24,,,,3900.0,15.20541
5407414407508441856,0.91881895,0,-0.3419724,0.21032192,10,-0.3583374,0.4513117,1.6014477,5500.0,10.256069
5407823765126838912,1.0299628,0,36.56888,0.74506,32,1.2368191,0.15659232,17.086248,3700.0,13.15229
5299238097023842560,0.8319685,0,-5.6202154,0.28844795,14,1.2941649,0.071318604,2.9297435,6250.0,9.750935
5332130399668429952,0.8946631,0,42.67597,0.32435998,25,1.1583807,0.06660413,4.31514,4500.0,11.460539
5049105042840016512,1.2637471,0,32.524044,0.5768213,17,0.19063225,0.50881696,8.379105,5000.0,11.583554
5188422237050908032,1.1657697,0,-12.496697,0.83310014,23,1.9045233,0.016071634,11.293613,4750.0,12.605406
5275812486379532160,1.0167531,0,10.448478,0.5858054,29,-0.038062416,0.36238128,11.04077,5000.0,12.339449
5291426101251321216,0.8716623,0,27.868448,0.33132103,22,3.162775,2.1019225E-5,5.079134,6000.0,8.363932
5294228790748290944,1.0576383,0,37.132298,2.9932594,19,,,,3500.0,14.379092
4999268681877661568,0.9692947,0,12.860334,0.2664648,31,0.65892065,0.16305402,4.648898,6000.0,10.473617
5004627873349957120,0.9775184,0,-6.340759,0.24327242,18,0.053054772,0.2943929,3.0991106,5750.0,9.844979
5014009353235167744,1.019461,0,,,,,,,,14.696323
5038962632187714432,0.887488,0,31.10709,0.1444703,25,0.023367902,0.12836455,1.4471531,6250.0,8.390625
5147248511590433536,0.9686279,0,44.110638,0.42914057,21,-1.0236336,0.7930294,6.023411,4750.0,11.943053
5147248584605530880,0.90858537,2,,,,,,,,8.415938
5071676332930799360,1.0258223,0,3.4958274,2.3619537,30,,,,4250.0,14.188336
5101910390137493376,1.6304121,0,5.933237,0.43091482,27,0.83929485,0.20973568,7.5329027,4000.0,12.003087
5104536681035630464,1.4699041,0,9.230321,0.51316833,18,-0.004886074,0.34792423,6.9919267,4750.0,11.393973
5114156995461555584,1.0656816,0,12.6487465,0.32353604,4,0.5442342,0.18774515,1.1399593,5750.0,8.838543
5388610697078929920,0.94727784,0,,,,,,,,15.479932
5352743459576142336,1.2501742,0,,,,,,,,15.945091
5361512992500928384,1.0766636,0,,,,,,,,16.005922
5238253031754542592,0.9081257,0,32.56942,0.22303377,10,-0.8139644,0.7855425,1.6740341,5750.0,10.359358
5243448254242576128,1.1704979,0,37.636917,2.3162374,16,,,,3900.0,13.8844595
5326021891021427840,0.9007576,0,-53.75181,38.696415,19,80.72093,0.0,416.44363,6000.0,12.369449
5188831594678471168,2.1463637,0,30.534828,0.8658884,8,0.80340993,0.24861912,5.4516335,4250.0,12.11781
5195916370867325952,1.1222748,0,23.679184,1.6716168,19,,,,3800.0,13.682368
5224698149310593152,0.92735326,0,-4.7437663,0.25785625,15,-0.5423818,0.6721137,3.1063273,6500.0,9.277601
5006565006679943040,0.92677796,0,-9.478325,0.19029173,15,-0.9102803,0.9581288,1.0788536,6000.0,8.984632
5020060030146903936,1.0305979,0,11.700658,4.196496,23,,,,3500.0,14.799051
5041187837564610176,1.3658576,0,-3.9636548,2.0864916,26,,,,3200.0,14.561644
5051749711902166400,1.0552905,0,-37.354332,0.64231676,37,1.4211973,0.061145764,13.885572,4500.0,12.572017
5054523539221426304,0.99342227,0,32.804626,0.18603013,33,-0.78159225,0.58041227,3.671587,5750.0,9.996808
5091783823622415488,1.129926,0,,,,,,,,13.37469
5097186823761613440,1.0738995,0,1.747241,1.3775653,22,,,,3700.0,13.6598
5156430262611752448,1.1859578,0,-0.020276828,0.4650604,4,0.9812655,0.12760246,1.6334419,5000.0,10.290256
5181911066628231808,0.75501037,0,19.31851,0.29516196,12,-0.30636436,0.5591577,2.827013,6250.0,10.150427
5461669980567910912,0.9759726,0,16.001822,0.2593987,18,0.21405187,0.2513721,2.6592455,5500.0,10.615452
5343584905652214656,1.0390141,0,2.9633977,0.3855708,4,1.0139004,0.18575443,1.2594657,6000.0,9.464465
5346981537605418624,1.1018975,0,32.257896,1.3992606,20,0.12202823,0.5347067,22.74617,3800.0,13.314795
5371055791356696448,1.0149765,0,-5.261186,0.1695547,14,-1.5736569,0.9034857,1.1742678,6500.0,8.8863
5375446038198210304,1.4677486,0,-45.82087,1.6826836,19,7.51517,0.098333314,13.037922,5000.0,12.280767
5205943431578464768,0.93428475,0,15.353756,0.4238255,20,-1.2014245,0.8157745,6.045723,4750.0,12.10665
5232808731203375744,1.0430763,0,3.1078851,0.66957134,16,-1.5743201,0.8926283,8.32254,4750.0,12.66573
5410152844296743808,0.8771849,0,26.77339,0.21583416,21,1.8995312,0.0046869176,2.2547226,6000.0,9.451681
4975406152820893696,1.0847986,0,-11.99563,5.7784634,36,,,,3600.0,15.586265
5196478496186549888,1.1021879,0,31.285229,2.165165,14,,,,4250.0,13.927156
5319468453822742528,0.81164825,0,51.50504,0.4139279,16,0.7862479,0.13268334,4.770176,5000.0,11.480295
5009705589846285824,1.0857782,0,,,,,,,,15.980276
5016355195653400448,1.0747703,0,8.332898,0.185857,30,-0.8754945,0.6283102,2.6927643,5250.0,10.539598
5041187390888011520,1.2574161,0,-5.2964206,1.7066232,26,,,,3500.0,14.175472
5123813628130878720,0.94202304,0,7.715547,1.7457602,23,3.9517357,5.25886E-4,22.815203,4500.0,13.064425
5175442536642736896,1.0468814,0,-31.047586,1.5532235,16,,,,4000.0,13.433116
5055285363339906688,0.9760067,0,34.798527,0.13065001,25,-0.2237195,0.40747342,0.96450424,4750.0,8.916175
5057703086330432512,1.4994808,0,17.009346,1.9539578,32,,,,3700.0,14.304851
5092231840251392384,1.0757118,0,22.76577,0.38854527,18,-1.5457858,0.91289216,5.116688,4500.0,11.620606
5099953057577400704,0.96980757,0,23.925903,1.013445,17,0.5723925,0.3984446,10.357353,4500.0,12.76589
5103600034567514112,0.99701846,0,11.879624,0.28602982,9,-0.36545587,0.56450707,2.0434837,6000.0,10.131645
5114156995461555712,0.92757034,0,11.441271,0.52072954,4,0.73581654,0.16860889,1.6004028,5000.0,10.182849
5417355160844932608,1.0404961,0,14.085775,1.7410637,35,,,,3900.0,14.1076145
5465643993547087616,1.402003,0,20.82111,0.2455864,15,-0.13867103,0.3410699,2.7607327,4750.0,10.462808
5352743459576143360,0.9118068,0,25.011696,0.37621033,20,-1.3493136,0.9552416,4.741598,3900.0,12.0133295
5370056919403748608,0.86684567,0,13.272615,0.19115883,31,2.5389483,5.663739E-4,2.4675312,6750.0,7.298555
5386566842404336000,0.9949591,0,64.71061,0.4633275,23,1.1443708,0.10756338,6.3756485,6000.0,10.963401
5239086805168167168,1.1324399,0,15.452442,14.205778,19,,,,3700.0,14.222757
5253600702268235648,1.0382074,0,38.79921,5.1992054,15,,,,3900.0,15.1489525
5193606400015885824,1.0606565,0,13.357753,4.9689755,17,,,,3700.0,15.142185
5205558744247187968,1.2616308,0,17.48219,1.440179,8,2.7449481,0.026564054,8.03904,4250.0,12.303836
5262754273969986688,0.8894225,0,0.43161637,0.14711031,22,-1.871144,0.9306674,1.139765,7000.0,8.800873
5021294648560959104,1.0282476,0,13.668777,2.418768,21,,,,3800.0,13.955793
5039360964635719168,1.189858,0,-23.733028,0.78126305,18,-0.9709078,0.9936757,7.0748825,5500.0,12.383517
5052388871756430080,1.1092387,0,58.8579,1.8630081,35,,,,3400.0,14.558082
5062295608965514496,0.9998972,0,18.673788,0.23856132,25,0.4950155,0.5215125,2.8778687,5250.0,9.944479
5137052469684309248,0.9751912,0,-5.6385217,2.3735967,24,,,,4250.0,14.005927
5147243705522698496,0.91542643,0,-8.915596,0.3619125,15,0.21114977,0.27429006,4.572232,6250.0,9.527517
5089292433353241984,1.0690325,0,9.301467,2.1986449,8,,,,5500.0,13.533411
5089332771686004096,1.0691019,0,49.355247,3.9165676,30,,,,3600.0,15.149923
5091092162089219072,1.1560131,0,62.758038,0.63145864,22,0.66351074,0.34201878,9.366833,4250.0,12.331658
5363804340374383616,0.9702204,0,8.063976,1.413836,22,0.3962153,0.3576677,15.542889,4750.0,12.715572
5232140399928617472,0.9073204,2,,,,,,,,8.991089
5239088316996695808,1.1109823,0,0.8371057,6.0205655,15,,,,3700.0,14.876207
5248353278693264512,1.0057063,0,19.785051,1.8886265,12,1.0002486,0.18559714,18.66195,3700.0,13.187811
5332567489930620672,4.0513096,1,,,,,,,,11.278272
5049105042840016384,1.0867301,0,31.978436,0.83408076,18,1.0383111,0.2951392,7.381872,5250.0,11.609939
5275811730465288192,1.112029,0,7.8451,1.7358143,29,,,,4250.0,13.44132
5320841846928941312,1.117596,0,32.41684,0.8574188,8,2.3202133,0.004092922,5.6790295,5250.0,10.644428
5321434213117865472,1.0197296,0,-0.028438905,1.5901513,15,,,,3700.0,13.452643
5001706024279052672,1.0214512,0,1.4022222,1.7260622,53,,,,4000.0,14.56904
5011567063032171520,1.0206649,0,27.620312,6.330989,35,,,,3800.0,15.537535
5134662371923193984,0.96269906,0,21.457922,0.37611538,14,-1.3828098,0.8916037,3.0245628,4750.0,11.90558
5051749711902166528,1.073873,0,-37.443027,1.3338382,36,,,,3700.0,13.800421
5055723587443420928,1.4794327,1,39.43347,2.9265416,31,,,,3700.0,14.588886
5073425381052717440,1.1283512,0,,,,,,,,15.620429
5089332771686004224,1.0872074,0,51.800064,2.628534,29,,,,3500.0,14.744203
5100139562237058048,1.4398001,0,37.764355,1.6693008,11,1.0842847,0.288435,11.164787,3500.0,13.733781
5166931251492281472,1.0195905,0,-14.586207,0.5110724,12,0.8156321,0.4401095,4.4644327,4000.0,11.871287
5399375534386147840,1.0870415,0,11.091627,5.5907607,19,,,,3500.0,15.304013
5439062784551904256,1.1727489,0,27.792698,4.279328,72,,,,3400.0,14.41719
5447598671271748224,1.0490222,0,-4.181634,0.2466868,24,0.23915309,0.19713981,3.7150657,5000.0,10.668347
5448371078193232512,1.0522091,0,21.327192,2.2835526,32,,,,3900.0,14.418321
5452616189507521152,2.9478,3,-7.7591753,1.7145014,25,26.13085,0.0,19.024204,4000.0,11.589324
5340091997751978496,0.951689,0,6.804166,0.8825576,9,2.6337342,0.0016313676,5.987087,4500.0,11.481363
5344961528579130112,1.1817368,0,21.891487,3.5124178,14,,,,3400.0,14.370152
5233295196377975040,1.0480516,0,21.686493,0.628419,14,-0.79195917,0.7846057,6.6252403,4500.0,12.537787
5316577498464673152,1.0344626,0,-0.41590086,6.293774,21,,,,3600.0,15.224384
5334559392706531712,0.8356626,0,-0.9717896,0.3657217,4,,,,6000.0,8.878677
5418992849056269696,0.97158295,0,0.82649624,1.6996574,28,,,,4250.0,13.615634
5285234957432628224,0.87630594,0,15.076803,0.28305882,33,1.2603929,0.02775847,5.316868,5500.0,10.627896
5000558409016727296,1.285707,0,,,,,,,,12.813597
5016355195653400320,1.1452732,0,9.3402405,1.7999188,27,3.315445,0.014416692,23.856333,4000.0,13.367218
5028929863463303424,0.960703,0,16.834465,0.20384438,20,0.16409726,0.29003316,2.241847,6500.0,8.803664
5028929863463303552,0.9277683,0,17.293037,0.24344349,29,-1.2860856,0.8225372,3.8841105,5250.0,11.117164
5141719930904438656,1.018847,0,-3.4030764,0.2308298,22,2.0964942,0.002729604,2.5815306,6000.0,8.964369
5080988784101283584,1.0359555,0,56.53604,1.1158379,46,,,,3700.0,13.886616
5091095220105933056,1.050305,0,60.06958,2.4622903,20,,,,3700.0,14.358985
5096359372541935360,1.1092643,0,17.839695,3.964348,24,,,,3500.0,14.925521
5096359372541935872,0.9131106,0,20.547829,0.21235085,18,-0.07069044,0.30653048,2.0618496,5500.0,10.024545
5166910360771171968,1.1804636,0,36.058395,2.1335857,8,,,,3900.0,13.853801
5383129116217568128,1.102195,0,-20.240486,1.3791592,43,,,,3600.0,14.347601
5399375534386147584,1.0717301,0,7.602408,1.8763607,27,9.121989,0.858072,17.670963,3800.0,13.393602
5439062681472681344,1.7315582,0,6.5113816,0.2168685,85,-1.784282,0.86598307,6.365563,4750.0,11.840367
5461669740049312000,1.1012192,0,15.440038,0.17890288,17,-0.8453721,0.7249494,1.6717873,6250.0,9.935037
5475516920769156352,1.1401231,0,53.279,0.19359367,9,1.2459267,0.052030552,1.23312,5250.0,9.1383095
5348255734131760000,1.1182145,0,,,,,,,,15.538709
5233295196377977472,0.8391804,0,20.758354,0.54401934,11,0.773451,0.19340678,5.032646,5000.0,11.610808
5236044284711605888,0.9246378,0,-10.799156,1.8073709,15,,,,4000.0,13.527904
5297347280611254912,1.1500547,0,-4.2984776,3.0119429,23,,,,3900.0,14.531158
5328048325318813312,1.0147951,0,58.974926,6.955314,11,,,,3500.0,14.670758
5334559392706536192,0.8323,0,-0.969759,0.20563902,5,-0.63341147,0.73600495,0.74330807,5750.0,9.2695675
4974952020158427008,0.94678694,0,-24.604013,0.23124275,36,0.2274083,0.14271727,4.1427956,5500.0,10.080087
5191311577512486272,0.93382007,0,1.9944874,0.17543885,19,-0.9855586,0.7249959,1.7111998,5750.0,10.061055
5291426101251320960,0.82690513,0,25.02156,1.4504453,19,10.83137,0.0,23.2103,4500.0,11.716554
4980527677982448256,1.1284419,0,-3.5124128,0.21473104,45,0.21887976,0.2815682,4.6678567,5500.0,10.935687
5022336951224436864,1.1288433,0,33.151524,3.0907335,33,,,,3600.0,14.648808
5037453827357178624,1.0825202,0,,,,,,,,15.98833
5134659073388328960,1.1391797,0,22.30033,0.68323565,15,-0.1706861,0.49582356,8.605295,4750.0,11.936857
5143171801648525440,1.150727,0,37.46934,1.5715003,19,,,,3800.0,13.606849
5172144688954320512,1.0507331,0,7.0939164,0.28316802,15,0.7804992,0.09432361,3.7651024,5750.0,9.650199
5175441845152383232,1.1483548,0,-28.720156,2.7559743,16,4.9280133,0.04379824,8.282024,4500.0,12.3544235
5051685699709654016,1.1044365,0,48.754345,1.5044808,30,,,,3500.0,14.271982
5101910390138054144,1.4203131,0,5.2547398,0.40034598,24,-2.2078207,0.9896613,7.292858,4000.0,12.228099
5161969258595542528,1.070032,0,21.97015,0.1551015,15,-2.0307455,0.94112366,1.1854591,5000.0,10.097571
5163469610930944768,1.1199206,0,19.81596,7.4451885,8,,,,3500.0,15.218926
5393582723018351232,1.1569879,0,20.037838,1.5104344,26,,,,3800.0,13.928462
5403064533338309760,0.82639056,0,-18.492226,0.5160905,19,-0.5110333,0.6761177,6.569517,5000.0,11.878929
5434572035468474240,1.0006218,0,16.958857,0.21748129,44,-0.64679587,0.5060375,4.8298397,5500.0,10.705627
5451272792456963328,1.0726168,0,96.53597,0.28873214,23,-0.4424284,0.50586766,3.9174805,5250.0,10.7866125
5475518466957387648,1.0280167,0,55.683716,6.6394043,5,,,,3500.0,15.196973
5372732855821830400,1.1631536,0,17.590067,3.0236127,9,,,,3500.0,14.735036
5373056662002161280,1.511823,0,19.059547,2.8800411,18,,,,3500.0,14.709545
5233523035801899264,0.9402785,0,36.093647,0.39097226,12,0.65059274,0.31584057,3.857998,4750.0,11.016012
5236352422844761216,0.98092383,0,57.40463,3.8522408,7,,,,4250.0,14.034893
5256446577624035712,0.99529934,0,-12.20554,0.9726777,11,0.9864797,0.19924597,7.3915477,3800.0,12.702845
5305981745445719680,1.0875719,0,3.9737706,0.19542126,17,-0.6206226,0.5971549,1.8241191,5500.0,10.171326
5308263060257294592,0.9481331,0,11.503941,1.8770914,6,3.5272348,6.760631E-5,10.660411,5500.0,11.323667
5316576020995922816,1.121857,0,13.456252,3.3606772,20,,,,3700.0,14.908495
5328048531477236736,0.95311415,0,58.23349,0.3507432,15,1.9207561,0.023301061,3.2385788,4750.0,10.928981
5418992642897837824,0.91378427,0,1.9592402,0.6374456,35,0.8584419,0.13821179,17.108826,5250.0,12.236437
4974952020158427520,1.0195112,0,-23.117483,3.1014962,35,,,,3800.0,15.146533
5188831598973857664,0.97982854,0,31.030556,0.4676433,11,2.1341796,0.0054593734,3.6707935,5250.0,10.772044
5224698145012248576,0.9714774,0,-3.2242444,0.63230175,16,-0.63855106,0.7678455,7.881145,4500.0,11.910846
5003877319225218304,1.2415055,0,-7.195185,0.8822153,25,0.43074176,0.41864535,15.644194,4250.0,12.6230345
5005768444865223680,1.0599865,0,28.573263,0.95104945,34,0.83362144,0.26014093,21.272139,3600.0,13.154459
5021294648560958976,1.0201606,0,9.661056,3.5368524,20,,,,3700.0,14.86126
5052360284454132864,1.6271626,0,9.407844,0.33362964,36,0.64375603,0.17920269,8.12059,5250.0,11.410987
5141430828065715200,1.0799245,0,28.07122,0.51572376,22,1.129365,0.06929856,6.587349,4750.0,11.899192
5051685699709654144,1.2037843,0,48.09416,0.55198705,31,0.005182194,0.5507962,10.895313,3800.0,12.849484
5100139557941304704,1.1880058,0,38.1259,0.15843494,8,-0.49750587,0.49435416,0.8059006,4750.0,9.273924
5159786521854882688,1.2854917,0,,,,,,,,13.394511
5385821029920162432,1.0994438,0,40.919685,2.3829288,21,,,,3900.0,14.359458
5433559037360770560,0.8484582,0,45.21933,0.50684106,37,-1.4239192,0.835531,10.025192,5000.0,12.54397
5434572035466846464,1.0277177,0,21.166277,2.942374,39,,,,3600.0,15.38493
5467379160335217280,1.0355374,0,34.425808,1.6751146,47,,,,3700.0,14.235459
5339954799322399488,1.2146419,0,21.477173,3.6277614,15,,,,3900.0,14.662322
5343584905652213632,0.9331387,0,3.6904252,0.23591213,4,-0.885439,0.7720741,0.74525,6250.0,9.233203
5370906910611201024,1.1715478,0,54.24062,1.9579083,17,,,,3800.0,13.927808
5375446038203198592,1.146299,0,-74.52587,11.028876,19,49.8002,0.0,120.59566,5000.0,11.283728
5233161674437547392,1.1960775,0,2.9448051,2.3564904,13,,,,3300.0,14.272597
5233523409454374272,1.840854,1,36.342037,0.30900502,14,1.9234053,0.008201666,2.9043617,5250.0,10.147166
5253599151746189568,0.8074867,0,38.61205,0.17812558,7,-1.5317551,0.933648,0.6570358,5500.0,10.055802
4975183226838055040,0.9971029,0,26.540161,1.81354,47,,,,4500.0,14.095489
4975183295557531136,1.0585262,0,27.298698,2.7346613,40,,,,4000.0,14.608515
5204515994906705280,1.2494031,0,21.815351,1.5579901,20,1.7150353,0.058433715,24.018106,3600.0,13.579517
5268473555500270976,1.1212183,0,4.467144,0.7552051,16,-0.6502712,0.6283239,8.267608,4750.0,12.29074
5268812853620242048,1.0368655,0,29.155521,0.42439702,21,2.4475632,0.0044873683,5.89143,6000.0,10.283709
5286216168479378560,1.1243149,0,70.36835,3.4423423,20,,,,3400.0,14.854102
5292146247002618368,0.96331215,0,-8.629865,8.595923,13,,,,3600.0,15.1290655
5320841851226015744,1.0084147,0,,,,,,,,9.905395
4988043149195248640,0.9214233,0,19.747637,0.12581517,36,-0.06293446,0.13680106,1.04813,6500.0,7.208007
4994523979966253696,1.1684734,0,10.412019,2.9334545,27,,,,3900.0,14.252784
5001943828028353792,1.1827908,0,-15.466594,1.723877,44,,,,3500.0,14.347418
5007199940285050624,1.1109635,0,-7.958036,0.30301005,18,0.5637485,0.14979345,4.3041935,4500.0,10.744778
5008413423166715264,1.0056528,0,-3.0853999,0.24033618,45,0.63112855,0.10037931,6.299016,5500.0,10.82957
5030173857790361472,0.95931524,0,15.832318,1.1537513,29,,,,4500.0,13.438409
5039360964635345536,1.5839239,2,-25.443521,4.8719063,19,87.503365,0.0,53.881157,5750.0,8.852341
5129485733740568448,1.054887,0,7.4773197,2.5471618,11,,,,4250.0,13.533437
5055283885871157120,1.1237668,0,,,,,,,,15.425418
5071675954973677824,1.1125906,0,3.7225583,6.332962,24,,,,3900.0,14.773559
5092317567798828288,0.9896167,0,-28.723665,0.21139742,28,0.44545624,0.15241651,3.3085136,5250.0,10.391655
5094533186807351680,1.1260695,0,-14.349248,5.113464,12,,,,3600.0,14.804517
5403064533338309632,0.7772639,0,-17.702095,0.5001654,20,-0.2951389,0.777401,5.216278,5250.0,11.6301155
5447620455347950592,1.1584444,0,25.996323,5.850345,6,,,,4750.0,13.605114
5464884024854317184,1.1776905,0,17.569523,1.2860354,7,,,,6000.0,11.84802
5467379125975858688,1.020163,0,34.597946,0.19852218,41,1.6711226,0.011467572,3.5475006,6000.0,10.014944
5372293974583156736,0.99294853,0,19.664082,0.13669762,23,0.91983527,0.030023985,1.1425228,5750.0,8.357312
5233161777516781056,1.0302253,0,7.2968493,3.58721,14,,,,3700.0,14.711142
5246818875856364672,1.1201242,0,,,,,,,,13.431789
5260025492282495104,1.0015478,0,25.706823,3.3454318,25,,,,3900.0,14.34349
5302687917825110144,1.0829682,0,,,,,,,,15.63453
5418507036717119104,1.2496285,0,-2.3391373,1.1988039,13,2.0505013,0.0132319555,12.130585,5000.0,12.670672
5195904757275771264,1.0303156,0,24.328707,0.20540628,20,-0.47060227,0.4986841,2.4893894,5000.0,10.381606
5196478496186550400,1.1001313,0,33.539272,3.6450212,12,,,,3600.0,14.851962
5205558675527844224,1.0917413,0,37.4841,7.761386,7,,,,3500.0,15.40386
5285234923072891136,0.982515,0,14.200192,0.31193382,36,0.7436494,0.19996646,5.1027966,5500.0,11.042869
5321434144398388864,0.96570253,0,1.3115879,0.25797516,15,-0.4888763,0.55310994,2.6351104,5250.0,10.630719
5486419574992956288,1.1002346,0,34.355747,2.7809713,19,,,,3600.0,14.53104
4980527677981912064,1.3552977,0,-3.1505575,0.48605746,45,1.7942709,0.015931277,13.7085085,5000.0,11.986869
4999268681877661312,1.1006703,0,11.54123,1.9013898,29,,,,4500.0,13.768368
5000207321210244736,1.0751293,0,11.184789,3.5709574,18,,,,4000.0,14.338787
5006560505554219648,1.2025856,0,1.4552432,5.474424,17,24.914423,0.0,74.86103,4250.0,12.032116
5008413423166137984,1.0747252,0,5.286956,10.742089,32,,,,3300.0,15.749187
5009043993084176768,2.733755,0,45.905926,1.3285812,39,,,,4000.0,13.675059
5036353628534578176,1.0613066,0,2.9824443,0.38689852,23,2.403884,0.0064487294,6.362826,5000.0,11.257425
5116233865551576704,0.9652829,0,27.62182,1.1895039,25,2.4175189,0.019402495,23.326105,4250.0,13.165287
5127394668783445248,1.1068547,0,26.939734,0.42168075,7,8.784798E-4,0.38876557,2.6035671,5500.0,10.332477
5378267969153193088,0.8861257,0,-21.08429,0.43377423,28,1.0738035,0.07535989,5.9153976,5500.0,11.584413
5393606018920967424,0.9894169,0,,,,,,,,16.35944
5442763534531561216,1.0438133,0,45.767715,2.1687682,19,2.7462635,0.015056784,12.757286,5250.0,12.606974
5445134700076560640,1.0712702,0,33.732937,1.4871255,36,4.300758,4.0213196E-4,29.370584,3700.0,13.428982
5466395784622877440,1.0830982,0,24.725872,4.822691,13,,,,3500.0,14.39531
5471809333200928768,1.0591584,0,48.206154,2.742745,18,,,,3900.0,14.0273485
5364823725088293632,0.8948323,0,19.644886,0.38823834,25,-1.5328681,0.8929121,5.2389965,5000.0,11.810782
5256445860405519488,1.3576999,0,-25.929638,4.9338923,7,,,,3500.0,14.701269
5339518396294108800,0.88525534,0,-2.7083151,0.33692992,7,-0.72656035,0.655431,1.9658127,5500.0,9.607915
5410152844296742272,0.9375514,0,,,,,,,,9.494164
5427521210999599488,0.8791913,0,-3.5131142,0.37355524,30,0.006593101,0.39787656,7.5909095,5250.0,11.638726
4972515158793666048,0.9970116,0,,,,,,,,16.473108
4975406221541055232,1.0988177,0,-7.606392,0.60019124,42,0.82693607,0.3193535,12.59108,5500.0,12.421826
4978444996799850240,1.0927114,0,-28.844696,0.5544566,35,-0.19153135,0.70709234,10.668987,4000.0,12.87869
5224676021639304576,0.8624339,0,57.883343,0.42718005,14,1.0378033,0.11190039,4.417259,6000.0,10.788447
5268812686118172928,1.1224313,0,29.08117,0.6665233,15,2.4941418,0.002600804,6.7820377,6250.0,10.09346
5290626928097275392,1.605359,2,50.911182,2.4822967,23,13.459152,0.0,35.05615,4000.0,12.847707
5294229374864289152,3.7461302,0,36.124676,2.9416146,14,54.40662,0.0,29.372873,5500.0,9.261488
5484796283510240000,1.5805215,0,7.574843,0.5669929,18,-0.12548663,0.56925035,6.2339635,3700.0,12.831628
5484796283512162176,1.0672039,0,6.787519,0.18863882,19,-1.3959711,0.8486452,2.1335459,4500.0,10.9269905
4988661040369682560,1.0754154,0,17.977657,4.400649,29,,,,3900.0,14.843154
4989685785207006080,1.0588421,0,32.534184,0.61325246,33,1.9644746,0.017912615,11.88698,4500.0,12.509045
5000558443376465408,1.2757765,0,0.14981525,2.467419,20,10.117,6.3596906E-12,16.003822,3600.0,11.357381
5014008975278023040,1.0708867,0,11.893875,2.1449156,40,,,,3500.0,14.715881
5022336332749147136,1.2042497,0,34.426243,4.316745,28,,,,3800.0,14.573845
5030174167028337408,1.1108772,0,16.426102,0.34879854,27,0.65615207,0.1430901,5.20574,5250.0,11.193815
5035575758417810688,1.0639378,0,2.092516,1.0180705,29,1.6124535,0.21725833,17.342588,4000.0,13.357305
5036326759219158272,0.8298254,0,0.2443901,0.29358578,26,-1.2420673,0.8037324,4.4922385,5000.0,11.227532
5036353628534577792,1.1560783,0,7.1120143,3.2143338,16,,,,3600.0,15.032383
5125808314023085824,1.249164,0,12.277666,2.4999962,24,,,,3500.0,14.254766
5135642002423826688,0.92318434,0,9.72417,0.12633127,38,1.3374071,0.014303428,1.3270702,5250.0,8.026286
5060104351007433472,0.9644808,0,39.849407,0.117954694,64,0.8107368,0.0107003255,1.1727409,5750.0,7.2084846
5080988608005942272,0.8766579,0,57.765945,0.1452524,43,-1.4316226,0.7198043,2.4128761,5500.0,10.011407
5156430262611958400,0.99998826,0,-0.04489322,0.14516723,9,-0.9269974,0.7403568,0.6608498,6500.0,7.986047
5159578164402136448,1.1501261,0,44.468933,0.40045074,6,-0.096215196,0.4316098,2.0619583,5500.0,10.455342
5394624991322381696,1.0508091,0,29.190378,1.9390647,18,,,,3500.0,14.699527
5438172729889305984,1.0070026,0,,,,,,,,15.939961
5444778286509695872,1.4178815,0,1.5666364,4.8641877,24,24.162302,0.68721044,19.574286,3700.0,13.421877
5448469175245949696,1.045148,0,-6.273561,0.1689557,36,-0.90671504,0.7300655,2.7464323,6000.0,9.768299
5474003339934437376,0.8882179,0,0.17544319,0.47283193,10,0.3186536,0.29323986,3.837863,5500.0,11.236091
5342256317665877120,1.052458,0,47.87836,2.3032584,21,,,,3300.0,14.337052
5347445943824514304,0.86674654,0,28.859766,0.2066587,21,0.69557285,0.10163797,2.2299595,6000.0,9.603817
5358867704968730880,1.018973,0,9.40866,0.25910863,25,0.35221145,0.17039007,3.679194,5500.0,10.331037
5370057091202471552,1.0821555,0,15.012267,2.5760312,30,,,,3800.0,14.897415
5371055791356925184,1.0807688,0,-1.2682667,3.3344731,21,,,,3700.0,14.321234
5238809728247049216,1.0271727,0,-33.10738,3.6021068,4,,,,4000.0,13.59887
5302688158343283968,0.93123454,0,-18.38078,0.31601897,21,1.3510575,0.06075932,3.2492943,5250.0,10.5700035
5337181349963682304,0.9535456,0,,,,,,,,15.169487
5337181349963720448,1.0346793,0,14.31854,3.0000849,23,,,,3900.0,14.186354
5204521904781726464,1.0052841,0,,,,,,,,15.864759
5213768140437482496,0.8448174,0,26.823101,0.649221,21,2.31868,0.008351148,9.660305,5000.0,11.348451
5278997561113174016,1.2429452,0,43.91399,0.6596685,15,0.23707533,0.42175105,6.9909325,3700.0,12.616486
5286215958023644288,1.150741,0,66.44347,0.40779576,26,0.5661143,0.34129462,5.8826447,4000.0,12.13333
4988043149195248512,1.5968243,0,22.515186,0.37438634,13,0.10765924,0.4600191,3.4006596,4500.0,10.98426
5001798245816790784,1.2446576,0,5.9230194,7.36413,30,42.152332,0.002190049,21.372332,6000.0,12.626897
5007199940285050496,1.0872145,0,-7.1814694,1.1444904,17,0.001504737,0.5618499,18.3138,3800.0,13.0482645
5009044817717897088,1.1008852,0,44.179977,4.5681477,31,,,,3600.0,14.926392
5011570395926791936,1.0124326,0,34.183502,1.5212606,49,,,,3800.0,13.974799
5027751633675172736,1.1542027,0,17.893394,3.2341983,27,,,,3800.0,15.121855
5062294440734353920,1.0326132,0,,,,,,,,15.477398
5143799725866617216,1.0553236,0,-6.653248,6.5570393,28,,,,3700.0,15.349327
5177113519439132160,1.1014667,0,5.04565,0.17227104,7,-2.1879983,0.978667,0.7942052,5750.0,9.53007
5055724888816355584,1.1580864,0,37.700714,0.52875316,34,2.3205304,0.0033411577,13.214733,4500.0,11.266246
5073425381051197568,1.1291585,0,21.708801,5.4731784,23,,,,3400.0,15.350301
5089292433353242240,1.0697654,0,10.84727,0.5832136,13,0.20089008,0.37350777,5.66101,5250.0,11.868374
5092231840251392512,0.93870825,0,21.518652,0.18595992,20,-0.31223795,0.36383855,2.3331413,5500.0,9.789652
5104536681035668736,1.4156878,0,8.423141,3.3299654,17,,,,3300.0,14.310809
5181912853334626304,0.8251502,0,19.077936,0.202313,15,-0.80028504,0.7183836,1.7633286,6000.0,10.1034565
5433558663703021184,1.0213569,0,42.26167,3.6736255,31,,,,3900.0,15.074302
5467639263553830272,1.0880986,0,-15.46265,1.1112336,11,-0.9048636,0.46807054,9.951646,3200.0,12.920866
5471439725495102080,1.0218354,0,4.6471977,0.37834457,17,8.230383,0.0,4.103482,6500.0,7.7213097
5343775980174656384,0.9032724,0,67.32908,0.6291658,14,0.052814543,0.38567507,7.986313,5500.0,11.510862
5358879078038771328,0.855097,0,8.896273,0.4255911,29,0.074468255,0.38259724,8.089138,5000.0,11.863357
5372293978880848000,0.97492373,0,,,,,,,,9.678706
5238253027445066624,1.0770278,0,32.68993,1.4278593,3,-0.047327995,0.5238645,3.552639,4750.0,12.393682
5243448258539872768,0.92380846,0,37.740204,0.24466379,19,0.5667994,0.15568285,2.5542603,5250.0,10.418635
5260025492282495872,1.0441997,0,,,,,,,,15.683869
5332647170168400256,0.8504671,0,-0.6302522,0.20252895,18,1.2906445,0.011554984,2.290863,6250.0,8.519889
5357078043648622976,1.283699,0,24.573782,4.433256,15,,,,3100.0,15.436875
5357824577671304192,1.1113267,0,83.64431,3.290731,21,,,,3400.0,15.708734
5281171707914893952,1.2137771,0,3.3711917,0.62842643,22,0.85813755,0.10651184,8.497757,4750.0,11.935898
5316824544982104192,1.0422077,0,11.109646,4.5708714,14,,,,3500.0,15.174179
5482537474311735168,1.0766126,0,20.41023,5.4201336,17,,,,3700.0,13.804854
4994523979966253568,0.99817353,0,8.996571,1.811024,27,5.5595756,2.0506386E-6,31.04357,4500.0,13.002658
5127394668783241856,0.9559479,0,26.744377,0.12667276,7,-1.5210453,0.9233255,0.2969246,5000.0,8.667269
5144659543959718528,1.0965114,0,39.842014,1.8464102,14,0.068827875,0.5171724,22.361275,3600.0,13.582005
5099953023216735872,1.1791321,0,24.359945,0.63058114,20,-1.2557164,0.88372,8.123648,4500.0,12.612393
5154606546483045888,1.361219,0,26.500866,0.2885875,15,-1.7758588,0.9224312,2.987894,3700.0,11.736207
5166931595089502208,1.1230234,0,-16.014078,3.8371193,14,,,,3700.0,14.375622
5383129322376002560,1.0202624,0,,,,,,,,16.293507
5399893816682495360,1.0134143,0,-15.8415985,3.9886668,21,,,,3700.0,15.753839
5444778286509695616,1.1504512,0,1.9942285,0.5859465,24,0.1683929,0.59679824,8.93393,4000.0,12.482013
5448469312684905472,1.0663724,0,-9.594194,3.0632272,34,,,,3800.0,14.702183
5467640122547290880,0.9832409,0,-16.465595,0.120673224,12,,0.96957,0.379591,6250.0,5.920658
5473943038593709440,0.9877726,0,16.946497,3.5923512,11,,,,3800.0,14.497282
5347445943824510080,1.0124161,0,29.735374,1.8421551,21,,,,4250.0,13.647577
5387248024214485632,1.0894046,0,-0.8515498,1.3796272,30,3.3444514,0.0024049927,27.236938,3800.0,13.47983
5226381982652636928,1.1850953,0,5.842666,3.3456664,9,,,,3500.0,15.063414
5254476360179692416,1.030959,0,42.26132,3.739381,11,,,,3300.0,14.818006
5326018901724190592,0.99038476,0,-27.508703,1.5679795,22,,,,4250.0,13.58673
5332567489930622336,1.031624,0,65.4971,0.50335896,15,-0.6530807,0.67835516,5.26379,3600.0,12.30752
5332647891722786560,0.958841,0,,,,,,,,15.960316
5357729779158079488,1.0880134,0,17.2109,4.373336,19,,,,3400.0,14.982494
4972515124434378112,1.2468492,0,-1.4430939,0.18666595,41,0.9303533,0.029917205,3.6310978,5500.0,10.196991
5213764983638767360,0.82492846,0,26.370462,0.28367195,19,2.1960921,0.0017268148,3.4280434,5750.0,9.642232
5291814190195955712,0.9386013,0,13.0443,0.6160311,10,-0.44351214,0.592884,5.0656013,4750.0,11.805392
5320345902762306176,1.0638714,0,0.6817837,3.340631,17,,,,3500.0,14.749453
5001706024277989888,1.7499584,0,1.9120865,0.4072958,58,2.0503745,0.007808616,11.16046,5250.0,11.78204
5008662325111282688,1.0939804,0,-22.17258,0.26822364,49,-1.0464835,0.6729513,6.0165577,4750.0,11.4842205
5013564772581004288,1.1490021,0,-12.154551,2.3661554,46,,,,3500.0,14.456176
5020060034441888128,0.89128655,0,9.533366,0.18394607,15,1.5725175,0.010054321,1.8077879,6000.0,8.7575035
5038990497936172544,1.2355716,0,14.736756,1.2100481,34,,,,3600.0,13.788697
5052360284454132608,1.0105667,0,9.715412,0.18026762,37,-1.6874955,0.8905358,3.1671,6000.0,10.01441
5117787789015097728,1.0817227,0,-18.886606,1.6973248,32,,,,5500.0,13.872269
5123813525051664128,1.0340778,0,-37.552677,8.071834,17,,,,3700.0,15.189788
5137039103746085632,1.0050814,0,-4.6337914,1.8927832,22,,,,4250.0,13.676929
5144659543959718656,1.2496637,0,38.643005,1.5741224,14,1.0969634,0.16844264,18.90025,3600.0,13.528502
5147243804306855168,1.0590469,0,-9.454107,0.736713,15,-0.7986948,0.80095744,9.708157,5250.0,12.054145
5103522725156131712,1.0691519,0,5.686487,1.8615544,14,,,,3800.0,13.642562
5103600034567513984,0.9571864,0,11.572327,0.24050173,15,2.138828,0.0021606588,2.397376,6000.0,9.049424
5368266433432660096,1.0608869,0,30.464533,1.5208632,39,,,,5500.0,14.0278
5382604477372747904,1.0162519,0,-49.40584,0.17184517,37,-1.0427521,0.6357558,2.575962,5000.0,10.418296
5388612346343578112,0.91162026,0,20.865976,1.8357723,47,8.511409,3.0170533E-5,29.2937,4500.0,12.637835
5464884024852776704,1.1693952,0,-13.051797,4.7249045,7,,,,6250.0,11.843913
5346985111018287872,1.1047453,0,31.829468,1.287823,11,-1.4036671,0.92973876,13.277941,3500.0,13.277189
5348255734131763072,1.1704404,0,15.544602,34.531994,21,86.12532,0.0,57.518967,3600.0,13.206161
5369635733425064576,0.89659584,0,14.192212,1.0055859,29,3.1209798,7.384732E-5,22.69961,4750.0,12.374014
5373056833800874880,1.1585759,0,13.143216,2.9864166,16,,,,3500.0,14.380729
5373901602323893632,1.1458331,0,,,,,,,,15.910235
5205944874687476096,1.059329,0,15.054497,0.61281246,18,0.7442058,0.13523623,7.1388206,4750.0,12.244479
5226381978352399104,1.2735184,0,1.5161804,3.128962,13,8.347495,0.0,36.237923,3400.0,12.527761
5237314186272912896,0.9023058,0,1.8675789,10.538119,12,30.685192,0.0,73.50864,4750.0,11.678629
5254476428899170048,1.7560338,0,45.97654,0.14454801,2,-1.0590358,,,5000.0,10.633806
5258683671468776576,1.142802,0,9.196232,4.41492,10,,,,3800.0,14.482038
5299220917152973952,1.0568697,0,,,,,,,,15.742153
5334090755885358848,0.89492,0,16.716566,1.3147727,13,3.1198196,0.0012617838,13.136272,4500.0,12.453677
5193606262576755200,1.2187014,0,13.016484,0.9728645,21,0.92516154,0.14572275,13.632055,4500.0,12.934888
5281171712211514112,0.94487,0,2.728241,0.1410207,33,-2.095022,0.9305204,1.8083721,5750.0,9.564295
5320345902762306304,1.503295,0,1.8805197,4.076902,17,,,,3400.0,15.026154
5487566846657084544,1.0515407,0,-14.951387,2.6053672,16,,,,3600.0,14.304248
4989685372890146176,1.0026517,0,,,,,,,,10.792647
5001944205985475584,1.0996906,0,-14.478228,1.5260518,46,,,,3700.0,14.236783
5015367078297503872,2.9621198,0,,,,,,,,11.644393
5052391208218637440,1.0200878,0,,,,,,,,17.31261
5062450433941961472,1.0808307,0,42.195065,5.189662,24,,,,3400.0,15.315767
5117787789014584576,1.1896815,0,-17.590816,0.2794686,34,-1.1381205,0.72182256,5.0319147,4750.0,11.160005
5152190545774968832,1.0840943,0,25.386332,3.1118653,13,,,,3700.0,14.2737255
5172140050389642368,1.0927292,0,7.739226,0.26723742,13,-1.4559332,0.87934715,2.1848903,5250.0,10.626384
5054523534924993792,1.34282,0,31.34234,1.2276995,25,2.9841855,0.0014191151,20.716402,4500.0,13.196765
5087405843198797824,0.9711714,0,71.06613,0.16530645,25,0.010660303,0.21214193,2.029869,5750.0,9.384793
5094533186807351552,1.2263029,0,-18.91354,0.69462264,13,-0.66593045,0.8087863,6.602648,4250.0,12.666904
5154606550778882944,1.1940897,0,23.102041,2.633952,8,,,,3300.0,14.7405
5394624991322381184,0.99057585,0,58.368237,5.0759263,10,,,,3500.0,15.008127
5435308399019210752,0.98954076,0,-4.9564924,1.4853953,36,,,,4500.0,13.648267
5442763534531561344,1.0562983,0,46.872543,0.32893085,24,0.7286617,0.15472662,6.4467506,5750.0,10.604189
5447598671274035968,1.0591427,0,-2.3492274,4.0975904,19,,,,3600.0,14.983274
5471809711158052864,0.99533993,0,47.326977,0.17285903,13,-0.059781518,0.31991094,1.5607834,6250.0,8.713015
5473943034297183616,1.0769131,0,17.100527,2.0678513,10,,,,3900.0,13.387014
5339954799322400768,0.846359,0,26.066042,0.5935063,18,0.07015938,0.41707754,8.701605,5250.0,11.835145
5372602082657284480,1.0225928,0,-11.534652,5.113716,18,,,,4250.0,14.361568
5373899197142183424,1.151904,0,22.680807,3.3818667,29,,,,3400.0,14.525158
5387248024214485120,1.0656289,0,0.32595465,3.0047226,33,,,,3600.0,15.409467
5407821123733116544,1.0281818,0,36.72229,5.6450424,15,,,,3500.0,14.959016
5236352422844761344,1.0157144,0,58.33049,0.70733017,3,,,,5500.0,10.247191
5248353282990775680,0.9423773,0,16.411034,0.14168914,18,-0.81829214,0.5065064,1.1677046,6750.0,7.207307
5305981470567619456,0.88055444,0,3.8412719,0.16747893,8,-0.50646687,0.7012917,0.8277559,6000.0,8.913364
5339518396294109440,0.82489693,0,-3.1739986,1.6211019,4,1.5820137,0.040467296,5.8366976,6000.0,10.3308935
5357075947709011456,1.2565757,0,21.188463,0.12059997,26,,0.2880342,0.61101913,6250.0,4.757292
4978444584482987392,1.0790989,0,-29.059788,1.7837143,35,,,,3700.0,14.196528
5191311577514418816,0.9495002,0,3.192453,0.23785129,20,0.0076648383,0.39327765,3.0959914,5750.0,10.636103
5209536708595207808,0.9281649,0,19.307236,0.4548079,17,0.9395908,0.080782704,6.412464,4750.0,11.251084
5262754514488149632,0.93295836,0,0.7407181,0.16884369,17,0.31813115,0.19910471,1.3002028,6500.0,8.681471
5290626996816752384,1.131745,0,50.99824,2.618276,21,,,,3800.0,14.515772
5292146242709263232,1.1998117,0,0.31837106,6.6891785,12,,,,3300.0,14.697013
4980814547436600576,1.0388595,0,1.5231899,0.5012408,35,0.3545745,0.24083385,10.917027,5000.0,12.091304
4980814547436600832,1.1576849,0,-0.4522946,5.6463428,30,,,,3900.0,14.997692
4988661143448897536,1.0311362,0,18.027798,1.7647824,35,,,,3900.0,14.210562
4993216454482249856,0.9386724,0,,,,,,,,9.109735
5008662325111282432,1.3215169,0,,,,,,,,15.7555485
5038962219872444160,0.95317554,0,30.965338,0.22026695,34,0.2945292,0.12873797,4.027254,5500.0,9.9866085
5144000146220623360,1.120282,0,58.876926,4.7153134,17,,,,3500.0,15.432912
5159783566918127744,1.0780816,0,20.12457,0.44848475,11,-0.3126367,0.46643022,3.8200092,4750.0,10.710709
5385820961200683392,1.0282416,0,39.566517,0.37779096,17,0.7567316,0.11926735,4.9845276,5000.0,10.885028
5390426677970232832,1.003307,0,0.428591,3.2316904,24,,,,4250.0,14.256491
5417355092125455488,1.0203696,0,16.216658,1.5218221,37,,,,4250.0,13.798988
5438172626810086656,1.0363741,0,,,,,,,,15.830223
5455774055622235008,1.2919527,0,12.98717,0.39032084,23,2.0742788,0.009213674,5.321786,5750.0,10.738455
5386565639813414144,1.0121963,0,,,,,,,,16.065779
5297347143172401408,0.9907192,0,-5.9045925,1.2366952,28,,,,4250.0,13.362101
5308262952875830016,1.0523297,0,11.31813,1.3442575,7,0.9608103,0.16072674,7.776414,4500.0,12.5604515
5354870533526070912,0.9224615,0,37.226677,0.7494153,23,1.0575794,0.13287976,11.092583,4500.0,12.881273
5427521000538958464,0.9328605,0,-3.6912668,0.9315515,28,,,,4500.0,13.092534
5209536708595486080,1.7034785,0,16.001595,5.3386717,20,,,,3900.0,14.087268
5001798245815560448,1.3698766,0,,,,,,,,12.621821
5013565047458909824,1.0213805,0,,,,,,,,16.773523
5037453827357178752,1.1493028,0,46.54859,2.5734665,21,,,,5500.0,14.29199
5038990497936172288,0.9014598,0,13.811661,0.14542228,28,-0.4911993,0.3622223,1.7143078,5250.0,9.781337
5125808314023085696,0.96035546,0,10.106276,0.5706524,31,-0.084392846,0.41052786,10.743259,4750.0,12.120398
5141426017702343552,0.901233,0,28.213385,0.18478198,22,-0.726627,0.5842856,2.2277107,5250.0,10.416785
5143799657147140608,1.0048469,0,-6.777647,2.3111374,20,,,,3800.0,14.353092
5143999832687378944,1.5767223,0,58.544537,0.35159126,29,0.29385203,0.46630245,7.3425293,4000.0,11.972935
5057703086328757376,1.3088851,0,16.010101,0.43529865,32,-1.60155,0.8901644,8.780858,4750.0,11.878467
5097186823761613312,1.2538823,0,-1.7857096,5.357746,19,,,,3500.0,14.827317
5166907818149858944,1.1185601,0,35.87779,3.358541,9,,,,3600.0,14.708905
5390426712329973120,1.0179734,0,-0.8508711,1.7088478,27,,,,4500.0,13.865608
5435296476189990016,1.0142909,0,-6.46045,1.0827163,38,1.7474512,0.106329665,21.583439,4750.0,12.789834
5445134700076561408,1.091529,0,35.063816,5.9314213,20,,,,3700.0,15.270131
5455776014127328000,1.142326,0,14.026837,0.26960257,17,1.9433376,0.056261458,3.1060028,7000.0,8.955779
5474003339934437248,1.0224583,0,-1.0736796,2.4729571,8,,,,4250.0,13.870844
5340091997752861568,1.3192812,0,,,,,,,,13.817529
5343775980174654592,1.0132314,0,68.24971,0.5687679,18,0.44126385,0.23027837,7.093132,5000.0,11.611378
5344961459859645824,1.0364431,0,,,,,,,,16.886164
5361513026860665600,1.0154147,0,13.562819,8.382416,26,,,,3500.0,15.449277
5364823381490903680,0.95996755,0,18.357136,3.5986474,26,,,,3800.0,14.964865
5232808731203374720,1.0229683,0,3.222895,1.3147113,16,0.5756934,0.1588147,17.777576,4750.0,12.687435
5237314186272910976,0.7560895,0,19.53432,0.55637807,8,0.9195938,0.12868671,3.9052792,6000.0,10.208598
5241387327103874304,0.8114384,0,19.311623,0.25556836,11,-0.020883663,0.525174,2.0709076,5500.0,10.149887
5299238097023842432,0.95328,0,-6.2322383,0.35241178,16,-1.3719279,0.8644247,4.613905,5500.0,10.949145
5418507071076860288,1.0604353,0,-0.29519102,2.7682385,26,,,,3800.0,14.558638
5224676021639304704,1.3255234,0,47.148327,7.9789,13,39.74195,0.0,57.53723,5500.0,11.738267
5279010553386994048,1.0832022,0,43.405834,0.5467288,17,1.1574755,0.13682929,6.5334015,3900.0,11.883692
5000207355569982976,0.9998007,0,9.748232,2.06301,20,,,,4250.0,13.713453
5015367074000676864,1.1768805,0,,,,,,,,10.720595
5129485905539260416,1.0382075,0,4.548744,3.9059007,11,,,,4250.0,13.8791895
5177113515144312832,1.2117083,0,-5.780139,4.626657,11,20.35766,0.0,40.25574,4500.0,11.968269
5087407423746714496,1.0872493,0,71.99929,0.73806393,30,1.663024,0.036285926,15.095306,4500.0,12.780138
5091783823622415872,1.1025081,0,,,,,,,,13.48923
5159578164402136320,1.1205525,0,44.28703,0.17389393,7,-0.29196844,0.5619301,0.6477585,5250.0,9.323664
5382604477372746496,1.1084087,0,-49.97957,1.3074744,40,,,,3900.0,13.775418
5399893816682494976,2.8139358,0,-17.08592,2.3263288,26,,,,3400.0,14.715881
5451272689377746688,1.0602987,0,97.72987,1.8330785,26,,,,3900.0,13.941848
5452615261794584960,1.2431189,0,-2.3294353,0.20699134,29,-1.0655435,0.853859,3.6008651,4250.0,10.965907
5471439553696409088,0.9668619,0,4.588394,2.5052004,17,,,,3800.0,13.760278
5342161622231922688,0.89507085,0,47.05615,0.20309985,13,0.11315469,0.2275323,1.6626511,5250.0,9.58667
5363804370433244800,1.0380741,0,8.669786,1.3074129,28,,,,4500.0,13.169295
5369634328982525696,1.0571072,0,12.530209,2.3337495,25,,,,4500.0,13.986666
5372732855821829504,1.1287373,0,16.414755,3.8368473,12,,,,3400.0,15.508888
5407414407508423424,0.9931675,0,1.6358678,0.1336069,31,1.7739956,0.0013460779,1.3505425,5500.0,8.096553
5414318378449738496,2.1976027,0,38.448147,4.2128344,22,,,,3600.0,14.887407
5414318378449739008,1.0424113,0,40.62689,2.7694545,27,12.700106,0.11894835,16.152588,4250.0,13.181824
5246818880154188800,1.1361251,0,,,,,,,,13.641725
5258683675776821888,1.5779335,0,11.314181,4.037212,14,,,,3700.0,14.812484
5332130399668429824,1.1020693,0,42.675205,0.6476658,27,0.61482537,0.36523017,12.922874,4000.0,12.366966
5334090760193074688,1.0658847,0,12.759161,1.7918681,12,1.2653277,0.14838153,19.180998,3900.0,13.268473
5354870430446853504,1.0688756,0,37.204166,3.3310778,12,,,,3900.0,14.496027
5188422408849607040,1.1041042,0,-12.620032,0.39979747,18,-1.7327449,0.9351467,4.8562565,5000.0,12.291115
5268473585562817536,1.0960994,0,3.3261206,2.3648698,14,5.1482806,8.441044E-7,24.455938,4500.0,12.977661
5291814190197997312,0.9325594,0,12.570859,0.53348523,8,-0.46420723,0.73857653,3.8710022,5000.0,11.791201
5316824544982104960,0.9973894,0,,,,,,,,16.516302
5319468458126418560,0.90332615,0,50.972755,0.5046535,17,-0.5633493,0.6621278,5.743374,4750.0,12.12459
5482537336872785536,1.0108654,0,27.744026,3.619987,17,,,,3500.0,15.188016
5486419845572488832,1.0164578,0,35.226578,0.40788424,16,-0.32101443,0.6732837,3.8751183,4500.0,11.934126
5612659762027921152,1.1301881,0,33.856308,0.31626695,26,-0.5714187,0.6359161,5.7761307,3800.0,11.639657
5619876612756009600,1.0379618,0,11.66375,2.0175138,28,,,,3600.0,14.382621
5693550523245607936,0.9958504,0,-4.473153,0.21487956,32,0.11822612,0.2595159,3.5145202,5250.0,10.591898
5708463641821487232,0.8622836,0,-9.185777,0.18228757,22,1.8091933,0.0048814784,1.7999163,5750.0,9.338861
5997293771501339648,1.0478973,0,0.04729669,2.043342,8,8.221884,0.0,13.882642,6250.0,8.932874
5871660789828615808,1.0112382,0,54.824814,1.5779861,32,,,,3700.0,14.017688
5988289286700928512,0.9756098,0,-8.435333,3.9663525,14,,,,3600.0,14.699141
5995628870405394048,1.1052446,0,-36.929585,1.3753694,18,1.412359,0.06801927,17.55994,4500.0,13.262912
5995989475855983872,1.0495285,0,26.745937,8.516713,14,27.346817,0.0,84.46582,4000.0,12.210084
5945894076819227264,1.0239793,0,-23.94083,4.502166,15,,,,3400.0,15.45767
5785395237767026560,1.0342594,0,,,,,,,,15.480718
5825470478124532480,1.2447411,0,-39.732132,0.61785156,35,0.27738035,0.45741725,11.51363,3800.0,12.99148
5527070714596733056,0.8738492,0,-7.1634693,0.43134615,8,0.18212494,0.38929936,2.8626199,4500.0,11.046522
5514756566623198208,0.8276487,0,-4.4275894,0.4626108,20,0.54650503,0.99414515,2.7156687,5250.0,11.3241205
5519204434762489088,1.2509444,0,11.080074,0.40580496,18,0.07718133,0.37455082,4.421728,5500.0,11.305002
5546537739765203840,0.9830563,0,-2.751232,0.17173661,8,-0.9502104,0.7122716,0.92749333,5750.0,9.101061
5578458039788269312,0.88589597,0,33.536697,0.25688964,23,-0.5176814,0.55772436,3.367735,5250.0,11.01239
5584130424575405056,1.1028885,0,,,,,,,,8.876929
5594976282154855296,0.98657066,0,-5.0946255,0.23149356,16,1.6470954,0.024007387,2.385551,6250.0,9.022343
5615443652441559296,0.95544255,0,8.652258,0.5380628,44,0.23696296,0.18263319,12.884677,4750.0,12.459011
5627377786009162112,0.8924663,0,-8.026206,0.26938888,29,1.7918675,0.0110406205,3.841628,5250.0,10.709686
5645278183210494208,2.1695025,0,38.442257,2.1532109,29,11.148517,0.0,32.19639,3400.0,12.872452
5702222062205467776,1.0288128,0,6.8861876,3.3399355,16,,,,3900.0,14.614805
5715306388023812480,1.0121871,0,82.590195,8.086931,13,,,,3500.0,15.154304
5957366175038333440,1.0183467,0,-20.696524,2.5763505,12,,,,3900.0,14.258411
5906169816912302464,0.98836523,0,20.543186,1.3601773,12,2.7047312,0.0012625727,11.467953,5000.0,12.076695
5932088157879926016,0.8045398,0,-69.86018,0.5587169,17,0.01007077,0.39081874,7.0494156,5000.0,11.841694
5932088162153493376,0.9400677,0,-70.78555,3.8668978,13,,,,4250.0,14.1484995
5935499946730717568,1.0689262,0,-29.102049,9.267895,4,,,,3200.0,14.906263
5875800176239059200,0.79223573,0,2.5622857,0.93471295,11,2.048959,0.024236672,7.3945427,5250.0,11.539272
5911018804929044352,1.0429239,0,-2.851611,1.634435,32,,,,4250.0,13.958646
5770314508076535424,0.75257325,0,6.0363083,0.7921353,13,2.5129104,0.009352476,8.357206,5750.0,11.502959
5822055601152850176,1.2388482,0,-14.047158,1.8227988,31,,,,4250.0,13.842864
5858568488209097472,1.1430326,0,,,,,,,,9.330502
5499171848289289344,1.0909514,0,32.47692,1.3433982,25,,,,3700.0,13.767197
5512911139434249216,0.9878164,0,17.982328,1.5745032,17,,,,4500.0,13.340607
5578458078447758464,1.090665,0,32.135017,2.105449,19,,,,3700.0,14.384364
5601507827904047104,1.0818272,0,29.361418,2.2278564,21,,,,3400.0,14.475622
5618634439496358400,1.3898438,0,-2.9800985,0.5753577,36,1.6209519,0.015894141,11.840331,5500.0,12.084731
5618772153321805440,1.3038425,0,4.364064,2.8898013,28,,,,3500.0,13.809912
5619782845027697536,1.0792185,0,10.701945,1.8636041,32,,,,3600.0,14.36702
5687042857505840256,0.97524697,0,,,,,,,,15.840046
5707181512482031488,0.9800723,0,55.584675,0.21556431,25,-0.28178823,0.49153447,2.5971985,5250.0,10.6039295
5708463646119058432,0.92668074,0,-9.156688,0.22379538,23,-0.7071421,0.69349664,3.211215,4750.0,10.759629
5731278478034382720,1.2186085,0,6.171176,2.1182985,23,,,,3700.0,14.180064
5741199577609693696,1.0216511,0,19.877195,3.5475018,15,,,,3600.0,15.198697
6009769139682172672,0.9560506,0,12.458043,0.4997216,19,1.0243063,0.092121944,7.050518,5250.0,11.384767
5869301272229641856,1.5775079,0,-26.028795,7.6687107,54,88.35668,0.0,149.42007,4500.0,11.348519
5888247197609177856,1.0042305,0,-13.6509495,1.0272671,17,1.8251548,0.029049024,12.639895,4500.0,12.441779
5903894175757506176,1.15643,0,9.800055,7.923177,23,29.352959,0.0,126.61801,3400.0,13.317104
5995989475855984768,0.8605671,0,4.1461463,1.1218007,10,5.157516,9.1901505E-8,7.5138125,5750.0,10.176272
5885328612671767808,0.97899306,0,8.519787,2.9689503,18,,,,3900.0,14.156397
5983063479721275520,1.4436916,0,,,,,,,,13.56659
5983773626796574080,1.1003596,0,,,,,,,,13.638268
5849582802515942656,0.8568529,0,-5.1645665,0.18413347,24,0.44688147,0.08615474,2.303491,5500.0,9.531793
5891544873500692608,0.9575057,0,34.42196,0.22334246,12,-0.7085731,0.52213067,2.0249367,4000.0,10.456409
5770314817314183296,1.0581328,0,7.6415305,1.8293579,13,,,,4500.0,13.373606
5807222673888787584,1.0448021,0,-19.040293,7.1716995,19,,,,3600.0,15.2084465
5822055601152850432,0.9711549,0,-14.62519,1.1995887,36,6.1368475,2.8516693E-8,21.308401,5000.0,12.150147
5859434529750537600,0.7640959,0,5.5941386,0.5806534,13,-0.09154986,0.4606593,5.2737036,5250.0,11.452959
5569701877077908864,1.1705868,0,-4.7300973,1.8623929,16,,,,3200.0,13.935457
5572160140263574016,1.0520515,0,6.6649566,1.5140927,16,,,,3800.0,13.61619
5577270777686717440,1.0338455,0,27.827148,0.21589251,17,-0.7978599,0.60117954,2.1680298,5000.0,10.503352
5578418392950116736,1.0003833,0,-1.368346,3.4467938,20,,,,3600.0,14.6542635
5585618093871577856,1.0599188,0,31.853378,1.9853065,14,,,,4250.0,13.280509
5741344919302959360,1.0133346,0,15.064195,0.18549465,17,-0.24186064,0.4011607,1.7712107,5750.0,9.742452
5754571528789967360,1.1321092,0,-5.422362,5.339513,6,,,,3700.0,14.564212
6013930103988473344,0.7840691,0,-7.1994934,0.23648927,12,0.015888464,0.405447,1.8390403,5750.0,9.983898
6013974595550316288,0.9236247,0,-22.170773,0.6557187,15,0.6310319,0.23928133,7.7391605,5500.0,11.831325
5899243585161684864,0.9180426,0,3.4280994,0.14835088,9,-0.6058237,0.7081203,0.6552086,5750.0,8.573606
5935331515304142592,0.939594,0,-62.145767,0.25462463,13,-1.1785853,0.7933965,2.5019722,5500.0,10.329413
5865568395868712064,0.940567,0,14.187442,0.17257304,21,0.8926702,0.028089494,2.1598778,6250.0,8.425463
5872873271947806464,0.96885365,0,,,,,,,,9.264796
5881591956815939840,1.024621,0,6.737925,1.9460096,15,,,,3800.0,13.659166
5915457224155279104,1.6778148,0,-24.368914,3.0766919,19,,,,3700.0,14.480821
5948242736753346944,0.9065492,0,6.49343,0.22214451,3,-0.35785925,0.6147494,0.5031171,6250.0,9.09759
5840335085036439424,0.9117118,0,14.059315,0.15294199,20,2.6633806,1.1276824E-4,1.3995762,6250.0,7.77646
5840338314851859584,1.1321164,0,8.9449625,9.105315,8,,,,3400.0,15.459298
5850633385855581184,0.8747087,0,8.564794,0.4025292,18,1.2566963,0.03793392,5.6727433,5000.0,10.911429
5852384392517323904,1.0520595,0,-0.025037998,4.34127,18,,,,4250.0,14.160922
5527070718896745600,1.0378145,0,-6.700507,0.83509815,9,1.5176319,0.19180916,6.5673404,4000.0,12.275415
5489802531754949760,1.082857,0,7.912313,3.992698,19,,,,3900.0,14.459506
5503239354117641088,1.0060622,0,44.335903,1.1820817,14,-0.1898804,0.4502569,15.099358,4750.0,12.735749
5551303817731315584,0.99202275,0,30.49094,2.1790042,23,,,,4500.0,13.345334
5555826280855182208,1.0846151,0,1.9874594,2.5899208,20,,,,3900.0,13.997643
5587739361035924352,0.9267918,0,,,,,,,,11.066257
5602745568751486592,0.9643358,0,2.813769,0.6764117,21,0.6362017,0.15132295,9.954741,4750.0,12.424661
5618632755867831936,1.0164341,0,-3.109585,0.73800266,35,1.2289579,0.081895255,13.999286,4500.0,12.715526
5677955771859729024,1.042789,0,-8.07889,3.2111514,20,,,,3900.0,14.166468
5683412162737282560,0.8975985,0,9.36969,0.14119197,17,-0.3625306,0.3677089,1.0613489,6000.0,8.233724
5718024208963943040,1.1074506,0,1.5970093,1.0403675,21,0.60881305,0.4198575,16.354877,4250.0,12.73832
5753885124296458368,1.0406166,0,,,,,,,,15.788128
5957478114702420992,0.78639877,0,-45.63917,0.17005156,13,-0.83439004,0.6118579,1.3591576,4500.0,10.043206
6004256802548180736,0.8710488,0,-45.168602,0.13134627,14,-0.709327,0.5080822,0.7046509,5500.0,8.270233
6004808899126937472,1.3185366,0,,,,,,,,13.500451
6006402778668868992,1.1182358,0,6.766293,0.9939323,16,2.7662065,0.008487297,12.677337,4250.0,13.002733
5868468667059648256,1.1868346,0,-21.147133,3.342821,9,,,,3700.0,14.274176
5931156532274485376,0.850067,0,-1.6017275,0.12990943,23,0.16055101,0.16240789,0.9997835,5750.0,7.4675746
5848488341699430272,1.0036469,0,-12.95941,0.52804613,14,2.285805,0.0019957363,5.9124174,4500.0,10.815759
5928191870934786944,1.0080149,0,-28.260395,8.973129,20,,,,3400.0,15.050638
5795994667307502464,1.4311863,0,-9.59114,1.5463581,18,,,,3600.0,13.683453
5841139583962916352,1.0626627,0,12.79225,7.860686,21,,,,3700.0,15.30374
5620681352182815232,0.93112737,0,17.770472,0.40783826,24,1.7669816,0.018708277,5.295542,5250.0,11.511062
5550918370186174976,0.77652615,0,6.8455567,0.25588563,15,-1.7026927,0.9438981,2.7581916,5750.0,10.976368
5589933921827329280,1.046157,0,72.77392,0.7189382,15,0.18740053,0.40762153,9.01075,4500.0,12.5002985
5602065417742424960,0.98783505,0,27.327103,4.3979154,32,,,,3900.0,15.149502
5694088837263936000,1.0312825,0,54.29096,0.15847945,32,-0.9947616,0.6429382,1.9151497,6000.0,9.544781
5651775953326498688,1.0003817,0,-3.7406375,0.1495421,13,-0.35643932,0.3767068,0.8988514,5500.0,8.682693
5662617820876042368,1.025938,0,-8.3602295,0.30362287,15,0.2413495,0.30394715,3.3757133,5500.0,10.949865
5665037300507349248,1.0939952,0,21.558725,4.066467,14,,,,3800.0,15.173576
5714242365703986944,0.89247006,0,-6.4909534,0.64061207,22,-0.08285319,0.4071648,11.3459635,5000.0,12.227957
5742912341847954816,1.0700747,0,-10.013474,3.634611,21,,,,4250.0,14.213624
5966256065783942400,0.98941594,0,-49.358055,0.41515297,23,1.6620039,0.03236382,5.5886726,4500.0,11.909679
5887869996399347072,0.8709172,0,-15.014198,1.4329687,15,-0.50414807,0.6711221,18.598883,4500.0,12.97939
5986875447860844672,1.211417,0,7.4718947,4.342356,8,,,,3300.0,13.998736
5988289527219106560,0.91402036,0,-9.964293,0.14077213,13,-1.4367697,0.818818,0.6981592,6000.0,8.375808
5869884936766564736,0.94129074,0,9.328513,0.5812572,25,0.19589302,0.55704975,10.21293,4250.0,12.427549
5885328612671767680,1.0868543,0,7.698555,3.3643525,15,,,,3600.0,14.2428875
5964311716912663808,0.8805151,0,-5.3767247,0.7645922,12,0.7539982,0.28363043,8.164379,4250.0,12.379391
5983773626796573184,1.0918031,0,14.277984,4.7449408,9,,,,3200.0,14.293728
5912964459481345152,1.0908855,0,-20.564987,0.8558356,21,1.4077787,0.5330985,8.347023,5250.0,11.894408
5928062162904846208,0.8271204,0,,,,,,,,9.063303
5781145105632521600,1.0524014,0,,,,,,,,16.620333
5839598927640104960,1.1178638,0,-12.210497,3.975223,17,,,,3900.0,14.966432
5525562944860289536,1.1026483,0,-7.3908644,2.677262,22,,,,4250.0,14.3078165
5621921051544416768,0.89368963,0,19.42432,0.45827323,17,0.4757159,0.20849478,5.5105953,6000.0,10.184055
5489802497395214080,0.884696,0,5.827374,0.6620827,17,1.11389,0.11408436,9.618941,4500.0,12.042111
5556832643232177792,1.0023794,0,,,,,,,,13.495144
5569701877079769216,1.0010799,0,-4.5093336,0.1700535,13,-1.068396,0.77519315,1.2580988,5750.0,9.601709
5579734508367308032,1.0829766,0,37.54976,1.6223503,20,,,,3600.0,14.000784
5590592529292136320,0.85134476,0,5.586704,0.62991637,21,2.3727484,0.004016649,10.503593,5500.0,10.964984
5642740166776387200,1.251636,0,-8.829721,0.23434672,45,0.10323828,0.22994421,5.0974407,5500.0,10.8036585
5647109965285125120,1.0889899,0,-1.6647453,1.2222866,11,2.0621278,0.07805721,9.915748,4500.0,12.350953
5718024483841849472,1.0706016,0,-0.43165687,0.28345522,24,-0.17950183,0.3580132,4.0167594,5500.0,10.570004
5906607697419524864,1.0919464,0,3.689001,0.7190099,12,1.0997783,0.07881712,5.9580894,4500.0,11.036007
5818262698345265792,0.93317133,0,-16.835176,2.4436312,13,,,,4000.0,13.708669
5849579813218625152,0.9960315,0,-5.8678637,6.023023,24,,,,3500.0,15.202048
5913476453940146176,1.1107402,0,51.3186,3.9334965,18,,,,3500.0,15.013513
5777817502407023744,1.4220383,0,-21.043112,0.3206078,9,-1.5858634,0.934886,2.2549267,5500.0,11.15132
5787222832248879488,1.0535973,0,,,,,,,,16.359516
5803618646564240896,1.0899489,0,-22.49526,1.0397136,37,,,,3800.0,13.551901
5806277265681597184,1.0059048,0,32.879734,0.8527112,21,-0.024517754,0.39485413,12.760054,5000.0,12.096387
5808515832696496384,1.0106636,0,-5.8306456,0.15592559,47,0.6008562,0.08390708,3.5386946,6250.0,9.520545
5851393831242896256,0.8156954,0,-22.983635,0.5553479,18,-0.1257802,0.50368977,8.00584,5750.0,11.48885
5860402576687010688,1.0316781,0,-28.573881,12.5482435,16,24.906555,0.0,146.21121,3800.0,13.023408
5533948988766581504,0.8947039,0,26.468706,0.24904212,18,2.488041,7.106912E-4,2.8811111,6500.0,8.361709
5501006658317180032,1.2563006,0,36.413773,5.1472073,19,24.75681,0.0,76.63982,4250.0,12.469703
5505180507537959936,1.0407677,0,-23.591648,3.686183,14,,,,3900.0,14.257114
5512914094371744512,0.95893276,0,18.409063,0.85350066,21,3.0295923,6.631264E-4,11.592916,5000.0,11.959347
5514756566623203968,0.99572515,0,-4.7649484,0.18198472,14,0.18533874,0.1799275,1.4764185,5250.0,9.418417
5542415846778481920,1.0426067,0,-5.331157,1.7175962,20,1.4025686,0.90110385,11.673001,4000.0,13.113724
5562571883473697152,0.833014,0,23.50926,0.31148058,13,1.0945143,0.19204174,2.346159,5250.0,10.412681
5562571887771719040,1.2380048,0,-4.9691277,10.834478,8,,,,3200.0,14.279716
5568842505663580288,1.1393974,0,38.204224,6.694003,19,,,,3300.0,13.759058
5584978044962096384,1.0056409,0,-19.142883,1.6314129,26,,,,4250.0,13.744866
5587742320276908672,0.7920948,0,56.27152,0.43818602,22,-0.74859285,0.8890722,5.2257004,5250.0,11.770507
5603376104312428544,1.1599643,0,9.648468,3.1036325,17,,,,3400.0,14.222893
5603460938506156288,0.9896627,0,15.715266,1.2606503,24,,,,3800.0,13.580349
5645426342404495488,1.0858752,0,-12.471385,1.1768361,39,2.827786,0.0011661953,34.371807,4500.0,13.168055
5733387891092910208,1.078533,0,-30.946238,3.0464776,20,,,,3300.0,14.929821
5741199577609693312,1.0697714,0,24.180342,3.3951058,15,,,,3600.0,14.852449
5894340033877618048,1.1046411,0,-5.5190887,1.1653614,13,1.1906514,0.4303422,13.06028,4250.0,13.046231
5899244375435693952,1.1174977,0,4.332211,0.15885566,12,-1.8486514,0.9306821,0.98505545,5000.0,10.086838
6004256909931771136,1.1286123,0,-45.783714,0.16192001,11,0.43386644,0.1396737,1.0161629,5250.0,8.480835
5863422492761861632,2.0499814,0,-33.4604,2.4872303,12,,,,3900.0,14.203165
5868468667059648128,1.1683419,0,-23.051556,4.0567966,15,,,,5500.0,14.171294
5878151275658013952,1.0369234,0,-13.231164,1.4098566,35,,,,4250.0,13.973683
5920369945168735616,1.035743,0,-27.526577,0.122778535,9,-2.5443766,0.98888016,0.36068344,5250.0,8.868908
5935922021749859072,0.85403305,0,-15.922818,1.9429507,7,,,,4250.0,12.716238
5770731360422750720,1.1004691,0,-3.0261686,0.36725777,12,1.7148875,0.013982058,3.7069948,5250.0,9.931353
5808515871363782784,1.1018394,0,-6.17296,0.20881547,51,0.30519685,0.2133552,4.5525236,5500.0,11.044907
5839598927640105600,1.0533893,0,-7.0203857,2.1579816,15,,,,4000.0,13.840458
5505177002844646016,0.84319144,0,-25.579308,0.7902527,11,0.9654938,0.14235891,6.5233555,5250.0,11.105587
5506101790904438656,0.8173419,0,19.45653,0.96211624,20,6.7903757,1.110223E-16,14.581784,5500.0,9.639525
5546537744078551680,1.2526932,0,-2.2753932,5.4694877,10,,,,3500.0,15.018478
5572160144560346112,1.4742776,0,7.180991,4.4206986,17,,,,3600.0,15.071946
5577270777686717568,1.1914508,0,24.587744,6.6278453,13,,,,3500.0,14.857968
5585618098168376320,1.0029539,0,32.139748,0.31103343,10,-0.036012687,0.38537246,2.5816383,5750.0,9.322261
5597615384945774720,0.96350455,0,41.348152,0.4881957,14,1.8162507,0.015532048,5.1624985,5250.0,10.602081
5647109965279770496,0.9584664,0,-3.6381822,0.4200345,21,-0.8552497,0.6973283,5.839215,4750.0,12.0156555
5663679231848426496,0.79715645,0,51.58069,0.37085617,12,1.8398812,0.008102698,2.7822723,5000.0,10.512678
5679513019625772928,1.1088645,0,-0.7200537,0.5507739,17,2.0157151,0.012070696,7.014696,5250.0,11.612565
5687043304182434560,0.9932712,0,3.6116118,0.14813508,18,0.88538694,0.040885534,1.1191859,5750.0,8.369068
5714242434423820032,1.0450497,0,-5.953206,0.7078837,21,-0.061962962,0.49871287,9.987534,4500.0,12.736149
5744271780600969856,1.1214347,0,59.371407,1.5905881,23,,,,3500.0,14.299923
5755402720924702464,0.90635735,0,12.566438,0.25900653,19,0.72676575,0.12928088,3.26834,6000.0,9.329223
6020230679273421568,0.77224344,0,-14.270238,1.1534775,9,1.0886103,0.12332991,9.027479,5000.0,11.9217825
6004808692968504576,1.2744644,0,7.246544,8.33905,14,18.025043,0.0,95.7173,3600.0,13.4843855
5863549894358213888,0.90736914,0,-6.730934,0.19631833,13,-1.4242282,0.87953496,1.4614196,5750.0,10.211674
5932476289859343488,0.95299345,0,-0.45616516,0.49486625,17,-1.2752948,0.84118485,6.7352266,3600.0,12.356029
5935499637493079168,1.0478405,0,,,,,,,,13.515201
5825134302452901504,1.0141355,0,69.630424,3.6762376,26,,,,4000.0,14.78135
5875800176178921728,0.80104554,0,,,,,,,,10.903325
5925195358121362816,1.07169,0,-10.132425,1.805738,16,4.5270996,3.1215723E-6,27.09541,4500.0,12.944305
5811036673563890048,1.2435732,0,-8.899195,1.2833558,32,,,,4250.0,13.6646185
5811036673564664576,1.2590536,0,-6.674903,4.3079443,32,,,,5500.0,14.7792
5815756086719462400,1.1481166,0,3.1421547,0.47152674,26,1.0923365,0.18904342,7.004612,4000.0,12.246932
5815936922019871360,0.98252016,0,44.938396,0.2545082,35,0.79701644,0.12896127,3.7979927,5750.0,10.713838
5850633351495840768,0.94086546,0,,,,,,,,11.057528
5488475524298903168,1.7013336,0,21.061138,3.557477,14,,,,3500.0,14.10513
5498467954689021440,1.10279,0,-14.861894,3.2992542,11,,,,3600.0,14.971754
5506101898282806528,0.98288614,0,18.381422,0.35912248,15,4.554616,6.879418E-8,3.1499138,5750.0,8.67801
5590591017462501760,1.0609578,0,7.006988,0.63267154,14,2.4428868,0.020070255,5.6914043,6500.0,9.962344
5646797192889255808,1.08011,0,18.553484,2.8453794,27,,,,3500.0,14.969938
5654789538602995584,1.0697759,0,14.071268,0.3691516,26,-0.4096842,0.5754778,6.6657734,4500.0,11.658392
5631420587185283328,0.9165323,0,22.488333,0.18752088,27,-0.21339485,0.36795288,2.5350418,6000.0,9.63419
6019808642937013760,0.87933254,0,-26.512426,0.22458096,7,-0.33787665,0.5763599,1.0655899,5000.0,10.281471
5931156532274473088,0.79872155,0,-2.390073,0.14567985,15,0.44935805,0.11045559,1.1385496,5000.0,8.556823
5951435924706327680,0.96213806,0,-9.348681,0.2704768,9,-0.8660904,0.73766285,1.5678005,6250.0,9.6666565
5984152305488074496,1.0083556,0,-10.755211,0.89496255,29,1.2583671,0.1886109,17.50104,4000.0,13.29969
5917865223315541248,1.0002636,0,-30.284115,0.41122276,14,0.118341036,0.34613702,4.483305,4500.0,11.293143
5924087801996568448,0.7795147,0,-25.506037,0.20754729,9,1.3372865,0.023728965,1.3958836,5500.0,8.725725
5928061024704103040,0.797265,0,-25.97359,0.6746632,12,4.252128,9.0904656E-8,6.309574,5750.0,8.654872
5935922017450249856,0.89298004,0,-17.470491,1.2418263,6,,,,5500.0,12.043652
5945894072509009024,1.0791168,0,-20.610113,0.6138645,21,1.151456,0.18215553,9.18014,4000.0,12.257853
5770731356125650560,0.94941217,0,-2.5925548,0.17605174,13,-0.4017757,0.44735986,1.2297323,5750.0,9.160921
5778589741826491264,1.1130188,0,-49.206707,0.39858195,27,-1.378015,0.9469736,5.959877,4000.0,12.384499
5790357471187055104,0.99458534,0,58.310783,1.3785712,23,,,,4500.0,13.272744
5801829599409093248,1.1444012,0,,,,,,,,15.630889
5805954455940209664,1.8797073,0,-11.254882,13.19713,21,57.32905,0.049236644,14.232034,5250.0,12.434823
5818044204782443776,0.9585372,0,-10.206518,0.3082876,17,3.2297037,4.419355E-4,3.7544227,6500.0,9.073622
5841139583962907008,0.8359338,0,-1.8062634,1.9471776,21,6.508532,9.5550234E-12,28.425808,4750.0,11.955546
5846816225061805696,1.1008701,0,-13.49475,8.245734,12,,,,5500.0,15.226928
5499171813929551104,1.105627,0,32.91686,0.9849097,26,-0.6925713,0.82160574,15.44018,3700.0,13.50635
5500940240944974336,0.99189633,0,60.373913,0.17555878,12,0.5819374,0.10743234,1.3150368,5750.0,8.988723
5500940240945797760,0.8223012,0,60.613983,0.28810602,12,0.99776363,0.14592852,2.175686,5750.0,10.123102
5517326984291656064,1.043651,0,25.284975,5.1732826,13,,,,3900.0,14.326778
5555476666220022656,1.0630895,0,20.98013,0.8593063,20,1.9531616,0.04528122,11.9188795,4250.0,12.261712
5536908255587201920,1.0223446,0,10.787156,0.8342858,15,0.80460376,0.14232726,8.322552,5500.0,12.478555
5584130424575404672,0.98717266,0,,,,,,,,12.275189
5594976179075619584,1.0809853,0,-6.340545,1.3018833,26,17.032574,0.08417139,18.20512,4500.0,12.9258585
5645906657186807424,1.1307819,0,,,,,,,,16.668962
5698554675543596672,1.0341729,0,-55.708935,2.9958189,33,,,,3800.0,14.7547
5682740640305473792,0.98726755,0,29.00297,0.8935809,19,1.3318127,0.045989834,13.859955,4750.0,12.164469
5705600895796564224,1.0112914,0,35.574516,1.2729506,21,,,,4500.0,13.194878
5707181512482030976,0.8764955,0,55.561855,0.2169032,26,-0.16231377,0.49136642,2.951889,5750.0,10.489974
5724250571514167424,1.0964292,0,7.4240227,6.768332,25,,,,3400.0,14.476663
5731367877780816384,1.0465101,0,30.954124,0.8474861,21,0.60993785,0.26617128,12.099998,4750.0,12.605508
5753452191592863872,1.0310014,0,24.716639,2.752152,17,,,,3700.0,14.2935
6009769139682178176,0.9799856,0,9.004722,1.0181854,21,15.661651,0.0,11.288757,5750.0,10.270725
6013929932189780096,1.1473068,0,-5.942403,3.1502945,13,,,,3900.0,14.350331
5869301066071208704,0.9953875,0,-26.982296,1.9986882,48,,,,3700.0,14.62629
5888247300688423296,1.0440574,0,-14.710995,3.0456738,15,,,,4250.0,14.215623
5869884941123286016,1.0431578,0,8.162114,0.3991647,22,-0.34606722,0.667589,5.7470126,4500.0,11.95276
5818262900199111936,0.9845745,0,-18.27141,1.9625616,19,,,,4250.0,13.24296
5881591952460355712,0.9172896,0,8.050661,0.8774273,9,,,,4250.0,11.994566
5778144989371803776,0.9938522,0,,,,,,,,15.655647
5801829878585182720,1.0360289,0,39.48344,1.4491054,24,2.7307043,0.007774656,26.901638,3800.0,13.489157
5806277265681597952,1.0724748,0,32.939236,0.21932822,24,1.6620642,0.029828018,2.6292343,6250.0,9.561764
5815803022123997824,1.0504583,0,,,,,,,,16.083363
5820741680441606016,0.92599934,0,-1.4622529,0.23697145,19,2.26079,7.0398644E-4,2.9085722,5000.0,10.0901785
5825470478124532864,1.1680671,0,-40.83726,1.2756765,32,,,,3600.0,13.794163
5551303199256033280,1.0021466,0,31.971306,5.063526,20,,,,4000.0,14.404721
5588587810358006144,1.0394212,0,27.34758,0.2103708,23,-2.079323,0.96354777,2.6290035,5500.0,10.920877
5589933990546806144,1.1236597,0,65.12798,5.746617,14,,,,3400.0,15.077948
5592776777862886400,0.92232156,0,,,,,,,,17.036758
5603376001233213568,1.0220284,0,,,,,,,,16.557688
5682740640305474176,0.9678017,0,26.358736,0.60885173,24,0.1709107,0.48435682,10.1852665,4500.0,12.25486
5700614541851861888,1.065921,0,21.610136,0.5205132,32,-1.9038651,0.9876848,8.462395,3900.0,13.01336
5713868089371028352,1.0444087,0,,,,,,,,16.40427
5733387891092910848,1.1232808,0,,,,,,,,16.14085
5755402484702384128,0.90441036,0,12.516075,0.20573762,27,-0.4401944,0.67838746,2.6090794,5500.0,10.45556
5761216457376247040,1.0137619,0,13.287462,1.2781374,20,,,,4500.0,13.304999
5971800559324248576,0.84045094,0,-54.30977,1.7063161,16,3.5347357,1.0537114E-4,20.048988,4500.0,12.933278
5904444721841704192,1.071072,0,12.455139,4.0071254,13,,,,3500.0,14.879322
5986875452184176000,1.2481415,0,0.555166,4.264843,7,,,,3400.0,14.830439
5995721401180414720,1.1592927,0,,,,,,,,14.219664
5991769855149986688,1.005351,0,-21.029394,0.287559,9,,,,6000.0,9.402752
5833445029827819136,1.0145651,0,35.98559,2.4779544,21,,,,3700.0,14.425882
5891531404470141824,1.007995,0,34.59329,0.12003341,24,-1.7414695,0.86351377,0.5998955,5500.0,7.2177124
5790391109368147840,1.094607,0,8.948417,1.9396063,18,,,,3400.0,14.258323
5790391212447457536,1.1166759,0,2.2441669,4.9649773,12,,,,3400.0,15.636306
5812223321488657024,1.9409864,0,-1.3780656,0.40505,42,1.5875022,0.10371048,6.802906,4750.0,11.706837
5846754514969022080,0.8887497,0,52.41093,0.14451367,9,-0.17137514,0.3776344,0.618618,5250.0,8.474458
5520641698319724672,0.9803712,0,9.058338,0.9472383,18,3.0743158,8.330112E-4,11.787828,4500.0,12.358701
5533948954409360512,0.79077005,0,26.873669,0.36966327,12,0.2690418,0.25160944,3.1685696,5500.0,10.611166
5504052339888615424,1.1544784,0,23.04042,2.799873,16,3.6279206,0.02299301,16.577656,4500.0,13.008234
5517421026896180864,1.0216604,0,29.149544,6.463252,12,,,,3900.0,15.336756
5555477701309162752,0.8923428,0,21.393225,0.29683483,15,0.057547566,0.30645552,3.46344,5750.0,9.834724
5547349218015840512,0.9111483,0,114.48409,0.41119316,24,-0.6558939,0.64298767,5.0990295,5500.0,11.326173
5592777808655047168,1.0640947,0,-22.184511,1.0407088,22,2.4359262,0.60792506,10.262737,3600.0,13.08273
5603457983568824064,1.0493635,0,16.14464,1.1393529,26,,,,3700.0,13.715778
5614487871913230208,1.0080264,0,-52.896362,0.2754755,35,0.7200095,0.09893273,5.1601067,5500.0,10.7179785
5618772256401015168,0.94937223,0,3.080428,0.1740611,25,-0.4403829,0.41528907,1.9104838,5250.0,9.998036
5645278183210495232,1.0671958,0,,,,,,,,15.331566
5698256570456901120,1.02116,0,,,,,,,,16.259132
5713868089371028608,1.0534155,0,-70.2335,0.51138896,22,1.5042014,0.0859439,9.041351,4000.0,11.99797
5725506935346610048,1.1335794,0,-20.906195,2.1680126,20,,,,3300.0,14.30093
5744272815688170240,1.1789213,0,,,,,,,,13.732415
5753452805771767680,0.840428,0,27.063314,0.43109557,17,0.39714938,0.26738414,5.730114,4750.0,11.778508
5903894175757504128,0.9684359,0,6.2236333,0.6061299,22,2.5088754,0.011433473,7.6031013,4250.0,12.079265
5906607804807772032,1.138094,0,6.8716702,10.424421,13,21.031837,0.0,114.70886,3700.0,13.129319
5964311476395869952,0.99047005,0,,,,,,,,15.461587
5867658979799997056,1.2511561,0,22.800533,4.934449,15,,,,3900.0,14.919098
5778145126810761600,1.091995,0,5.115731,5.5884385,18,,,,3600.0,14.308999
5778545039807420800,0.8861517,0,-12.705997,0.19918047,14,-0.46172345,0.60161656,1.6814404,5750.0,9.850277
5793368518138952960,1.0425097,0,1.544856,3.2485695,22,,,,3900.0,13.83943
5795995423221017472,0.97794056,0,-11.940264,0.14313535,12,-1.4705501,0.82414836,0.7507076,5500.0,9.281089
5805954455935100800,1.3915477,0,-10.878993,0.6369478,20,0.68286735,0.1654945,8.918323,4750.0,12.009414
5807222467730350720,1.0366806,0,-13.735918,3.5469732,26,,,,3900.0,14.225829
5820267962732698112,0.9578697,0,22.01299,0.35350353,27,-0.16473418,0.65129083,4.7767315,4250.0,12.085762
5820643033640219008,1.2954012,0,23.717611,3.8295045,13,,,,4000.0,13.6555395
5847795095323441024,0.8434736,0,-10.737223,0.24911688,15,0.30022335,0.28035963,2.6987762,5750.0,10.460107
5857713794073609728,0.8083834,0,10.8842,0.16359,2,-0.8039455,,,5500.0,10.005465
5532294842242284032,1.0550421,0,-7.9086537,9.16188,9,,,,3200.0,15.403301
5621921154623623168,1.080162,0,21.025589,2.7767553,18,7.273691,0.0060035773,18.12278,4250.0,12.941311
5488474356067843584,1.1020585,0,,,,,,,,16.000923
5493759635446365952,0.99498826,0,34.12851,1.29946,11,,,,5250.0,11.679559
5702222062205468416,0.96593994,0,7.320373,0.5377219,20,1.043999,0.079832606,7.07397,4750.0,11.975142
5630132135657829376,1.0316422,0,22.787897,4.338073,39,,,,3800.0,14.931302
5662617820874266752,0.951404,0,-6.459863,0.20136946,17,-0.110332705,0.41707888,1.9981046,5750.0,10.307852
5665037712824205056,0.9884165,0,26.002722,0.28108954,13,3.0841467,6.4572654E-5,2.811079,5750.0,9.3332405
5700614541851864320,1.1255811,0,22.343622,0.3691413,21,0.6050686,0.1359133,5.6995983,4750.0,11.24019
5731325550875948800,1.0140308,0,6.766248,2.5414183,20,,,,3600.0,14.521216
5754571528789968896,0.8583579,0,-4.9428334,0.2709816,8,0.94514877,0.09849664,1.7955086,6500.0,8.500394
6020236348630252800,0.7643815,0,-16.15504,0.40318292,12,-1.7475828,0.9435821,3.9670582,5000.0,11.820833
5939444891390610816,0.8501184,0,-58.225082,0.68286675,12,1.0480056,0.097199574,7.207493,5000.0,11.445063
5872873276230335104,2.0030944,0,,,,,,,,11.291986
5872950173360900864,0.85314125,0,13.5513115,0.14563021,36,-1.487947,0.74373704,1.7610874,5250.0,9.97007
5909739660590724224,0.9841665,0,,,,,,,,15.893814
5912964459481346560,0.8875973,0,-20.337309,0.15403372,20,-1.0856903,0.7696461,1.4796791,6000.0,9.490735
5918893021868345856,0.82094026,0,-15.8266945,0.75420386,13,0.47552833,0.21977222,5.967182,4750.0,12.047408
5924087737571086464,1.0272092,0,-23.793568,0.4226887,17,-1.3581631,0.9605962,4.610552,3700.0,12.530232
5936138934839372544,1.161803,0,,,,,,,,15.719761
5787222832248879104,1.1846215,0,-3.380108,1.8503777,17,,,,3500.0,13.939427
5803618818362519552,0.95158225,0,-22.955553,0.18322372,19,0.75325584,0.06655034,2.0356598,5750.0,9.463321
5847607422432518784,1.659934,2,-11.533439,4.2990403,23,35.059826,0.0,57.089573,5000.0,12.060685
5501006658317182464,0.94155896,0,31.55635,0.3359743,19,1.6104759,0.029752623,4.152519,5250.0,10.745103
5501529682255531520,1.0420086,0,50.42241,1.5972499,18,,,,3600.0,13.89877
5536908251289972352,1.0008451,0,13.592256,0.73312545,14,-0.232173,0.52487785,6.811798,5000.0,12.163895
5547350695484574720,0.9612293,0,117.632195,1.3185415,24,,,,4500.0,13.017959
5559265690666326016,1.1307653,0,88.80927,0.12112136,17,,0.5795142,0.47024536,5750.0,5.391417
5597614629019505280,1.0112444,0,41.46438,0.24475907,25,-1.7311611,0.92234826,3.6061172,5500.0,11.192196
5634443664345544192,1.2272458,0,59.297665,1.800807,37,,,,3800.0,14.280187
5635670989900619648,0.94391507,0,10.705284,0.25683856,32,2.107862,0.0051950016,5.1513166,5500.0,10.636483
5724250880751513728,1.0520527,0,76.42119,3.100078,24,,,,3700.0,14.94716
5731369355247689984,1.1100849,0,30.195576,2.8418505,21,,,,4250.0,14.095332
5761215701462004608,0.92813605,0,13.979974,0.26213938,18,-0.29812256,0.50986826,3.3741379,5500.0,10.856461
6013974599850280448,0.83979267,2,,,,,,,,10.269403
5894194318558985984,0.8741907,0,5.0473666,1.6383104,6,3.289507,4.2937163E-4,8.280512,4750.0,10.305833
5894340038203367552,0.87595844,0,-1.8974648,0.2349213,9,-1.0216104,0.77155125,1.5769583,6250.0,9.556239
5863422660248930944,0.8770549,0,-36.946815,0.26706916,17,2.4129834,7.4490026E-4,2.852291,5250.0,9.89718
5935331721455231360,0.861643,0,-61.831097,0.7782396,13,-0.39145875,0.55644685,7.8104706,4750.0,12.332572
5872950173360899584,1.0056891,0,,,,,,,,17.08626
5909762269301963264,0.94434875,0,-6.546379,0.1188415,36,-1.0973002,0.5826741,0.73686266,5750.0,7.3628078
5923505473149245184,0.8495122,0,,,,,,,,9.742091
5777817334907633152,1.0733606,0,-21.131174,0.29869542,24,0.66821975,0.26677138,5.271145,6250.0,10.300514
5793368449419223936,0.97692263,0,1.6775745,0.33052978,18,2.3240676,0.0010419739,3.6517816,5750.0,9.589352
5800969407655752192,0.9380747,0,3.1245213,0.22443819,27,1.094633,0.08932463,2.7522795,5750.0,10.210443
5812221809660153856,1.0507424,0,-1.8818759,1.0649652,38,,,,3800.0,13.55068
5851393831243693056,0.9066692,0,-21.744629,0.8840834,22,3.9056158,3.6854605E-4,14.159744,4500.0,12.727679
5857713794073609856,0.8414037,0,10.842291,0.33223528,2,0.13350378,,,5750.0,9.639041
5528749638794834560,0.97735494,0,,,,,,,,15.702011
5498467164415043968,0.8455066,0,-10.248472,0.33170095,13,-0.6212895,0.6270064,2.9237146,5000.0,11.1940975
5510053165115297664,1.1574535,0,17.889887,3.7183852,17,,,,3900.0,14.3559
5535153125795107712,1.0719396,0,32.89,1.1266787,27,2.2347598,0.009140079,25.531025,4500.0,12.813556
5542415846778484608,1.0225168,0,,,,,,,,16.15475
5584977976242625024,0.92989767,0,-20.368252,0.2337471,27,-1.3531742,0.87837285,3.4448185,6000.0,10.732601
5627376342900150912,1.3309233,0,,,,,,,,9.711367
5645473277807106304,1.0576186,0,-12.242384,0.8990843,38,,,,4000.0,13.470613
5645906657186807680,1.1157175,0,-16.213934,3.4000337,29,,,,3400.0,15.072483
5651752515687994368,0.90535074,0,-3.871646,0.1942248,16,0.5304749,0.0949761,1.8956554,5000.0,9.570249
5669606007545424640,1.0128945,0,4.4685755,5.257314,9,,,,3800.0,14.20532
5709737567779452160,0.9848154,0,,,,,,,,8.9615135
5760731473964591104,1.0438585,0,-2.2843933,5.552507,11,,,,3600.0,14.841663
5764324742387466368,1.1318737,0,72.81975,1.2642659,14,-0.5586903,0.74850154,14.932571,3500.0,13.464411
5997293767212191360,1.2846771,0,,,,,,,,14.606684
6019808638613289600,1.0717156,0,-25.610975,6.686259,7,,,,3800.0,15.079027
5871660819837629440,0.93132544,0,54.83609,0.3753863,40,-0.24169828,0.39683658,7.0841064,4750.0,12.170412
6006402778668869248,1.2167225,0,3.9529364,2.6064897,16,,,,3800.0,14.186058
5863549520721166976,0.89041626,0,-5.92976,0.18609676,14,0.19302851,0.3257941,1.3686066,6000.0,9.459936
5848489269447363840,0.97613907,0,-52.33322,1.5242287,25,,,,4000.0,13.633458
5877031423068627456,0.90279955,0,5.932713,0.19910239,18,-0.16026452,0.46853575,2.009769,6250.0,9.746274
5877032075903678848,0.8474642,0,6.5263076,0.25577155,12,-0.36187163,0.55460054,2.1737957,6000.0,10.274102
5911018598770613248,1.0506223,0,-9.811013,3.1236863,33,,,,4000.0,14.036685
5923505443107948032,0.9577265,0,54.71611,6.226803,19,,,,3700.0,14.742503
5936144810355276416,1.0641483,0,-90.76918,4.324795,11,,,,3500.0,15.610292
5778545142886635776,0.95410275,0,-13.106624,0.1499879,13,-0.41554335,0.6056961,0.95111656,5750.0,8.983414
5786700564230935808,0.864974,0,,,,,,,,10.771263
5800969235854202496,0.8427228,0,3.550427,0.33375725,31,0.4506768,0.20676523,5.7240095,4750.0,11.570181
5805691771438504704,0.88286513,0,-3.0256178,0.6102291,22,-0.23912768,0.4516933,9.093085,5000.0,12.417499
5820741684751417216,1.0428156,0,-1.1029396,0.71172696,22,1.2326224,0.16862231,11.991211,4250.0,12.398496
5846816220742561024,1.0900438,0,-13.020306,4.3112617,15,,,,3700.0,15.351988
5856022367202698496,0.78728145,0,-34.58698,0.2750414,10,0.1051642,0.294281,2.0218964,5250.0,10.112345
5510053165115297536,0.8815757,0,21.352142,0.5040527,16,2.8367252,4.6690222E-4,5.8655567,5500.0,10.585035
5519204331680657536,0.9822301,0,3.8482063,6.9752173,19,18.368172,0.0,46.828316,4500.0,12.224461
5602066173656663424,0.92636967,0,26.258347,0.6265065,27,-0.71336764,0.58966523,11.12451,4750.0,12.487489
5602746943141002624,0.9901432,0,1.760287,1.3542389,21,,,,4500.0,13.225939
5626020065250131328,1.1434515,0,16.36526,0.47040656,21,1.1781441,0.097625144,7.210064,5750.0,11.031592
5630132135657829888,1.0388018,0,20.200302,2.388888,46,,,,3600.0,14.614524
5634443664345543936,1.036088,0,60.730427,2.849418,32,,,,3700.0,14.796415
5712673435634313984,1.1546906,0,45.453026,0.5426064,9,0.5209267,0.5215723,2.9060173,4000.0,11.9071045
5725503293214289280,0.9246911,0,,,,,,,,13.552998
5760731473964591232,1.012494,0,-1.4338757,0.85093915,14,-1.0839181,0.9481151,9.7261715,3900.0,13.274157
5764325296439105024,0.97254896,0,72.89561,0.17130047,10,-0.09908753,0.33179834,0.97021484,5000.0,9.576191
5957366170678050944,0.93684083,0,,,,,,,,13.362234
5971800563642266496,0.90279126,0,-54.449398,2.7164576,10,3.4012449,1.8223126E-4,24.775227,4500.0,13.30062
5995628939124860928,1.0219216,0,-37.599583,2.6968555,18,,,,3800.0,14.094076
5995721396869930880,0.93878925,0,-55.350876,0.13175222,17,0.79021996,0.060355414,0.9141121,5750.0,7.2232814
5984152305488076160,1.0047913,0,-12.786561,2.1436934,37,,,,3600.0,14.697014
5991769859491337600,1.8084209,0,-18.053051,0.7426528,11,0.49399313,0.32393423,6.527009,5000.0,11.967076
5825134302452900480,1.0113232,0,67.162834,4.2759604,20,,,,4000.0,15.114993
5920369910808997760,1.1071868,0,-27.52396,0.3500398,14,-1.3240271,0.87875193,3.6160202,4000.0,11.452168
5818044273501926784,1.3585632,0,-10.29077,0.26557562,31,-0.81628704,0.82055324,4.7685,5250.0,11.686422
5827789038899304192,1.0162324,0,4.7900424,3.8002784,32,,,,3700.0,15.256892
5852384392517322880,1.0052494,2,4.4364023,10.376221,11,39.874535,0.0,76.501595,5750.0,11.0952835
5532294739163069440,0.9393296,0,-2.2008715,0.33016825,14,1.834402,0.009213519,3.8029764,5000.0,10.225967
5493759635445496192,1.095767,0,57.139862,1.362851,15,,,,4250.0,13.225953
5501529682255531648,1.0046725,0,53.55615,3.61394,13,,,,3500.0,15.5383835
5550922012318436096,0.9748388,0,7.12545,1.0508268,21,,,,4500.0,13.147576
5551709606241923200,0.9443067,0,,,,,,,,16.649107
5558589903332206208,0.9732522,0,27.776747,3.3304913,20,,,,3800.0,14.582885
5588587050141489792,1.534865,0,,,,,,,,9.122958
5601383067692439680,0.9488347,0,52.1372,0.5100685,32,1.8502907,0.020350898,9.463505,5000.0,11.775249
5612659693308444544,1.0533274,0,31.399502,4.047373,23,,,,3400.0,14.920092
5615443416232706304,0.97173786,0,8.70249,1.2037677,40,,,,4250.0,13.592562
5626020065245667456,1.3243257,0,16.51953,0.7335805,22,0.26479042,0.2504972,12.309067,5500.0,12.232934
5694088115715904512,1.020522,0,58.523132,3.080161,33,,,,3700.0,15.247932
5698256604808368512,1.1592387,0,28.435688,0.3117948,23,5.308801,6.067369E-12,4.607727,5750.0,8.789872
5741345125461459200,0.92896926,0,14.433442,0.17359363,19,-0.15495904,0.35628727,1.8069344,6000.0,9.387691
5753879558017323776,1.059829,0,18.891212,27.248594,18,54.39155,0.0,373.8514,3700.0,13.247695
5956875930281826304,1.1116753,0,-19.923653,3.38057,14,,,,3800.0,14.41521
5894194348576228992,1.0386672,0,4.849385,3.633934,10,7.0088506,3.6468606E-12,33.986294,4000.0,12.395319
5904444717524851840,1.028998,0,10.0232525,0.6958382,12,0.025302194,0.5500362,6.3748603,4000.0,12.032128
5832016351911434752,0.9188768,0,-31.431623,0.39808202,8,,,,5750.0,9.735095
5983063479721274880,1.2383105,0,4.6076546,0.5642903,20,3.9456804,3.3020413E-5,7.7478595,4250.0,11.504849
5848488341733469184,0.96342623,0,-13.619882,0.14497702,14,-0.42067975,0.4134587,0.9206295,5750.0,8.445062
5865580318697980160,1.0471785,0,13.470808,4.795733,20,,,,3400.0,14.7114725
5867659014159733376,1.0854739,0,18.31935,3.3034627,13,6.2579007,3.9429313E-9,38.011314,4500.0,13.172848
5915457224155277952,1.1085247,0,-19.209188,1.9757512,19,,,,3800.0,13.795138
5925195117603174144,0.9798621,0,,,,,,,,15.400866
5948242736753347072,0.93700916,0,4.783372,0.16733359,24,0.30311954,0.122483514,2.1161714,6750.0,7.9979596
5772753808982845056,0.9844346,0,31.612844,0.48161086,19,-0.06416988,0.5835949,5.870592,4500.0,12.096359
5778208829765877376,0.8793365,0,-13.905171,0.3557761,13,0.5605315,0.29832318,3.0311708,5750.0,10.23107
5786700564230935936,1.2445854,0,25.86205,0.65510935,9,-0.08240832,0.60630465,4.676466,4000.0,12.1778145
5525562944860291456,1.009788,0,-3.272196,2.4245262,24,,,,3900.0,14.292662
5535153160154839296,1.03375,0,33.195576,3.3752167,25,,,,3900.0,14.694886
5566879533809792640,1.3216914,0,0.19009198,0.5963162,24,-0.23579597,0.59118253,9.025077,3600.0,12.757923
5559265690666327168,0.77060956,0,88.55205,0.12184506,19,-0.33149233,0.3765677,0.7525635,5250.0,6.653335
5578419836059130240,0.9719698,0,0.89163744,2.3649583,15,,,,3900.0,13.802573
5642739960617955200,1.0277113,0,,,,,,,,15.553319
5646797188580255360,1.1327761,0,15.623747,0.12487309,39,-0.4127348,0.24177375,1.2745609,6250.0,7.98957
5654789542899168896,1.0994198,0,14.122533,1.812393,22,,,,3700.0,14.014431
5631420552825544704,0.9753104,0,23.62794,0.40588406,30,-1.4688282,0.91675097,8.175907,4500.0,12.149231
5679513127001268096,1.008844,0,-0.35975572,6.010285,18,,,,3900.0,15.075991
5705600650982617216,1.0432456,0,35.47977,0.24873517,27,-1.3376524,0.8397183,3.5580711,5500.0,11.186178
5712673641791603968,1.0233064,0,45.031002,0.118829936,27,-1.2975426,0.74145854,0.5663223,6000.0,6.4126964
5957473716655911680,0.87456286,0,,,,,,,,8.78881
5887870202557795456,0.87484336,0,-15.5186615,0.62339437,11,0.18068214,0.3704707,4.734125,5250.0,11.451923
5906169816915514880,1.0166527,0,20.56655,0.9451492,11,-0.6728462,0.73946136,9.455136,5250.0,12.262597
5832016283191950336,0.831978,0,-30.997786,0.12843694,21,-0.6175878,0.42316833,0.6864815,5000.0,8.495974
5951435924706326656,1.2837977,0,,,,,,,,9.062379
5848489303807109888,0.9301258,0,-53.402565,0.67096806,28,0.3162275,0.33500096,11.763451,4500.0,12.527021
5913476453940146560,1.0144104,0,49.174652,6.804942,15,,,,3200.0,15.267052
5778208829765876864,1.3470355,0,-13.721169,0.22563615,18,0.37329522,0.20180172,2.5707808,5750.0,9.958692
5781145109929381376,0.9916572,2,,,,,,,,9.536174
5785383211858581760,1.2452254,0,,,,,,,,10.963613
5805691775742046848,1.1202585,0,-2.8407319,4.0468626,18,,,,5500.0,14.223761
5815936922019869184,1.2160294,0,43.767136,1.0699573,40,,,,4500.0,13.429437
5846754549332481920,1.0956796,0,52.143055,0.31504264,5,-1.7434229,0.94646156,1.2825966,5000.0,10.530619
5858568492598793984,1.366419,0,,,,,,,,9.499108
5859434525421100928,0.9358876,0,4.196486,1.2952831,13,2.546048,0.03773889,11.069411,4500.0,12.76754
5487568255406364928,0.97507215,0,-13.227123,0.24971507,15,2.5532517,1.7283479E-4,2.530446,6250.0,8.41158
5504053198881986560,0.8817809,0,30.240242,1.1418265,14,9.69276,0.0,11.281223,6250.0,8.75274
5551709606241923840,1.0472283,0,22.702494,4.84153,17,,,,3400.0,15.289063
5566892315632568704,1.0061412,0,0.6137401,0.1364943,20,1.2644941,0.012868913,0.98551005,6500.0,6.735348
5579734508367308416,1.0405151,0,37.37428,2.197215,18,,,,3700.0,14.1218605
5601383235185817856,0.89670557,0,51.173798,0.42377833,31,-0.38361385,0.47824696,7.9481354,4750.0,11.968841
5601507827904049920,1.2161489,0,29.557623,3.3624144,24,7.1678257,0.11797756,23.505161,3500.0,13.726434
5693550591965091712,1.0376077,0,-2.820984,1.4351975,32,,,,3800.0,14.033299
5715307247017260800,0.9815284,0,56.76784,0.17264596,10,-0.24143864,0.41238523,0.9493675,5750.0,9.235284
5635672231149906304,1.0337403,0,11.09728,0.64518845,25,1.0809993,0.120108485,11.063677,4500.0,12.455369
5663679025689995776,0.981712,0,50.747807,0.16446352,15,1.1249946,0.037248205,1.3386116,6500.0,7.814499
5669606007542891008,1.027094,0,2.6406312,0.8665791,9,-0.4182155,0.64477223,6.311012,5000.0,12.063264
5677955703140252032,1.0517346,0,-5.1166325,4.9871707,16,,,,3400.0,15.481291
5683412162737326336,0.9140009,0,8.705026,0.22348458,7,-0.91675466,0.7413515,1.0511103,5000.0,10.0424185
5709737494764835328,1.1397359,0,16.949516,5.6037884,15,,,,3400.0,14.167474
5742913093466420224,0.83437234,0,-9.731784,0.40692,22,1.0832381,0.085332684,6.274347,6000.0,10.500543
5966256070086391680,0.96967345,0,,,,,,,,16.04451
5956876102080518528,0.86601603,0,-18.269855,0.6275877,21,-1.4157916,0.913923,7.4087086,4500.0,12.8643875
5932476289859340544,0.91509175,0,0.14693774,0.30874896,22,-0.5052101,0.5014013,4.591668,3700.0,11.803133
5939443581388880000,0.84806246,0,-58.0526,0.7632827,15,0.37128392,0.26876956,8.05724,4750.0,12.075101
5833445029827817344,1.0693526,0,,,,,,,,16.128462
5878151413096979200,0.91161513,0,-11.91706,0.19006535,26,-0.9735587,0.9062712,2.7643862,6500.0,10.035552
5917865219019365760,1.0269114,0,,,,,,,,16.255894
5918892609552054912,0.9642677,0,-16.31596,3.9610426,11,,,,3500.0,14.340306
5928191870934788224,1.2555565,0,2.2283647,4.05525,15,,,,3400.0,14.502982
5949637291126310528,0.78511566,0,-8.529304,0.9170488,10,,,,4500.0,11.956416
5949637295465130496,0.9264999,0,-7.1252556,0.87800753,14,0.65970373,0.41390923,8.544403,4500.0,12.462305
5772730341281537280,1.1249069,0,32.598995,4.7587605,17,,,,3700.0,14.744232
5778589776186229376,1.1742238,0,-49.39561,0.68505806,28,-0.11255986,0.58315474,11.397194,3700.0,12.781997
5790357471187054720,1.1054581,0,59.410023,2.9855793,18,,,,3900.0,14.256653
5827976780508863872,1.0176203,0,-1.421143,1.669398,40,,,,3900.0,14.1065445
5855928530751779968,1.1790272,0,,,,,,,,15.925403
5520641702616961280,1.0609677,0,8.536385,1.1314516,17,2.3521824,0.018174715,15.513505,4500.0,12.936843
5528749535715623936,1.1000831,0,-15.160436,3.5668926,17,,,,3400.0,14.458174
5621056457447479296,1.1441728,0,19.548477,0.38712212,27,1.7467974,0.030858936,6.2596836,5500.0,11.409516
5503239418541534976,0.9597948,0,43.49285,0.21579526,16,-1.7029465,0.9435046,2.1210747,6250.0,10.321927
5555826143416224000,1.001859,0,,,,,,,,15.995909
5558590178210113408,0.94674665,0,32.231384,3.200379,22,,,,3800.0,14.529429
6135975237537897984,0.96290994,0,28.228489,0.7035467,26,0.6777577,0.12232614,15.813208,4750.0,12.371144
6147937516029209728,0.95047486,0,28.703716,0.2047992,29,1.9302454,0.0037162828,3.622858,4500.0,10.629819
6179026550900327040,1.1224228,0,-14.485534,0.8314605,17,-0.12919077,0.5222278,10.196518,4500.0,12.670287
6212498845949308288,0.85165125,0,-12.703328,0.27232996,5,-0.71018434,0.74333537,1.133976,5250.0,10.574623
6295491529797409536,1.1660686,0,-28.41756,1.801277,10,,,,3600.0,13.711915
6024734145769586304,1.1225629,0,24.592426,2.4153116,14,,,,3700.0,14.135639
6088101440414573184,1.3131818,0,61.815914,2.4898875,9,,,,3300.0,14.172836
6342268877613307008,1.1372852,0,-2.231405,0.44453898,14,1.9668902,0.012359495,4.281995,5750.0,10.529634
6342887902659318784,1.0370634,0,-5.489696,4.7410884,16,,,,3800.0,14.932875
6348657448190304512,1.0742906,0,-13.767541,0.47625044,22,-0.8378518,0.68763536,7.3850546,4750.0,12.105347
6372164976728912256,1.1308016,0,21.400211,0.25172606,25,-0.6069188,0.6161244,3.9527779,5750.0,10.381629
6408243423569585792,1.0216494,0,12.200786,2.7966092,36,,,,5500.0,14.594055
6444664265204037632,1.0986893,0,,,,,,,,15.265975
6492858849145677568,1.0455015,0,6.8824472,0.28888622,36,-2.2889984,0.9712691,4.980182,4750.0,12.073279
6510442445255678208,0.9686781,0,56.849586,0.17532168,27,-0.08870185,0.23291329,2.2833328,5250.0,9.746925
6548266229365753728,0.94605726,0,29.437586,0.19526637,12,0.3190959,0.21214263,1.1915722,6000.0,9.217713
6548313130408628224,1.0598757,0,30.47204,0.91579443,13,-0.62057483,0.74125075,8.664103,4500.0,13.225271
6143946220101631360,1.1905757,0,-11.90854,1.0531545,38,3.931486,9.8725475E-5,27.453077,3700.0,12.937226
6211071782933588096,0.93708676,0,-50.543453,5.1076055,11,,,,3500.0,15.302761
6023277292867413504,1.0088613,0,11.866644,4.5049944,11,,,,3500.0,14.693195
6064271106455543808,0.93138814,0,-9.277298,0.18773654,32,0.6133513,0.14244522,3.1223588,6000.0,9.861721
6088591685162571648,1.0799187,0,15.358533,4.3054004,12,,,,3400.0,15.359752
6094570726315202688,1.0535535,0,15.721483,5.5100484,12,,,,3500.0,15.379189
6127080983046143360,1.0994759,0,30.889635,1.6812772,24,,,,3600.0,14.421145
6127104485107381504,0.98393553,0,8.961928,0.13812621,22,-1.0983644,0.73302215,1.3087778,5750.0,9.519662
6361264899487667328,1.1848507,0,-10.56505,3.391115,15,,,,3400.0,14.303495
6364544497858391808,1.0498737,0,2.7211547,1.2749687,25,2.4905505,0.015648399,23.69257,3800.0,13.313374
6364795156447667712,0.9497857,0,7.5170794,0.19891202,12,-1.1294276,0.76704854,1.5748959,5750.0,9.649465
6372112818646130176,0.95122135,0,-14.250167,0.98880106,17,1.1950674,0.38875857,10.470068,4500.0,12.943047
6387518076062400384,1.0995584,0,25.021725,2.595979,21,,,,3600.0,14.419661
6407870001933425664,1.0274357,0,25.884785,2.8779614,50,,,,3900.0,14.791571
6420788984386224256,1.2408222,0,69.99344,0.62722015,31,-1.4930652,0.99794424,11.477604,3600.0,12.876516
6438834723273565312,1.4889144,0,10.244909,2.0979588,16,,,,4500.0,13.968617
6443251186603336704,1.449747,0,15.499403,2.531273,13,,,,4250.0,14.170653
6476191111862308096,1.1009909,0,2.95028,2.4189947,17,,,,3700.0,14.148478
6492858849145677824,1.0767499,0,5.4806643,4.139519,29,,,,3600.0,15.228996
6560556845219746176,0.85771614,0,-7.4755344,0.20273636,18,0.37239438,0.17086913,2.201365,6000.0,9.321908
6562582828536563328,0.8350466,0,-31.477755,0.20249507,38,0.8051189,0.045994204,3.4764748,5250.0,10.245615
6548729295559709952,0.9628493,0,57.345818,4.3672967,11,,,,3600.0,15.125116
6172757509259191424,1.3004869,0,-2.2815378,1.4672493,6,0.49150327,0.36657372,6.7689643,3700.0,12.651151
6192136371634846464,1.440771,0,-56.543327,4.228663,12,,,,3400.0,14.546476
6234448087335108096,1.0372145,0,-26.268553,2.0449445,18,,,,3800.0,13.842442
6331038908226539904,1.2221944,0,-19.94764,0.2698308,8,-2.010218,0.95453155,1.6285496,3800.0,11.205302
6068112250305110016,0.9098345,0,-16.739594,0.14972562,21,0.21484014,0.16865748,1.2208138,6000.0,8.869721
6347160055089296384,0.8840329,0,68.09416,0.20668878,12,-0.118662424,0.35961753,1.6851425,6000.0,9.209615
6364795156447668736,0.9788758,0,7.0753546,0.24672163,10,1.6443539,0.032359976,1.5861745,5750.0,9.337265
6366889416860265728,1.0978711,0,55.462784,1.3318774,36,,,,4250.0,13.553807
6381001163268950528,1.0924526,0,1.2861884,0.23684515,10,0.18489017,0.3307372,1.650751,6000.0,9.513977
6389618143271680384,1.0928044,0,8.488741,0.17577286,26,-3.396265,0.99892294,1.9427066,4750.0,11.255045
6392119360426046848,0.88412887,0,11.414778,0.29214507,20,-0.09703818,0.47400358,3.4715185,5250.0,10.973708
6409197249907216128,5.2206516,3,-24.208794,0.4394531,29,22.482042,0.0,8.881447,5250.0,9.2907295
6410382008044978688,1.0912445,0,-2.272089,1.7535186,25,,,,3900.0,13.894115
6422015322107376512,1.1654115,0,-22.79526,2.4599805,41,,,,3500.0,14.919891
6442594022247265664,0.9413765,0,29.06826,0.19392173,22,0.21424247,0.19829684,2.4775543,5500.0,9.737657
6445628639980995968,1.1028141,0,-12.002515,5.896805,17,,,,3400.0,15.113469
6458951765971500672,0.959904,0,36.903633,0.124289714,27,-0.30480787,0.21902342,0.84477615,6500.0,6.3742285
6471977336628547968,1.1004362,0,15.668738,0.20044947,11,-1.1136053,0.7433142,1.6695518,5250.0,9.866712
6517234059860505216,1.0481032,0,-27.801538,1.2219203,24,,,,4500.0,13.233118
6135976719304374912,0.9943941,0,27.580914,2.4879248,28,,,,4250.0,14.321225
6138862039676783872,1.0384636,0,-7.1413636,0.28484416,24,0.66650605,0.118223935,4.180839,5000.0,11.040856
6139373282518656640,1.087726,0,6.4959664,5.9833884,17,,,,3500.0,15.445118
6157179284919856512,0.982395,0,4.1788287,0.3641882,23,-0.8395411,0.76846933,6.118751,5500.0,11.547466
6170070886956139008,1.0839589,0,3.3033552,0.5760489,14,0.7694676,0.27556726,5.7198553,4500.0,12.233273
6173236900625487616,1.320044,0,-9.152508,0.87919664,13,-1.1427022,0.885318,9.226175,3600.0,13.149503
6193279279612173952,1.1764324,0,-13.491849,0.1444625,18,1.5848978,0.012118406,1.1508303,5000.0,8.467946
6193280031230266752,1.1787175,0,-12.211414,0.12754676,15,-1.3523444,0.7764318,0.7282028,5000.0,8.515944
6216199527210447488,1.3706667,0,0.16296677,3.6721199,12,6.604502,2.220446E-16,31.806776,3300.0,13.588049
6217519250407676032,1.16998,0,,,,,,,,14.553241
6221677259776777984,1.532633,0,-2.1643932,0.83545583,10,-0.47150835,0.7044561,6.952922,3800.0,12.455861
6247121745549664512,1.0607896,0,,,,,,,,12.330441
6260165183273711872,1.5316768,0,-18.650745,0.5371132,13,-0.30203605,0.5625226,5.5179005,3800.0,12.219104
6072773286261278080,1.0797864,0,47.032455,1.5581999,24,,,,3900.0,13.658356
6366021313774792448,1.1549718,0,37.25074,1.4846194,22,,,,4500.0,13.4472885
6387649708219253248,0.9737568,0,,,,,,,,13.571223
6406539902100896640,1.082111,0,15.485743,1.5677787,31,,,,4500.0,13.891254
6407120822197420288,1.0611827,0,-43.41519,8.771676,24,,,,5500.0,15.412125
6423749973496648192,1.0973812,0,-49.28996,0.97249603,36,,,,4500.0,13.306512
6432270845017238656,1.2898699,0,-15.004754,5.4337955,33,,,,3600.0,14.386382
6432810808307796352,1.2012407,2,16.018003,1.2661462,22,31.987705,0.0,14.53955,6000.0,9.966597
6446325519897388800,0.9993035,0,9.077842,3.8634624,29,,,,3500.0,15.371682
6446325524194869376,1.342026,0,5.6157556,0.38064605,33,-2.0664775,0.9927805,7.4364977,4250.0,12.328556
6470141324008820736,1.118109,0,,,,,,,,13.453281
6499092118002552192,1.006479,0,11.027987,0.12277295,46,-1.237101,0.49910125,1.3020163,6750.0,6.834036
6121884588007498624,1.1251326,0,-13.829606,5.806673,8,,,,3900.0,14.418672
6149510534914050432,1.0017442,0,-0.6216243,0.47112563,30,-0.2988863,0.64024115,8.993104,4500.0,12.563084
6172757509259191296,1.268168,0,0.15780577,1.2425793,10,0.615267,0.34018967,11.997551,4000.0,12.62916
6288413183175704960,1.2952858,0,46.879566,0.3223413,6,-2.6365452,0.9736712,1.355526,3300.0,12.302676
6247121745556571776,1.0208768,0,-21.617058,0.20094737,9,0.23843154,0.23852116,1.2033329,5500.0,9.021478
6082617591804976512,1.4272752,0,,,,,,,,13.504256
6127952586527779200,1.0816791,0,-43.432423,2.12551,16,,,,3600.0,13.952046
6134715682551295104,1.0726349,0,42.573116,1.2733763,22,,,,4500.0,13.137904
6052841305149289600,1.081024,0,-6.327378,2.3277125,12,,,,3600.0,13.795448
6052841476947971456,0.99354583,0,-2.2571201,2.5943673,14,,,,3800.0,14.030631
6348780597787682176,1.4576669,0,-9.944282,0.6927419,14,-1.8281599,0.9784741,6.358575,3900.0,13.400613
6369544118965772416,1.1768312,0,-11.00263,0.12329576,21,0.27654842,0.266237,0.77467155,6000.0,6.342613
6383960228233695488,1.195173,0,-26.955233,1.576569,23,,,,3700.0,13.809852
6433472645586661632,1.0330788,0,-7.138431,6.142859,41,43.573345,0.0,68.81814,4500.0,12.8627
6441796429641060480,1.1026328,0,,,,,,,,15.362703
6495299764959269632,1.1051611,0,-0.9601728,0.89741105,39,1.0477256,0.19574837,23.927498,3600.0,13.566399
6495685556101618304,1.0366135,0,19.928152,0.18344492,24,0.34694222,0.1039191,2.0469131,5500.0,9.58589
6502041729743309056,1.0158858,0,-23.113762,0.22463694,22,-1.0033951,0.8668107,2.4577694,5500.0,10.515944
6502936796630887552,1.3775995,0,-12.590553,0.4155929,35,-1.2171606,0.9281877,8.520369,4000.0,12.332431
6560534167792387840,0.88847,0,-21.671093,0.18963298,18,-0.4490439,0.42017767,1.7889977,5250.0,9.942195
6560556840924977280,1.1548355,0,-9.385216,1.7621585,21,,,,4250.0,13.61337
6114074378961056768,1.0182599,0,3.6583724,0.35912108,9,-1.9176166,0.9754748,2.4975643,5000.0,12.202618
6119795820857618176,1.3096367,0,-20.403675,0.82013816,11,-0.6485233,0.8380765,6.1511097,3800.0,13.270627
6139614213005912704,0.9908473,0,5.7755156,0.23324543,17,0.42983964,0.23127893,2.3740745,6000.0,9.935409
6153661229964301312,1.0668746,0,19.789753,6.322124,15,,,,3300.0,15.337287
6186005082480480000,1.097922,0,35.623913,2.7556033,11,,,,3600.0,14.363506
6186005082481386880,1.1277406,0,38.781124,2.6958458,10,4.1287146,4.869672E-5,20.41435,4000.0,13.223652
6196592211225671552,1.0057746,0,-16.797148,0.14483686,15,0.04080926,0.4221591,0.87999916,5500.0,8.852385
6228695270698475392,1.0880053,0,-34.861897,0.30341375,10,0.9155478,0.0693757,2.3656502,4000.0,10.795381
6307365499463905536,1.2100414,0,311.0837,0.192397,8,-0.17065966,0.43120614,1.0646362,4750.0,9.156363
6088590688730144768,1.2319674,0,15.484204,0.21206738,12,0.39727646,0.14505212,1.9524918,5500.0,9.430867
6094570726315200384,0.94829965,0,15.167813,0.30914572,17,2.079042,0.0043879817,3.1943521,5500.0,10.334073
6125818400102398464,1.115251,0,27.94829,3.345805,22,,,,3500.0,15.6279745
6127080983046143616,1.0411454,0,,,,,,,,16.136545
6433472611226924160,1.0335058,0,-8.980515,4.589966,38,,,,3800.0,14.889748
6447718467987494784,1.0758072,0,-10.924674,0.27707818,21,0.77229595,0.117381275,3.4121761,4500.0,10.827879
6490447895023858176,0.93898326,0,10.277592,0.19568096,27,0.20915899,0.19153312,2.6080647,5000.0,10.504225
6495685556101617920,1.0868307,0,16.874462,1.9181423,24,,,,4250.0,13.730792
6497817921465196544,1.1799449,0,-7.6737604,0.7468564,39,-0.15771246,0.9068039,16.343506,3800.0,13.007255
6499846520418320896,2.7131724,0,-45.523212,0.35574213,48,-1.8315946,0.98600477,8.289738,4250.0,12.407212
6522873111403179392,1.0773354,0,-27.68165,0.32778743,32,-0.31804734,0.5207605,6.542925,5750.0,10.7770815
6539612969780885888,1.0791026,0,-16.171135,2.3580675,31,,,,3800.0,14.110434
6569337201483579520,0.9945592,0,7.1550064,0.13509972,20,-2.0415642,0.9221052,1.1582408,6500.0,8.364716
6119795820856297088,1.1217188,0,-21.360458,1.2022476,13,0.64372486,0.29227987,10.714899,3700.0,12.7758255
6124162947899072128,1.2025269,0,-14.790961,2.0401127,8,,,,3900.0,13.437108
6139385102270551680,3.3766422,1,-2.8834414,0.22609137,31,0.05723814,0.3879352,4.1352005,4250.0,11.236377
6202657667123670528,1.3199197,0,25.103022,0.59887743,13,-0.36404508,0.64882815,5.2978706,3600.0,12.581697
6330135010884994304,1.2729113,0,48.709476,2.1295772,9,,,,3300.0,13.690977
6334173517093777408,1.1012886,0,-55.869564,0.26141408,11,0.93648237,0.086922556,1.750824,5500.0,10.090578
6268962204008586624,1.1676172,0,-34.031033,5.9025,11,,,,3400.0,15.65551
6307702156180234880,1.0715063,0,39.279247,0.5792866,12,1.2295005,0.08145386,5.080742,4750.0,11.284471
6065108247103154176,1.0386277,0,-17.05665,1.6955478,21,,,,4500.0,13.575484
6067650970822131584,0.90674865,0,12.874445,0.6549204,23,3.0551264,2.0825432E-4,11.306828,4500.0,11.328326
6067650970822132224,0.9878599,0,12.392473,1.2928573,18,9.852234,0.0,15.084769,5250.0,10.19601
6077937211334867840,1.202751,0,11.746326,1.9186453,28,,,,3800.0,14.297793
6342887937019680256,1.0407193,0,-6.291561,0.3186556,18,2.3655636,0.0022115393,4.577023,5500.0,10.319591
6390420786759711872,1.1724758,0,-36.070156,2.0084937,21,,,,3700.0,14.202829
6403098739944505728,1.0758046,0,16.484201,0.17140569,36,0.92322826,0.061852604,2.6820974,6250.0,9.552441
6409220477088273920,1.8599763,0,,,,,,,,15.319124
6437583719561486592,1.2172835,0,60.99829,0.1929268,24,2.5450592,1.2425114E-4,2.649868,5000.0,9.644467
6495413117736206592,1.0544864,0,18.847628,2.6670883,26,,,,3900.0,14.448232
6498275868058008576,0.93591386,0,34.31922,0.16267242,42,1.0052255,0.011585554,2.7938728,5250.0,9.720383
6520844615533061504,0.8851773,0,-47.916252,0.121145636,58,1.2142991,0.0037830775,1.202507,6250.0,6.6335616
6520846745836880128,1.0518279,0,,,,,,,,15.969746
6580575752209822208,1.5673069,0,,,,,,,,12.276979
6548729295559250176,5.75771,0,59.005386,0.3566076,5,-1.1371516,0.86707413,1.541317,3900.0,11.88686
6585313861347844480,1.1289638,0,2.1204672,4.396381,16,,,,3300.0,14.869466
6156999931381637760,0.9598771,0,30.668625,0.2337225,19,-1.6707222,0.9863294,1.7202549,4250.0,10.692404
6200305227637433728,1.0908946,0,-0.18239301,0.51147383,10,0.6165316,0.20710304,3.4595923,4500.0,11.600808
6200305227637434496,1.2535437,0,58.600727,10.414277,8,,,,3400.0,14.599513
6320821460203448192,1.0294248,0,,,,,,,,13.781093
6063030406335225088,0.7675189,0,9.671602,0.44868118,22,4.0023923,1.442589E-5,6.3645067,5500.0,10.4620695
6076080033122502528,0.93181294,0,19.83339,5.0011077,9,13.121812,0.0,36.5887,5750.0,10.227666
6081540826332813568,1.122943,0,9.911257,2.6518834,35,,,,3700.0,14.642227
6105302097239444736,1.1788956,0,19.525288,1.5334836,16,,,,3700.0,13.782183
6127104480805632384,1.1972249,0,12.4463005,4.881455,23,,,,3700.0,14.572651
6135613085897180928,0.9680118,0,41.26498,0.4124567,18,0.5818004,0.17053188,4.6250305,4750.0,11.6039095
6198234434926381568,0.9114113,0,-81.40945,0.56324226,11,0.93744564,0.22101519,4.685013,4750.0,11.696863
6059605809913316608,0.91822004,0,6.233611,0.37832853,9,,,,5750.0,9.816738
6361264899487667200,1.1924644,0,-4.806175,4.1032305,18,,,,3300.0,14.425397
6364782305905334144,0.9865205,0,,,,,,,,16.007996
6364868205251189888,1.0764854,0,41.599323,0.9335517,21,0.5495785,0.24977249,13.976402,4500.0,13.015355
6405676029558838016,1.0477916,0,-4.635573,2.5633748,21,,,,3300.0,14.71223
6420789023043900800,1.0163457,0,70.09089,0.15689112,18,0.6610779,0.050818328,1.4255447,5000.0,9.000388
6432270879376975232,0.8128505,0,0.27457428,0.41131714,24,2.1998801,0.0025695672,5.649331,5750.0,10.035436
6479179515747281024,1.1258147,0,11.824822,1.6430066,20,,,,3300.0,13.943665
6497817921465196416,1.0867237,0,,,,,,,,15.056304
6498278926074726144,1.4412404,0,34.96243,0.32658684,40,0.5637103,0.29662994,6.917137,4250.0,11.71512
6502094643740783104,1.0427794,0,30.777435,1.1070138,40,,,,4250.0,13.293324
6505125241383596032,1.0969386,0,12.910288,0.7638581,20,0.038210552,0.63680834,11.083948,4000.0,12.509715
6564071502858215552,1.0837216,0,-26.526285,1.4192377,39,,,,3400.0,14.087363
6580575550348078848,1.3959985,0,35.33072,0.524244,23,1.8175423,0.01766005,9.65324,5250.0,11.679184
6589294127801588864,1.0262086,0,-24.837395,1.7738929,27,,,,4500.0,13.735623
6191171820763220480,1.00677,0,16.819662,0.20275225,10,0.8031678,0.07257067,1.3961267,5250.0,9.417176
6193644523630152704,1.1225452,0,27.761654,0.2459014,21,-0.568106,0.54316235,3.4707203,5000.0,10.948065
6212498845949308160,1.2026029,0,-12.128475,0.45785433,5,,,,5500.0,9.784635
6219085195472258944,1.0361155,0,,,,,,,,8.738901
6239150217533125760,1.141373,0,7.2335167,0.19316936,8,-1.0089115,0.7732012,1.0545306,5750.0,9.425286
6303887602450035328,0.9796243,0,4.8181624,0.41479188,4,0.3474046,0.26244372,1.4214115,5000.0,10.228463
6026027613822220800,1.1745996,0,81.72652,0.80156034,14,-1.4272316,0.9351202,8.0011215,3600.0,13.429397
6048470230983932288,1.4844253,0,-64.05722,2.578536,16,,,,3700.0,14.121539
6265051069352436608,1.0489902,0,13.803398,1.6284841,13,1.3923819,0.09136343,17.315289,4500.0,12.841037
6059584403780778240,1.0732023,0,3.2221203,0.3060105,26,-1.5864701,0.83493143,4.5351605,3500.0,12.063248
6061044757056096128,0.97949326,0,-7.401979,0.69103307,30,0.43737903,0.33544978,11.959616,4500.0,12.800469
6099885421925112192,1.07805,0,-35.939407,5.975381,7,,,,3400.0,15.763247
6349607155655413888,1.0423757,0,9.924905,3.926571,20,,,,3800.0,14.796808
6358927234687753088,1.3147395,0,8.884107,1.3505869,23,2.9239447,0.0032273303,21.611387,3600.0,13.527983
6366889584363104896,0.93521476,0,56.654568,0.5892728,31,0.5235912,0.27500364,12.309311,4500.0,12.355074
6425341825815417088,1.0404794,0,1.0083821,2.3683615,39,,,,3700.0,15.003345
6437583719557837696,1.0566452,0,61.601196,2.2366483,20,4.494471,0.8098723,14.983131,3600.0,13.347144
6447718261829058816,1.0510484,0,-11.20267,0.22479701,15,-0.5928193,0.513165,2.4248724,5250.0,10.0144
6478789670155308800,1.2235512,0,38.020397,0.36329907,26,-1.727902,0.96484756,5.325737,3800.0,12.428118
6553312472341029760,1.3050209,0,-9.850146,0.3567151,5,0.75670177,0.19632258,1.4707117,6000.0,9.026865
6121884794165929088,1.2451155,0,-19.60853,0.38825873,7,0.49340376,0.28685075,2.1063004,6250.0,9.3596115
6139567208883816448,1.0302138,0,4.7690635,2.6374505,16,,,,3800.0,14.154769
6220186047131560192,1.1043371,0,-43.016285,3.5756326,7,,,,3500.0,14.276179
6235730255336055808,1.0413007,0,7.401716,0.35588112,21,1.9740874,0.04950877,4.1224194,5500.0,10.967206
6275881155801307136,1.0430893,0,7.1865525,0.59311044,9,0.7907124,0.16017526,4.776805,5000.0,11.808254
6331227788003898624,1.226465,0,-26.588232,4.626998,11,,,,3200.0,14.216564
6260165595590579840,1.6002828,0,-18.469032,1.1917721,15,-0.36001784,0.6755363,14.891175,3500.0,13.34512
6306941397212921984,1.264893,0,4.6239586,0.44349682,11,-1.4608537,0.94177437,3.6114314,4250.0,12.242678
6127952689606972672,1.0544108,0,-40.09057,0.32354662,16,1.6546663,0.0194576,3.7043304,5750.0,10.241739
6198227872216339584,0.9551659,0,-82.40646,0.9090006,12,-0.23152141,0.57488775,8.933517,4500.0,12.907795
6352498355840134016,1.2223666,0,21.244411,2.3837929,16,,,,3500.0,14.365738
6364544433436449408,1.1705003,0,4.58658,1.6465386,24,,,,3500.0,14.001013
6364868205251190016,1.1222023,0,39.313408,3.9697824,16,,,,3600.0,14.955733
6390420786759711744,1.2439843,0,-31.728632,2.5111394,19,,,,3600.0,14.54687
6410888608028137472,1.1448829,0,-0.49279806,3.17501,49,,,,3600.0,13.660732
6444664265204037760,1.2059474,0,2.5529134,1.6457675,18,,,,3300.0,13.716693
6445628674340728320,1.0325173,0,-7.622483,0.26430112,17,0.14895871,0.22982705,3.0726933,5000.0,10.3807125
6462857643590662656,0.9078998,0,4.620907,0.13777246,23,-0.052041046,0.17540652,1.2299321,6500.0,7.373744
6487376649809929216,1.0160353,0,22.3577,0.14034814,20,-0.4514233,0.34451452,0.9764252,6500.0,8.024965
6499852121055672576,1.3543881,0,-45.572235,0.20239195,46,-0.13471104,0.33707118,4.9611244,5000.0,10.951428
6502936800927337088,1.0286567,0,,,,,,,,16.118826
6517234094220241920,1.0595924,0,-28.770512,1.008244,26,1.1747361,0.093168356,19.630589,4500.0,13.022552
6518007050894577664,0.9227564,0,-66.36386,0.25178626,24,0.5409108,0.13945672,3.6800156,5750.0,9.993719
6530225957973997568,1.7109756,0,23.395452,1.2589097,45,,,,3500.0,13.795546
6560532930841809408,1.0362313,0,,,,,,,,15.924594
6589996917592162688,1.3844334,0,75.244156,0.47954857,20,-0.4311454,0.71379256,7.4315186,4250.0,12.104295
6124174935150589056,1.1743681,0,-14.666442,1.1649508,11,-0.44627708,0.7234913,10.379444,4250.0,13.20046
6150563974426754944,1.173749,0,,,,,,,,15.963149
6219061762132706048,1.2702532,0,-16.30052,4.140112,10,4.199919,2.65123E-5,38.132652,3800.0,13.337025
6051687775666946432,1.0599041,0,-54.06435,2.3530328,16,,,,3700.0,13.996602
6249411203638655232,1.0984875,0,-3.2050755,0.3109613,15,-0.9410264,0.7906526,2.8392262,4750.0,11.340977
6064271003376326272,0.9947494,0,-12.861322,4.2102795,23,,,,3800.0,14.892445
6068111082073980288,1.0519634,0,-17.778744,5.950167,15,,,,3600.0,15.399699
6078113094532559104,1.0876732,0,47.207993,3.5475657,21,,,,3500.0,14.797922
6129732489700672512,1.0553833,0,7.5357137,5.8559275,22,,,,3400.0,15.227898
6134715682551295872,1.0575646,0,40.6061,3.643662,21,,,,3900.0,14.631684
6348657177608778752,1.0731739,0,-5.1923347,6.916651,23,,,,3800.0,15.104548
6352498527639431808,0.94254833,2,,,,,,,,7.865787
6370229527026768256,1.0805355,0,-58.487263,0.37859616,30,0.54067475,0.19868524,8.227875,5250.0,11.372283
6372112406329276800,1.0446757,0,-15.480526,0.34033236,25,1.1768494,0.10120809,5.711323,6000.0,10.500512
6379983118581809792,0.8555563,0,34.615803,0.7135614,16,0.8323747,0.1404983,7.726843,5000.0,12.182617
6383960228233695872,1.0893778,0,-30.91427,2.1915357,21,,,,3600.0,14.362362
6406540108259328128,1.0344257,0,16.440765,0.3590092,29,-0.760793,0.97580945,4.9698486,5250.0,11.5836525
6430926760768752640,1.2203999,0,29.51134,0.4619346,35,1.2932111,0.041840002,8.280664,5000.0,11.88516
6430973696171364352,1.3699071,0,32.151783,1.4891102,33,14.21191,0.0,31.10166,4750.0,11.907648
6432810808307797120,1.1191049,0,17.79209,2.7887297,18,,,,5500.0,13.833528
6436949541865527680,0.96918344,0,50.635166,0.23259328,42,0.121092066,0.33841076,4.4551926,5250.0,11.131852
6458626271874014208,1.0824054,0,-0.8380663,0.78622025,32,2.7880719,0.008146165,14.686174,4000.0,12.571781
6458626310529028352,0.97459674,0,-0.2124758,0.20496297,33,1.0965828,0.024112381,3.0782437,5000.0,10.60022
6481829132611541632,1.1817356,0,30.0872,2.1526084,19,,,,3400.0,13.998119
6495413117736206208,0.93927413,0,21.263958,0.7205384,26,2.377997,0.0023448097,15.635157,4750.0,12.330869
6502094609381045376,0.9209683,0,30.359379,0.90755385,36,2.6387625,0.002985837,23.011097,4500.0,12.742277
6507875635360404352,0.92706555,0,-39.30136,0.46183172,26,0.56022286,0.25261834,8.07634,4500.0,12.154603
6534426740931264896,1.1180571,0,21.331053,3.202807,28,,,,3500.0,14.763896
6151049133934677248,0.88512313,0,-10.061435,0.19212593,36,1.8613436,0.00114463,4.1205444,5250.0,9.908868
6191173268168635776,0.9214972,0,,,,,,,,14.367856
6217519284767559936,1.2035083,0,-25.068815,18.77629,10,32.320415,0.0,141.46875,4500.0,12.49867
6283242729746114560,1.0563339,0,-40.67385,0.18211025,8,-0.3496861,0.4721054,1.0181046,5750.0,8.872066
6303887606744917760,1.3598222,0,4.398506,4.9382467,4,1.7846606,0.053630598,17.20485,3800.0,13.272293
6052832612085554560,1.474468,0,-17.029858,3.9581194,20,,,,3400.0,14.76021
6268967976444626432,1.0945312,0,-38.479145,0.14348891,13,-0.63059986,0.5923521,0.86930084,6250.0,7.6545763
6339241887740589952,0.99739313,0,-18.549461,0.52325565,13,-0.14179529,0.51250345,5.362362,5750.0,11.514562
6077672916231534464,0.9772202,0,5.8485746,0.582196,38,0.91985744,0.26919922,12.923024,4250.0,12.752463
6078492700921896960,0.843209,0,-8.141712,0.38786352,26,0.9114282,0.095101856,6.437027,5250.0,11.11191
6078554071716755456,0.92620516,0,-9.401864,0.3025205,12,1.1183538,0.066223726,2.269967,5750.0,10.128421
6081540963771765376,1.1200905,0,,,,,,,,14.767735
6128812713860625792,1.1369604,0,-7.763535,0.14502901,17,-0.34445214,0.37010592,1.009954,5000.0,9.353597
6129732485397516288,1.0475553,0,17.246155,3.231431,17,,,,3400.0,15.074729
6143165291967834880,0.9312766,0,13.778187,0.121076316,20,-1.9639313,0.9149272,0.532773,6000.0,7.3835416
6392119360426046976,0.9692066,0,,,,,,,,9.336984
6407869623976304512,1.1166123,0,25.99636,0.483808,51,0.70187455,0.101529285,12.355284,4750.0,12.243483
6437285820629662080,1.0104651,0,-4.0072784,4.468762,37,,,,3900.0,15.174654
6441796635799492352,1.1227287,0,41.710068,0.9653227,25,0.7963139,0.31612128,17.287716,3700.0,13.316333
6464391977706899712,0.98102516,0,12.663113,0.38053373,19,-0.10684224,0.45271996,4.905304,5000.0,11.400604
6466262311408832768,0.8821575,0,31.11888,0.14303464,19,-0.9266599,0.55362314,1.2690544,4750.0,9.428511
6490453461301471104,1.0660586,0,9.737802,3.0890417,26,,,,3600.0,14.867877
6499095244738784128,1.0225531,0,,,,,,,,16.701302
6505125993002487040,1.1140774,0,14.490717,0.85501605,20,1.4837557,0.2035346,11.113808,4000.0,12.594741
6530225957973997312,1.3380305,0,24.396036,0.4782496,46,-1.2635742,0.9433638,13.515911,4250.0,12.4210005
6564071571577692160,1.0961953,0,-29.16222,2.3115528,38,,,,3600.0,14.863488
6548277808597549568,1.113846,0,7.019576,2.8486495,8,,,,3800.0,13.65459
6589294127801532416,1.0473683,0,-30.343447,2.7962446,27,,,,3600.0,14.435298
6114074207161993344,0.9910012,0,-23.611452,21.916075,9,22.223043,0.0,154.99274,4250.0,13.005365
6140121843780100096,1.4423687,0,10.647341,0.4551037,26,2.7772715,0.0010386697,6.6201644,4750.0,11.284749
6156999931381638016,1.100933,0,31.082314,3.5923464,17,,,,3500.0,14.702061
6170070925613000320,1.3615754,0,1.210663,2.6453063,7,26.546167,0.0,15.124112,6250.0,8.68509
6189865983202923008,0.9495841,0,-24.588583,0.20203575,23,0.07610699,0.21372259,2.465437,4000.0,10.621855
6220184604022549120,2.874893,0,-41.054375,3.1129916,10,,,,3600.0,14.368498
6271903947364173056,1.0238065,0,,,,,,,,16.535776
6024733935303422208,1.0539069,0,22.955942,0.1568265,16,2.2846577,7.669731E-4,1.5237083,6250.0,7.830958
6339242678014573568,1.0392077,0,-18.027504,1.3471667,14,,,,4500.0,13.20177
6076080033122502400,0.8357204,0,16.19066,1.0328538,9,4.00804,4.5003735E-6,7.061366,6000.0,10.223546
6077672980642900608,0.9323784,0,5.813408,0.13870817,28,-0.8419757,0.5621449,1.4187627,6000.0,9.122879
6078006755447651200,0.85832274,0,-31.454088,0.3172307,13,0.96450907,0.07937487,3.223709,5250.0,10.279932
6097779921575495040,0.9502095,0,-3.842679,0.2982206,9,-0.6635702,0.66612566,2.007159,5500.0,10.162308
6128812988738468224,0.908691,0,-6.6783075,1.1828285,11,-0.22481465,0.5612932,9.791059,4500.0,12.876207
6424658444978493184,1.2483703,0,-7.1943436,0.4920082,37,0.8728163,0.07962512,12.907007,4750.0,11.92118
6438834718977374464,0.97999746,0,11.329315,0.61293256,18,-0.4383875,0.5609046,6.9252734,5000.0,12.2273
6443251182306643840,1.4528543,0,15.521596,0.60966057,15,0.95214504,0.09733417,6.738881,4750.0,11.776173
6448761109951367936,1.3283302,0,-26.950842,0.54482985,25,0.830177,0.13813524,8.978527,5000.0,11.613679
6464392012066637440,0.88514113,0,12.248665,0.22958677,23,1.9967997,0.0022279709,3.1755981,5500.0,9.934937
6470141152210126336,0.9584641,0,2.5870237,0.17429495,25,-1.465745,0.8384319,2.1400185,6000.0,9.649772
6482017664495902976,0.94796586,0,-17.218294,0.42708334,23,-0.067432,0.38670495,7.3482847,5000.0,11.553401
6522873111403179264,1.3412306,0,-27.864708,0.2955488,26,-2.1118324,0.9768346,3.676632,5500.0,11.263836
6534414719318886144,0.97018164,0,24.30881,0.20039678,35,1.3333707,0.017233575,3.412714,5000.0,10.895415
6585313861347844736,1.1391267,0,3.7825909,0.8056001,19,0.46631625,0.36818913,11.549866,3800.0,13.028714
6147940161728145536,0.9285215,0,28.584063,0.14202179,17,-0.36475492,0.36641443,1.0606327,5750.0,8.871613
6157179254856039808,0.9274528,0,4.2252903,0.2511956,19,-0.006704201,0.42645177,2.8437843,6250.0,10.296445
6174170282917836416,1.0683333,0,,,,,,,,13.404215
6192109605398628096,1.1421322,0,-47.23651,4.5381517,7,,,,3400.0,15.878538
6219085951388534144,1.0036741,0,5.741498,14.62625,14,,,,3400.0,15.435474
6269715266391844992,1.1954352,0,-2.588175,2.884998,8,,,,3500.0,13.76491
6306532305871584768,1.1931815,0,-3.1787574,0.9968436,12,-0.03553301,0.51198775,9.554804,3800.0,12.349564
6307700747430956160,0.9570695,0,38.823425,0.14509292,16,0.062299438,0.24036424,0.93955994,6500.0,7.6637344
6071593819524534912,1.0165209,0,3.6673646,0.30323836,21,-2.133245,0.9804005,3.7122793,3400.0,12.448328
6072773251901519488,1.0516629,0,46.684082,1.718943,29,,,,3800.0,14.083035
6076676861777505408,0.8543087,0,22.535843,0.11616118,30,-3.1756384,0.9936445,0.4586277,6250.0,6.6675954
6077937211334868480,1.0810506,0,13.591318,1.3921338,23,,,,3900.0,13.553113
6082617587508723200,1.3168324,0,3.5525484,1.758949,4,2.7256417,0.004501835,6.778605,4000.0,10.389702
6093911294210481920,1.1440202,0,6.1833773,0.8657217,28,0.23145941,0.5843282,15.324394,4000.0,13.14286
6135619343667271424,0.88208765,0,41.461292,0.50428843,22,0.23099619,0.7451365,7.063984,4250.0,12.652207
6348780597788966528,0.8725764,0,-9.629142,0.27429074,16,0.41647878,0.1917814,3.3793774,4500.0,10.879791
6349607396173581952,1.2237744,0,13.410455,2.1486866,23,,,,3800.0,14.147928
6358356519433190656,0.907354,2,,,,,,,,11.323579
6374449143416650880,0.90798426,0,6.7186503,0.2612071,25,-0.45552292,0.62092906,3.526217,5750.0,10.775048
6374455225090407040,0.930688,0,6.4225793,0.1895763,25,0.064663425,0.3172569,2.4023962,6000.0,9.865555
6407120925276577536,0.9988344,0,-60.63761,0.28490806,30,-0.46002626,0.5423171,4.458721,5000.0,11.198447
6414089556958756608,0.95611674,0,-11.197008,0.42148504,24,1.0511031,0.3004375,5.6713266,5250.0,11.580739
6414090695127335552,1.083002,0,-8.6770525,3.6274378,20,,,,3800.0,14.894336
6424658444978493312,1.3131121,0,-8.036856,0.5113229,37,0.5178822,0.1799,9.126194,4750.0,12.375074
6466272589267103616,8.845604,0,31.060413,0.76415265,22,1.6181009,0.0658759,10.497725,3400.0,13.201053
6481828582855724544,1.0137503,0,27.423006,0.14169165,15,1.3935593,0.014977328,0.88757896,6000.0,7.194311
6482019073245173888,0.9486256,0,-17.891165,0.15397418,17,0.38111544,0.17167498,1.3962803,5750.0,8.471315
6488418849394117376,1.097684,0,12.441153,1.2525429,23,,,,4250.0,13.298209
6504237725046262400,1.0833435,0,,,,,,,,15.661225
6507875635360404608,1.0765628,0,-38.90809,1.9597142,25,,,,3900.0,14.44545
6510444472480647680,1.3086557,0,56.728436,0.41983125,28,0.20016858,0.27831146,6.9414444,5500.0,11.932382
6562581969543104640,0.96066856,0,-31.268215,0.33511624,54,-1.2723423,0.95011,9.678865,4250.0,12.272629
6542668233416317824,1.0595587,0,4.0588307,1.8267564,16,,,,3600.0,13.77696
6150563974428324224,1.2664974,0,25.460821,0.46865618,41,-0.35226008,0.69030595,10.034592,3500.0,12.990456
6187668093818467712,1.0155942,0,21.584997,3.6566079,12,,,,3500.0,15.205603
6193645245185489920,1.0471746,0,30.265224,4.014715,16,,,,3600.0,14.933565
6202657667123671936,1.189332,0,24.377821,2.275482,9,,,,3800.0,13.85204
6216201962451383296,1.5474882,0,-1.6186236,0.5378805,13,-0.6873122,0.7073899,5.9466944,3400.0,12.619453
6284996480855973888,1.0319358,0,-34.692963,2.1140656,9,3.3212748,2.995322E-4,17.43753,4500.0,12.186797
6288409919000551424,1.3417202,0,46.045387,0.25459322,11,-1.2429333,0.79165494,1.670578,3500.0,11.602247
6265050485236882176,0.98721343,0,13.41498,3.412964,11,,,,3800.0,14.741229
6266179202636589312,0.99548614,0,-1.150244,2.3060584,17,,,,4000.0,14.160881
6063029173722913792,1.0229871,0,11.349453,1.3822466,24,,,,4500.0,13.493553
6070311067392674560,0.92708486,0,19.489492,0.626669,9,,,,5750.0,10.647832
6078492464705030656,0.8960616,0,,,,,,,,9.0301285
6099897203014955776,1.1340432,0,-32.77737,0.31070945,7,0.89101493,0.18832785,1.5470867,4500.0,10.348272
6197622900303357056,1.1296474,0,-81.94527,2.6828318,6,1.1466622,0.12701891,14.251923,4500.0,13.062733
6197626061399323264,1.3042474,0,,,,,,,,14.3087635
6364829481826361856,1.0218369,0,,,,,,,,15.760574
6366021318070162432,1.0008729,0,35.937653,0.18882045,18,0.26066002,0.24893269,1.717762,6250.0,9.5942135
6387649914378668160,1.1201724,0,5.2144833,0.12727644,17,-0.9725882,0.6802591,0.7183595,4750.0,8.380575
6408255174600108160,1.00623,0,10.391802,2.1571937,36,,,,3600.0,14.696004
6433194159906020096,1.0621265,0,-34.66547,0.86424404,49,,,,4500.0,13.321775
6458852260169587840,1.2316301,0,1.0324423,0.44898933,32,0.29469752,0.2597419,8.038851,5500.0,12.058063
6486702339944343680,1.5741988,0,,,,,,,,16.267431
6487376752889146240,0.99800724,0,27.859451,3.3502128,20,,,,3900.0,14.624925
6502793589538241152,1.0662305,0,50.265854,4.439061,23,,,,3300.0,15.643335
6507397244723277184,1.0734357,0,,,,,,,,13.314903
6539613107219839616,1.038239,0,-14.566841,1.1323717,38,,,,4000.0,13.38251
6536999877313948032,1.1267828,0,-8.827507,0.5431234,27,0.6232088,0.1788013,9.869155,5000.0,12.131505
6542668370855271168,1.0334575,0,4.682783,0.22860461,8,0.28239444,0.24881518,1.437418,5750.0,8.880571
6551113002409226752,1.0550141,0,8.612313,0.16996568,14,0.9756699,0.033393692,1.2931418,6750.0,7.1490097
6239101735942368128,1.1494273,0,8.163376,3.3077407,11,,,,3300.0,14.590605
6295491529796518528,1.1932088,0,-27.03172,0.34478423,11,0.36545837,0.51705235,2.47711,4250.0,11.375516
6249410860041044480,1.0136284,0,-2.6349487,0.2787586,19,-0.86460173,0.7397482,3.5560362,5000.0,11.145794
6306944386510162176,1.0432183,0,18.547153,4.9650493,5,,,,3300.0,14.775805
6065108242793519872,1.0314302,0,-17.879559,0.88529015,19,1.3221011,0.08721652,10.910269,4750.0,12.333229
6078006755442178432,1.1418593,0,-26.220312,5.479286,10,,,,3600.0,14.190703
6078554140436217728,1.0972211,0,-9.23835,0.33725914,21,-1.3798621,0.8665035,4.315708,4750.0,11.626132
6093911294217522688,1.0038054,0,5.1866617,0.26055205,28,2.9385445,5.9985403E-5,3.7539423,5500.0,10.278205
6097779925875725952,1.0756109,0,-6.8049655,2.547054,10,,,,3800.0,14.404613
6381001167565335296,1.0573077,0,1.935983,0.2355629,16,-1.1611711,0.81863767,2.3480897,5750.0,10.319201
6403251056663081856,1.3950411,0,41.1508,0.21793282,44,-1.0029261,0.64890486,3.810543,4750.0,11.266284
6423750179655079424,1.0526317,0,-49.3863,2.5096116,35,,,,3900.0,14.354564
6425341516577768576,1.0972573,0,2.0366082,2.6534874,29,,,,3500.0,14.789527
6436948785955460096,0.9617398,0,50.518585,0.25883886,37,-0.63127977,0.5565671,4.892269,4750.0,11.627293
6456090355679691136,1.9613078,0,18.376446,2.6370616,26,,,,3700.0,14.324336
6468039298294401408,1.0830305,0,-27.277895,10.389863,21,43.970707,0.0,108.61293,3800.0,11.232486
6478789670155309824,1.1650891,0,37.790585,1.5529631,23,,,,3500.0,13.875967
6486702511743033984,1.0398831,0,,,,,,,,15.967076
6496276612321269504,1.0224887,0,59.266228,2.648313,28,,,,4000.0,14.48876
6502038774805489280,1.0012172,0,-21.815529,2.1438699,21,,,,4250.0,14.12813
6514926116234363904,0.9977463,0,36.83656,1.1606878,23,1.3493837,0.06802982,19.000477,4500.0,12.823932
6584427753758592640,1.1787502,0,24.666224,0.3817173,35,-0.2719131,0.67063415,9.073952,4250.0,12.074652
6534858161806944000,1.6927456,0,,,,,,,,13.922178
6536999877313947904,1.2646208,0,10.538462,4.03675,27,,,,4250.0,14.047347
6551112933689749376,1.0412155,0,8.146798,0.3105382,12,1.3588217,0.034197744,2.5736437,4750.0,10.656404
6145303429765430784,1.1198007,0,,,,,,,,14.258533
6179026615322809216,1.092459,0,-14.734585,0.28847376,15,0.1677236,0.26098135,3.2922935,5500.0,10.176029
6189864123481468800,1.6126133,0,-25.300232,0.39329702,23,0.25771552,0.48159754,5.869198,3900.0,11.845734
6196597193387735168,1.0321902,0,,,,,,,,15.5339575
6219085951388534528,1.0267932,0,20.718145,3.9267232,12,,,,3400.0,15.18688
6275881121441327104,1.1443441,0,7.0825353,0.60642785,10,-0.60769993,0.6504509,5.2878833,4750.0,11.91988
6283266231807160576,1.0617884,0,-41.991264,5.499688,12,,,,3700.0,15.048707
6284996485151202432,1.1830539,0,-38.71346,3.9541602,7,6.1747084,7.4174E-13,25.000334,4750.0,12.807985
6310111014357762688,1.2283837,0,-38.40689,1.62818,13,0.69181466,0.30846587,16.646635,3700.0,13.422347
6310112831127809280,1.3695202,0,-40.62229,4.762266,9,7.820808,0.569587,6.271351,4000.0,12.405465
6034115964943993472,0.88369083,0,48.300728,0.11816055,27,-1.6669629,0.8165852,0.57382584,5750.0,6.571881
6266179271356066688,0.9498867,0,0.31708744,0.33352295,11,0.05563028,0.41408235,2.4802842,6750.0,9.484303
6070311067399933056,1.1637124,0,19.849882,0.61593735,9,,,,5500.0,10.6252775
6078113098837543936,0.94077164,0,,,,,,,,15.777626
6088054505011960832,1.0977429,0,58.658405,0.12136512,13,-1.6934775,0.90073377,0.41070938,5750.0,6.763095
6347160055089296000,0.93768495,0,68.23555,0.17184845,12,-1.1711816,0.7567738,1.2964478,5500.0,9.700963
6353165140922699520,0.9647866,0,-14.750792,0.1591736,18,-0.62976587,0.46331957,1.5394192,5750.0,8.838364
6354365360943733632,1.0328838,0,21.891706,2.4540968,21,,,,4500.0,13.663927
6354448511510449664,0.87058663,0,22.281967,0.41030732,21,-0.17022616,0.48489985,5.65069,5000.0,11.644515
6358356515136884352,0.8327651,0,17.457914,0.36286747,24,-1.8871397,0.9565228,4.602705,5250.0,11.682165
6372165045448392704,1.1617692,0,21.62338,0.23370488,22,0.2245963,0.20918833,3.423092,6250.0,9.368068
6387517595026064896,1.1800563,0,23.841095,1.9201411,25,,,,3600.0,14.446078
6403099564578229504,1.1212813,0,16.9,0.290212,47,-0.30994764,0.43299717,6.9218616,5000.0,11.529007
6405676029558838400,1.1455777,0,-5.132544,2.44343,29,,,,3700.0,14.623408
6410382008044978304,1.0144161,0,0.5016438,2.2399788,27,,,,3500.0,14.27722
6422015322107377408,1.0383743,0,-24.795717,0.91400343,52,,,,4250.0,13.482952
6442593197613539456,1.0496784,0,35.432785,4.096708,29,,,,3500.0,15.054951
6468039641891779584,1.1260064,0,-33.061405,0.15852146,20,-1.1992894,0.74119157,1.143322,6250.0,9.260707
6471977542786978688,1.0523566,0,,,,,,,,8.882374
6488418471436995712,1.1578753,0,12.69954,19.044079,24,81.03179,0.0496908,21.519438,4500.0,12.948538
6514925703917503744,1.0293967,0,40.882034,4.9026937,24,,,,3800.0,15.180263
6545677291799401088,1.119406,0,5.7617683,5.4248195,13,,,,3700.0,14.473802
6572717168946768640,0.9466269,0,-4.5732083,0.23138218,26,-0.70017475,0.60390574,3.714186,4750.0,10.745192
6140115933905099264,1.1777606,0,-22.156973,5.6234236,18,,,,3700.0,14.244234
6145304323118631680,1.1041603,0,4.575739,4.8548937,14,15.992081,0.0,59.497677,3400.0,13.484412
6153660920727514624,0.95839524,0,33.26354,0.17851622,23,0.083325736,0.22275333,1.9730034,5500.0,10.010699
6156677357861290496,1.252895,0,-5.580346,0.51127875,23,0.69322044,0.19773795,8.645795,5250.0,11.408269
6156680312798789504,1.0204715,0,-6.5124207,0.44613102,23,1.0838525,0.08304121,6.9351006,5250.0,11.421698
6211071782933588352,1.113135,0,-46.46073,7.3993273,12,,,,3500.0,15.323087
6334173517093777536,1.1931268,0,-54.790836,1.4525439,8,-0.83367467,0.82655126,11.400528,4250.0,13.243488
6048470265343671168,1.0119848,0,-63.565575,0.27937093,19,-1.0326313,0.78048295,3.6546707,5250.0,10.6957
6307374845312759552,0.9323361,0,310.2706,0.17816365,7,-0.6301314,0.57364297,0.7963867,5000.0,8.827628
6087619613803221504,1.1455191,0,-3.9543066,1.0368507,16,0.21221505,0.54859257,11.5867815,3900.0,13.1122875
6059605809871132928,1.0688335,0,6.493808,0.7108574,8,-0.35355717,0.680269,4.4346824,4250.0,12.343913
6342268877613307520,1.1267077,0,-3.2575307,0.4263935,13,0.9965479,0.09556602,4.3102036,6000.0,10.159519
6353165106563500032,0.9778324,0,-14.642496,0.2197163,19,-0.8449613,0.6327525,2.652853,5500.0,10.270468
6354365360943734272,0.98572904,0,23.63019,2.1299047,19,,,,4500.0,13.920386
6369544118966055296,1.0445715,0,-10.940124,0.15151328,26,1.060929,0.028863851,0.9261713,6000.0,7.011212
6371158648711769728,1.0471406,0,-14.259787,2.629356,28,,,,3600.0,14.933746
6389711876637393920,1.0014561,0,,,,,,,,15.839119
6458852225809403392,1.0298781,0,1.9868017,1.2143298,29,,,,4500.0,13.52128
6462857609230497280,1.1680402,0,4.2696905,1.1256826,3,1.8553343,0.03834683,3.0657885,4500.0,11.18088
6476191141925522560,1.1580806,0,0.7349595,0.9854852,19,1.1185963,0.11103341,13.352301,4500.0,12.8552685
6502793589538240000,1.0776385,0,43.748035,7.5166802,22,,,,3200.0,15.592379
6518006565562564352,1.0441091,0,-66.60169,0.1948392,20,-0.66345423,0.61988664,2.172844,6000.0,9.810123
6534858166102087040,1.30822,0,-0.42302173,0.1367657,31,0.48610532,0.06682741,1.2858329,5750.0,7.8297815
6553312815938418432,1.0241437,0,,,,,,,,15.447015
6569337197186440832,1.3056109,0,9.292106,0.6841084,10,1.1508619,0.10205337,5.5453453,4750.0,11.820756
6572717168946768896,1.0519103,0,-0.44060227,7.9690986,18,,,,3300.0,15.440782
6271903943069412608,1.4181333,0,-33.697773,0.6117774,8,-0.2967795,0.47166923,3.916771,3600.0,12.024595
6023277292867414144,0.96537554,0,14.805317,2.8108099,11,,,,3600.0,14.114142
6026027613820758016,0.9168074,0,81.97346,0.59970856,18,0.5588032,0.550707,7.577751,3800.0,12.522447
6051687573804685952,0.9357708,0,,,,,,,,9.674336
6052832612085555072,1.1333805,0,-17.342518,1.4077072,22,1.0144037,0.9253681,11.127566,3900.0,13.104985
6320821460203448064,1.1297659,0,-8.33372,0.23156185,10,1.7817507,0.0051978445,1.6455641,5250.0,9.061412
6061044692658730112,0.9560358,0,-8.189171,0.3924707,20,0.23019473,0.29526255,5.030169,5000.0,11.671148
6064319519312810240,2.097681,0,5.7019434,0.23152779,28,-1.3990752,0.8363678,3.4793453,5000.0,11.256504
6064319519330312832,0.91391313,0,,,,,,,,8.993088
6076676857472495360,1.0459391,0,21.893867,0.5401872,23,-1.0857598,0.9028288,7.46397,3800.0,12.874839
6105302097234215424,1.2880102,0,18.070349,3.3593926,13,,,,3400.0,14.195772
6125818571901108224,1.136947,0,22.070683,2.8292506,29,,,,3400.0,14.895599
6143170617724394368,1.006389,0,13.933672,0.3815487,27,-1.1248833,0.8322345,6.2971478,3800.0,12.10675
6354448339711755776,0.9447797,0,22.805782,0.628208,24,2.538117,0.0012268919,9.343246,4750.0,12.135708
6358928609077405568,1.0188754,0,6.521708,0.12466027,23,0.40010285,0.13383956,0.8772378,5750.0,7.270075
6371158786151464192,1.0263307,0,-12.732566,0.22296079,30,0.5688867,0.10732841,4.053464,5500.0,10.493857
6379983088517415168,0.7939886,0,34.86537,0.42650732,15,-0.19339539,0.5096123,4.834366,5250.0,11.542602
6392630221016101376,1.0781208,0,-12.935711,0.14420325,26,0.7425401,0.04683992,1.454567,5000.0,9.480805
6403250919226091008,1.0373886,0,36.25482,5.325695,31,,,,3300.0,15.480047
6433194293044757888,0.9112817,0,-39.836258,2.4672096,52,27.658813,0.0,68.56748,4750.0,12.2554035
6496276612321268992,1.1136887,0,60.465088,0.47411484,31,1.1676589,0.05328191,8.81078,4750.0,11.814604
6504237798061595136,1.2335354,0,-1.1748579,0.13376585,25,-1.4339395,0.69091225,1.1327927,6250.0,8.371384
6545677291799401216,1.0649235,0,15.752028,3.3581934,14,,,,3600.0,14.643131
6548277808597084672,1.1484178,0,8.132572,0.56378686,9,-0.99814427,0.8562909,4.1357594,4500.0,12.445075
6138858676718942080,1.1092561,0,-6.0415177,2.7798517,23,,,,3600.0,14.798375
6143946220101631488,1.058871,0,,,,,,,,16.536198
6149510607929826176,1.2903292,0,-0.91503924,0.26597103,37,-0.40346673,0.48219094,4.9687963,5000.0,11.487007
6151377578674752896,1.0046644,0,-10.499146,0.12875123,32,-0.71764153,0.37457258,1.3207235,6250.0,8.005054
6173236896329349888,1.0741087,0,-22.581083,4.054523,8,14.811071,0.0,31.521915,4500.0,9.572396
6174170282917835904,0.98774207,0,-9.241483,0.36715096,8,-1.447984,0.91198534,2.3396912,4750.0,11.394606
6187668093818467840,1.0826322,0,20.98135,2.1750357,14,,,,3800.0,13.920276
6228695236338166528,1.4715854,0,-34.283085,0.29809868,13,-0.4749488,0.37029028,2.330864,3700.0,11.128549
6234448087335107712,1.1691473,0,-32.28776,3.4450102,16,,,,3500.0,14.08939
6235730152255450752,0.9764096,0,6.769287,0.24726537,16,-1.5215244,0.8852708,2.845677,5500.0,10.689681
6306533925075595136,1.3461795,0,-3.5038214,2.8078325,13,,,,3600.0,13.802146
6330135010884994432,1.1999358,0,51.818607,2.0359716,9,0.8253237,0.9501833,6.355179,3600.0,13.5623045
6034115660024463744,1.0614887,0,,,,,,,,16.088558
6087618342493228416,1.0410473,0,-5.2755075,0.13333678,19,-0.88551915,0.52571607,1.1099014,6500.0,7.7655845
6105819932854682880,1.0403987,0,-0.44562438,0.4882287,9,-0.62862486,0.7496641,3.9469867,4250.0,11.778947
6105820035933729024,1.0508267,0,-5.2189717,10.929698,4,,,,3800.0,15.002966
6370228113980562816,0.9375847,0,-57.180935,0.72213393,29,0.87310797,0.067908354,15.690727,4750.0,12.608945
6392642173910186240,0.9637528,0,-12.965448,0.12466689,31,0.17169914,0.12549941,0.94791985,5750.0,8.10187
6410888504948963072,1.4815298,0,-1.7007926,0.66965616,49,7.778559,0.0,19.492058,4750.0,11.09418
6448761114248572032,1.401939,0,-27.059103,1.3247794,24,,,,4750.0,13.2694845
6456090355679691264,0.97247785,0,18.605606,0.19748126,29,-1.1670063,0.7256546,2.630005,5500.0,10.499769
6458952345790198144,0.93599576,0,37.247574,0.12276684,30,-0.36043262,0.30429927,0.95360565,6250.0,6.747615
6479178072638262912,1.0112289,0,11.824873,0.1924708,24,-0.88296396,0.6659622,2.4353838,4500.0,10.942281
6495299760663617664,1.1955086,0,-0.28752944,0.6968902,38,0.5696772,0.43639755,19.182121,3500.0,13.3181095
6507397244723277056,0.99257475,0,12.402309,5.0579777,24,,,,3300.0,15.3632555
6583471767054984192,1.1991676,0,-15.391876,0.522806,25,-0.22210212,0.4360484,7.438324,5500.0,11.907672
6583472007573833600,1.1580125,0,-15.9256935,0.3130237,24,-0.14172193,0.5178559,4.838071,6250.0,10.619509
6584427758054911104,2.6557949,0,25.722122,0.8036486,35,-0.0038129273,0.6031659,19.11727,3800.0,13.310454
6838078283058301696,1.0231279,0,-31.219173,0.27481207,20,1.7703707,0.016891463,3.7739487,5750.0,10.439948
6717484504859020800,0.9068791,0,19.882957,0.12849857,16,-0.8658292,0.61226404,0.62529755,5750.0,8.011172
6722627058186743680,0.8681004,0,-1.4562624,0.39620605,8,0.5822169,0.23275015,2.3605068,5750.0,10.51609
6632060182320364544,1.1553319,0,-30.707361,0.26436135,14,-0.1070424,0.39431036,2.6474113,5250.0,10.418413
6762438140847586304,0.9907513,0,-22.164444,3.85674,5,4.1768303,2.5600579E-5,18.850395,4250.0,12.2769375
6797897700070861440,1.1164867,0,-24.72706,5.3224535,19,,,,3400.0,14.940259
6848078208171763712,0.9969708,0,-13.714829,3.85992,22,,,,4500.0,14.423425
6859350229582515840,1.179164,0,-31.226568,1.5150638,18,1.712579,0.03224429,20.42962,4500.0,12.965611
6644512357663327744,0.94315314,0,26.447386,0.31878316,17,0.16482005,0.32752755,3.1703224,5000.0,11.031753
6689017702137426688,1.1121808,0,24.670708,3.3468063,15,,,,3700.0,14.671383
6708503174193498624,1.0810086,0,3.7444568,1.6875954,15,,,,4500.0,13.494604
6774268576714422144,0.99313235,0,11.177104,1.9154401,22,,,,3700.0,14.530573
6625075221169529088,0.9807914,0,-25.530148,0.5389985,15,0.60343915,0.19876336,6.409397,5000.0,11.81239
6814372404342555520,0.9523175,0,-7.647783,1.6068957,40,,,,3700.0,13.815046
6840822904599511936,1.0408446,0,6.3750167,0.23836301,10,-0.03061704,0.2812113,1.7032776,4000.0,10.292744
6842209839734568320,1.0447932,0,-23.902988,0.17306799,11,-0.11343477,0.46738324,1.0750446,5750.0,9.028894
6896033545254420480,1.0403509,0,-11.014785,1.1685024,21,1.9523089,0.038245287,17.336367,3600.0,13.225643
6736294400055660800,1.1313207,0,5.0360837,6.8913,9,,,,3400.0,14.511097
6740505392125450368,0.9954528,0,-5.7041264,0.116745904,28,-2.446857,0.9680683,0.4603176,5000.0,7.717239
6696178993167005440,0.8309552,0,-75.45579,0.23603566,17,0.2112932,0.19373257,2.4280777,5500.0,9.802057
6767319182192650624,1.2058583,0,-6.1983924,0.40198544,6,1.5767174,0.018419549,2.0969996,6250.0,8.650202
6709009499297941632,1.5334026,0,-20.744942,0.9568514,13,-0.08110006,0.50189734,9.602409,4500.0,12.69731
6602389478789647360,1.0696019,0,3.0548441,0.61238945,14,-0.005577498,0.38550568,6.5378733,4750.0,11.813049
6767427071772499328,1.0490117,0,41.158493,5.4318113,18,,,,3300.0,14.933188
6780098256085807232,0.9832063,0,21.174234,0.44257805,22,-1.8771541,0.94791615,6.410042,5500.0,12.329905
6629439599435592448,1.2843444,0,-7.162325,0.26030257,34,-0.418926,0.5347977,4.1961265,5500.0,11.07601
6664336998988943488,0.9214857,0,-23.403357,0.18343951,13,-0.6040763,0.5262532,1.5476856,5250.0,9.969225
6666516540271227904,1.0447096,0,-6.733922,0.51814073,15,-0.22693941,0.1640028,5.451987,7000.0,7.5694594
6599917334269031168,1.0934262,0,14.66057,1.039841,17,2.9423325,0.7285641,5.3861847,4500.0,12.506043
6807918442886589312,0.78853685,0,-79.60126,16.996895,17,71.9257,0.0,166.4896,3800.0,11.396766
6833720785334369408,1.0628046,0,10.599214,1.4652838,16,,,,4500.0,13.565299
6749082510534170624,1.1923147,0,25.601126,8.107698,11,,,,3500.0,15.190125
6792395709526957056,0.9989837,0,-19.742401,3.110717,22,,,,3700.0,14.213632
6795869719593229568,1.3857102,0,17.978619,0.3250096,21,0.29990858,0.29153684,4.5553284,5750.0,10.722553
6859531752079979776,1.0889465,0,-18.319128,0.53041434,15,0.9286571,0.11460531,5.272565,4500.0,11.41231
6861110478979861760,1.2697934,0,12.149164,0.75999033,30,-0.27588198,0.690489,12.891258,3500.0,13.370174
6637419957905745024,1.289811,0,17.865555,2.276474,13,,,,4250.0,13.6325245
6668524970057980416,1.0176388,0,-70.550705,2.7578676,20,,,,4250.0,14.075351
6684070380847457408,1.1196585,0,44.24501,1.6030579,16,,,,3600.0,13.775617
6825474959226950272,0.9481398,0,-34.183384,0.18694241,14,0.79574233,0.14286503,1.3746605,5250.0,9.408774
6736294395734484480,0.7944379,0,-6.763293,2.6778147,12,7.641781,3.330669E-16,25.371593,4250.0,11.40466
6748673079891957760,1.0531307,0,-19.585342,3.6298482,11,,,,3200.0,15.367104
6748796362632835968,1.2372748,0,1.2655753,0.26819524,15,-1.2540835,0.17730717,3.1529803,3600.0,11.0793705
6868753253024203136,1.0251178,0,15.913319,9.601208,12,,,,3700.0,15.27941
6915576402365764352,1.0057299,0,-24.915194,25.320833,34,74.40138,0.0,515.8762,4750.0,13.321293
6688151218255104896,1.1216561,0,-6.068054,0.3124076,18,-0.35382336,0.48492786,3.6793551,4750.0,11.312374
6706267729612819712,1.6135302,0,-37.337696,9.334872,13,78.74791,0.0,73.54587,5250.0,10.802667
6708974765898901120,1.0107659,0,33.288586,1.7369304,18,,,,3900.0,13.560139
6774551082483065600,1.03013,0,43.714436,5.385836,17,,,,3800.0,14.861509
6612042160089278720,0.8411688,0,-6.486466,0.1811292,14,0.38523912,0.14998543,1.3764415,5500.0,9.233057
6825638511580876160,0.99667263,0,2.6013963,3.2501595,13,,,,4250.0,14.1330805
6689968745336205824,0.9913254,0,,,,,,,,15.694804
6737950951736610176,0.99090475,0,,,,,,,,15.762857
6742608586069897088,0.93679994,0,-2.422879,1.6698383,12,2.6371183,0.003535381,16.027718,4500.0,12.900292
6683187434353599232,1.5517614,0,-33.520382,0.6302734,22,2.0391362,0.008302186,10.094662,5000.0,11.8871765
6849385664936575872,1.0592204,0,-16.431181,2.3201964,13,,,,5500.0,13.516069
6659454686324341760,1.1245751,0,43.661602,3.7096944,8,,,,3500.0,14.50476
6689017702137426816,1.0447017,0,29.389296,7.3253927,18,,,,3900.0,14.817809
6702775508886369408,1.2260325,0,-0.6345925,1.2541637,14,1.2837,0.056017414,14.325481,3700.0,12.313469
6609340148918886144,5.0530157,3,10.425708,2.2814322,15,40.35878,0.0,27.881723,4250.0,10.013294
6842209938518417408,1.0244356,0,-23.659452,1.1367279,15,2.930301,0.0053443173,13.874628,4250.0,12.811641
6762439614012522752,0.9958971,0,-1.4078169,8.467366,7,,,,3500.0,14.080323
6797900551929148928,1.066989,0,12.287207,7.823852,16,,,,3400.0,14.391189
6847157603403958016,0.9213985,0,-41.606117,1.1932695,16,2.2809846,0.010833211,16.820839,4500.0,12.28907
6868438517820721152,0.9229377,0,-10.786406,0.24329498,9,0.879817,0.07146044,1.5301905,5750.0,8.844673
6872733759994116480,1.0475008,0,-2.937092,17.812737,9,70.66538,0.0,114.747696,6250.0,9.714305
6649689992282914560,1.0951918,0,2.9001236,2.2365158,21,,,,3900.0,13.90237
6657758174242862080,1.2067403,0,-3.8620505,0.7879435,12,0.6696794,0.17526509,8.763426,5500.0,11.36015
6659454686324342400,3.5336416,0,41.739246,1.4180305,11,0.05455327,0.52063185,12.049061,3600.0,13.25796
6660328763709309696,1.0450325,0,18.083975,0.29024646,13,0.6396011,0.22453845,2.2586918,5750.0,10.302048
6702775135228913280,1.0928425,0,0.35501444,0.14318655,17,1.2581298,0.048293993,1.0506345,6500.0,6.9120226
6706777391915719168,0.9809433,0,-14.683127,1.9454901,16,,,,4250.0,13.4073515
6827446422230087808,1.3475598,0,-45.299026,0.1800226,14,-1.2613941,0.82564795,1.6540794,6000.0,9.639936
6833720750974631552,1.017765,0,7.422514,2.0817757,15,,,,4500.0,13.837663
6715740851216203264,1.092467,0,58.626114,2.3486106,15,,,,4250.0,13.721182
6743004650775553280,0.9153992,0,5.1387057,0.1912566,9,-0.2508796,0.3849586,1.1799874,5250.0,9.460907
6744925291430289536,0.9462252,0,-15.052679,0.22372562,10,-0.20039743,0.427281,1.4069986,5250.0,9.8285475
6761555095592306432,0.89376354,0,-5.797663,0.31451136,5,-0.41059816,0.59590894,1.3322902,5500.0,9.967081
6872733759994117248,1.0312529,0,3.2382402,1.7317296,13,,,,4500.0,13.399773
6643430644378870528,1.0026184,0,10.969326,0.24927558,19,2.0733678,0.0021804692,3.6724195,5250.0,10.0611725
6688151218255105536,1.1223613,0,-3.2650397,5.6498375,15,,,,3800.0,15.295566
6708503487729360128,1.3572145,0,2.400333,4.305213,14,,,,3500.0,14.815141
6774549192697451392,0.88414574,0,40.948868,0.43687338,15,-2.1037111,0.9758857,4.6068726,5000.0,11.901285
6840822904602985984,1.3295603,0,4.9477353,0.32685083,10,-1.6197827,0.9259876,2.7293808,3700.0,11.938662
6721371896953755776,1.0915055,0,-2.6425521,2.4508684,15,1.5045489,0.16912074,23.070087,3700.0,13.280252
6768853207071606912,1.1385293,0,-18.226713,1.0274082,16,1.6942499,0.06361731,13.254149,3700.0,13.069974
6642410675544868608,1.1278816,0,-8.725476,0.2621512,18,-0.8929889,0.73100656,3.4604888,4250.0,10.941677
6672700434183572864,1.0343014,0,5.3333244,1.7923831,14,,,,4500.0,13.269722
6673835611220171904,1.0311065,0,-16.405033,0.17282827,15,-0.41763994,0.46585202,1.5036745,5750.0,8.998748
6706459426894010624,0.93305206,0,6.531308,0.3264037,14,0.65224737,0.034866434,2.9212608,7250.0,8.001555
6709009503594600064,0.9467999,0,-21.989674,3.3985288,16,,,,3900.0,14.588172
6609339182550866688,1.1863643,0,-9.957919,16.558298,15,37.96765,0.0,170.68918,6250.0,12.458624
6807918442886589056,1.0318152,0,-41.5951,5.889288,10,,,,3500.0,15.679843
6825664388759355392,1.1349592,0,-34.482185,3.5490944,15,,,,3500.0,14.661054
6835036071824160000,1.0624412,0,7.8979053,2.906357,18,,,,3700.0,14.73224
6897580832992118912,1.059863,0,22.248331,2.7609506,13,,,,3300.0,14.599936
6725885456589848448,0.80507565,0,22.804375,1.1662306,13,1.2413352,0.6020424,6.030924,4500.0,12.394748
6792395778246436608,0.99469453,0,-22.040363,2.1944523,22,,,,4250.0,13.535581
6855818185917435776,1.0419582,0,22.4453,0.19968538,11,-1.8380369,0.9640711,1.4865284,4250.0,10.877782
6632060113600887936,1.1686534,0,-32.454018,0.3053742,11,-0.1815192,0.4744835,2.2756557,5000.0,10.628543
6646456156781369728,1.1176296,0,-24.15055,1.5783929,15,,,,3700.0,13.63903
6657758169946168576,0.93784565,0,-2.691225,0.4663609,11,1.5312238,0.028233318,4.3255434,6000.0,9.769568
6674788544203482624,1.0480762,0,-29.934156,3.5691514,15,,,,3600.0,15.125164
6675621974017542528,1.140825,0,-0.59369713,0.5437703,19,0.8942278,0.14785099,6.0096045,4500.0,11.942998
6683548009745747200,0.9342813,0,27.607653,0.1405101,18,-1.1902357,0.7098386,1.1811123,6750.0,7.405835
6705273393145711360,1.1043044,0,-25.901606,1.4821063,17,,,,4500.0,13.266446
6706459358175336832,0.9373303,0,3.1454499,0.6843338,5,1.4074287,0.065128505,2.747807,5000.0,11.033847
6612042164383880704,1.0654706,0,-5.6457686,0.455937,18,-0.6447233,0.7325498,5.48501,4500.0,12.315581
6616691719886829696,1.0135511,0,-3.451749,0.18147594,14,0.48066962,0.20445594,1.3457441,5750.0,9.212723
6776743852266014080,1.4626861,0,11.64131,0.44322845,32,0.16038321,0.3885597,7.0176296,4500.0,11.97041
6813823851119053312,0.96342295,0,-4.5788107,1.7772847,15,,,,4500.0,13.116321
6839457109294734720,1.1015018,0,-41.211205,3.246726,9,,,,3700.0,14.504389
6895594079904719872,0.8907141,0,9.317461,0.31373718,14,0.4477145,0.2826907,3.2972217,5250.0,10.965456
6689968745336207232,1.078336,0,-68.747,6.024756,9,,,,3400.0,15.754419
6717484504855794304,1.2350348,0,22.346228,8.072235,8,,,,3600.0,14.746912
6725655937872937472,1.0311449,0,10.220938,0.6781348,12,0.50139606,0.26784945,6.9089894,3800.0,12.367723
6734421034076465920,0.9166611,0,-48.307392,1.7929993,13,,,,4250.0,13.457563
6683186751456009216,0.95977736,0,-34.00053,0.35170993,8,0.8229303,0.8472672,0.5687103,5500.0,8.9396515
6795870028830880384,0.93441087,0,18.69936,0.50679255,25,-0.5411943,0.58529305,7.5879927,5000.0,12.446335
6868432504866186368,1.0434387,0,-11.398524,0.18125221,12,-1.1862818,0.8114211,1.2969742,6000.0,9.422926
6865632461068336768,1.0640849,0,-77.91627,4.232803,16,,,,3700.0,15.166983
6865633178321824384,1.0912198,0,-75.275566,0.18799222,16,0.050763868,0.36097342,1.7427521,5750.0,9.4251375
6637419957909050496,1.2411013,0,20.40928,0.21473268,15,-1.2936779,0.9474908,2.0435886,6500.0,10.137239
6654500836686907776,1.0294402,0,1.1320466,4.137454,11,,,,3500.0,15.067216
6813823846823624448,0.9062654,0,-2.4937587,1.0261952,14,0.19231534,0.3083571,11.948459,5000.0,12.511273
6825637038407614848,0.9609836,0,-2.9562128,3.2121747,13,,,,4000.0,14.11213
6689710257023894912,1.1903096,0,-9.256878,2.2263896,14,,,,3500.0,14.168312
6780097946848159872,1.009096,0,20.651587,0.15836509,10,-2.0920067,0.9740708,0.7673092,5000.0,9.8152685
6643430644376784640,1.0945196,0,10.229698,0.6762266,20,0.9787951,0.22802213,10.656783,4250.0,12.900605
6683678198794123776,0.92754966,0,-68.303604,0.31802437,14,-0.196025,0.44950023,3.276085,5000.0,11.128385
6684070380847457536,1.0614845,0,46.80847,2.2936556,15,,,,3600.0,13.969878
6706777284533831168,1.0596181,0,-14.052268,0.569458,21,0.74024427,0.14204262,9.232655,5000.0,12.044025
6708599518899342080,0.99571264,0,33.30906,0.21267983,17,0.0024533023,0.32090783,2.250864,6000.0,9.566591
6821329800390075264,1.0199785,0,15.216805,0.67035925,20,0.34589916,0.24294879,7.6768293,4750.0,12.254802
6737873779762527872,1.2464056,0,,,,,,,,15.770287
6742608311191973632,0.89902145,0,-2.9019213,0.60009474,11,1.8555486,0.024076192,4.6879277,5500.0,11.016031
6683106177869151616,1.0638592,0,-3.1819587,2.278896,23,,,,3800.0,14.212203
6748796396992580352,1.1179513,0,,,,,,,,11.1300335
6761555095592306560,0.91712326,0,-17.833576,10.962996,5,43.91758,0.0,38.90085,6000.0,9.617699
6767319010393952768,1.0307553,0,-5.362975,4.7835956,14,7.26534,4.0578652E-13,46.188316,3600.0,13.307729
6767427277930929792,1.0475051,0,,,,,,,,15.348014
6848077933293849472,1.0227451,0,-16.502808,2.0211594,20,,,,4250.0,13.728803
6865066453096640000,1.5945132,0,-25.031908,0.44388038,3,-0.15420687,0.5502806,1.1360378,5250.0,10.319991
6874580149255288832,1.0251054,0,24.321484,0.13369367,12,-1.2614937,0.76488805,0.6200657,5250.0,8.476135
6902152705420536576,1.0697651,0,-41.711056,3.7127817,24,,,,3700.0,14.796819
6657385955197780992,1.15594,0,-70.79633,1.3848542,14,2.3407352,0.011605984,14.28849,4500.0,12.699243
6672700429890532224,1.0538768,0,4.503319,0.59978944,14,-1.1688871,0.8121652,6.297984,4750.0,12.3648
6674788922160700160,0.87787837,0,-24.635618,0.3526496,18,3.3606222,4.9097827E-5,3.8846455,5250.0,10.986331
6609180479214817280,0.99620044,2,,,,,,,,9.673927
6735161834349813504,0.95735085,0,-26.781359,0.94393736,7,-1.1199962,0.89036536,5.3958473,4500.0,12.74116
6743004646477330560,0.9685241,0,,,,,,,,9.288564
6749082510534170496,1.1297895,0,24.03388,1.5516564,16,1.1724308,0.103981145,19.47968,4500.0,12.947209
6859347240285129472,1.0813591,0,-30.71027,0.4748115,13,3.583411,4.7873316E-4,4.998417,6250.0,9.807184
6859531958238411904,0.9218344,0,-18.098864,0.1841682,8,-1.3122172,0.83875346,0.8838291,5750.0,9.373684
6861110478979862272,4.257056,0,10.406957,0.20728394,28,8.441278,0.0,2.946928,5250.0,8.853234
6654890063803648896,0.97090703,0,40.481567,0.34645638,18,0.9329378,0.08336314,3.7621956,5500.0,10.756594
6657385435502969344,0.8615738,0,-69.743065,0.34529626,14,-1.0164474,0.8153642,3.7479324,4750.0,11.281087
6683548009743756288,1.044656,0,79.92181,4.760272,6,,,,3400.0,15.705586
6703026889031177984,0.95134354,0,7.649305,0.54293513,12,0.15023008,0.81085134,3.0899954,5750.0,10.813073
6703026889031179008,0.8464708,0,7.3619437,0.49836287,12,-1.1065246,0.8155171,5.0149946,5500.0,11.307734
6705273393145711488,1.1787983,0,-25.08992,0.5072632,14,0.08712571,0.52354753,5.8477707,5250.0,11.9140005
6599917334269031040,1.0443165,0,21.472633,7.217818,16,,,,3800.0,15.757934
6625075221169421824,0.87165195,0,-26.258337,0.43949863,13,-0.3417275,0.5618841,3.681446,5250.0,11.571717
6830027182179257472,0.9916421,0,32.47982,0.12799987,21,0.032397103,0.22814429,0.93948746,5000.0,8.203756
6835030097524588160,1.3806338,0,7.519669,0.5179569,17,-0.5487008,0.7748196,6.0674834,4000.0,12.505188
6895594255998955648,1.1023467,0,-1.7722492,5.9568024,15,,,,3600.0,14.232092
6721371892640117888,1.1494362,0,-9.048857,4.632772,11,,,,3300.0,15.362699
6748673075593622016,1.0493089,0,-21.037912,0.38761494,17,-0.29231954,0.62302244,4.179695,4250.0,11.808543
6644583963357379200,1.0762459,0,-19.351738,7.9059153,10,,,,3500.0,14.866814
6644585543905342720,1.2687232,0,,,,,,,,9.699196
6673257680420593664,1.1297573,0,-17.510977,1.4297593,14,3.633033,7.103835E-5,16.783161,4500.0,12.712668
6673835645579910016,0.98203063,0,-16.575747,0.15292591,17,1.0070144,0.041249853,1.2066059,5750.0,8.246445
6706268489832296704,1.1186885,0,-18.757084,3.0537534,15,,,,3800.0,14.638791
6608010598842914048,0.9520558,0,-22.344364,4.9977756,21,,,,3600.0,14.95078
6823400219439909888,1.0088125,0,-45.81791,1.8009952,21,,,,3800.0,13.85028
6722627058186743808,0.8132762,0,-1.6844116,0.3148252,8,-0.3631611,0.5936371,1.6988356,6250.0,10.297938
6725656144031366144,1.0039539,0,,,,,,,,16.557821
6735150083319287808,1.0330015,0,-22.96307,6.2742453,9,,,,3900.0,14.230713
6737873642323584896,0.93008006,0,-70.13725,0.17876202,15,-0.07506809,0.30858892,1.4624176,5000.0,9.725468
6737950848657393664,0.9891733,0,-25.735577,0.17782488,13,-1.2705696,0.82878184,1.3832607,5500.0,9.889063
6857141684381312640,1.1421115,0,-8.354632,0.4019274,14,0.9403008,0.09372762,4.2338896,5250.0,10.264056
6874580527212411776,1.1811991,0,24.240059,0.97455835,14,-0.43174905,0.7240148,10.291031,3800.0,13.120173
6903571075420379520,0.88729435,0,7.422579,0.13888966,23,0.7641325,0.05322524,1.0797763,5000.0,8.952151
6906039925703317248,0.9980344,0,-14.734359,0.3015799,7,,,,5750.0,9.608265
6906039925703317376,1.143861,0,-15.613973,0.5059972,4,,,,5500.0,9.8478775
6915576711603410688,1.2787493,0,-12.493883,0.20801875,10,-0.95829916,0.78363633,1.3233452,6250.0,10.032125
6654890059504881664,0.9563038,0,,,,,,,,15.787758
6683677923916212224,0.98272777,0,-67.86443,6.703103,13,,,,3700.0,15.2307825
6684698957902059264,1.0746598,0,27.709248,0.38731784,9,2.3006704,0.0026261986,2.8144188,5250.0,9.770037
6711732822094150656,1.0738832,0,-56.841446,3.056377,10,3.493704,1.3153766E-4,26.964943,4500.0,13.065854
6711920391905888896,1.0449113,0,-54.590977,2.2024653,18,,,,3900.0,13.933135
6774268576714421760,1.1066073,0,9.634839,1.8513373,23,,,,3500.0,14.11616
6589996921887948032,1.3737302,0,78.09155,0.7055621,21,0.13031459,0.6397215,12.000381,4250.0,12.706797
6609186453514376192,1.0029202,0,-29.458286,0.1910526,13,0.15135472,0.25471422,1.5285091,6000.0,9.039205
6616691719885119360,0.8382918,0,-4.2454586,0.3141978,10,1.6833106,0.034589835,2.3056312,5750.0,9.998561
6776740862968771840,1.0776212,0,11.520604,0.2949503,34,0.93618166,0.07905472,6.1318026,5250.0,10.924422
6823400219439910272,1.1573012,0,-45.85321,1.7460073,21,,,,3900.0,13.884145
6830027143525634432,1.0949987,0,33.410744,0.18632334,24,-0.7159584,0.45053425,2.2116241,4000.0,10.685617
6896033510894682240,0.9392134,0,,,,,,,,16.005062
6734421175859072512,0.7377631,0,-46.677147,0.37054384,10,-0.48949486,0.64103055,2.6833572,4500.0,11.133227
6696179577282558336,1.0110534,0,-78.306625,4.3799224,16,,,,3900.0,14.794866
6795611300001197056,1.3580486,0,0.8864042,0.39931002,24,0.62427485,0.17783406,6.174011,3800.0,11.933803
6847157642061818624,0.9496909,0,-40.7927,0.42557594,13,-1.7179242,0.9678139,4.8365936,4250.0,12.235528
6849385660639171584,0.86501974,0,-15.788975,0.5746842,14,-0.5597762,0.6142984,7.0199347,5000.0,11.648666
6768850217774349184,0.9504897,0,-18.16136,0.24491695,9,2.2100275,0.0019579895,1.8332138,5750.0,8.869666
6857141688677395840,0.9422166,0,-6.7038383,0.1973143,17,-0.8004829,0.573718,1.828824,5500.0,9.793453
6902152705420536960,1.0609931,0,-69.935684,6.9253736,22,,,,3300.0,14.974077
6649689713103335424,1.477371,0,0.6594183,0.5182964,24,0.5259639,0.17498264,7.3723316,4750.0,12.176675
6651737794027614080,0.96091247,0,-6.3714623,1.3524748,17,,,,4500.0,13.1754465
6664336071275866240,1.1037723,0,-23.852024,1.0675137,16,-0.28528398,0.75341874,11.84815,3600.0,13.548465
6668525038777459584,0.9841837,0,-70.65737,0.20750791,18,-2.2720618,0.97962666,2.372345,6000.0,10.263221
6673258225879505280,0.9380025,0,,,,,,,,9.0852165
6684698957902059520,1.5178432,0,30.530506,2.9903789,8,,,,3700.0,14.182337
6707760286591537280,1.0189004,0,-59.77194,4.045186,10,,,,3200.0,14.963683
6707761209999754880,0.8408542,0,-63.26555,0.63888973,10,1.2333596,0.1151795,5.759033,4500.0,11.691399
6814372782299678336,1.0408963,0,-6.0324693,2.5974727,42,,,,3800.0,14.865694
6838078252994333312,0.9530621,0,-30.345509,1.5340539,20,,,,4500.0,13.690703
6897580798632380416,1.3432745,0,24.446268,5.5719986,9,,,,3500.0,14.832071
6688959634177544320,1.1211554,0,3.432763,11.449522,12,,,,3400.0,15.626573
6683106173573814016,1.1545608,0,-2.7738318,0.7053781,23,0.6561501,0.38007012,11.398624,4000.0,12.72581
6742971768505413248,0.9216957,0,-0.4824076,1.8746345,11,,,,4500.0,13.192865
6744925291430289792,1.031108,0,-57.61225,9.642122,7,,,,3400.0,15.239581
6857446493915732864,0.9522546,0,,,,,,,,9.593895
6645370354689103616,1.4768002,0,-21.919987,0.67932975,6,2.1051164,0.008236401,3.887762,6000.0,9.959395
6645370354689103872,1.2246784,0,-21.6625,0.275045,6,0.6168389,0.23373981,1.2913513,6500.0,8.744841
6651737626526402688,0.85864383,0,-16.729168,4.260977,17,54.562206,0.0,42.249302,6250.0,9.791415
6652404033648838528,1.052259,0,-12.179539,0.65278727,18,-1.423312,0.9732231,7.645567,6500.0,12.498016
6666516505911492224,1.565808,0,,,,,,,,8.099509
6675621974017543040,0.9329546,0,-1.7602756,0.1901166,13,0.50947136,0.13985391,1.3172424,6000.0,8.788203
6602387971256137728,1.1103231,0,7.196421,6.550159,10,,,,3600.0,14.925011
6608034581940295552,1.0492638,0,-25.920698,5.4570146,11,,,,3500.0,14.9916525
6821329804684931840,0.93222576,0,13.089565,1.4717026,20,3.2810214,0.07676273,10.931397,4500.0,12.622068
6715741023014907904,1.0960914,0,60.7145,4.1879525,15,,,,4500.0,14.333585
6725885460933870592,0.9472709,0,24.798292,1.9961607,12,,,,4250.0,13.488051
6740505392125968384,1.0563817,0,-5.4686522,1.8526524,14,,,,4000.0,13.76598
6742971802865148800,0.97274745,0,-1.2604331,0.35969186,11,-0.6542647,0.6805513,2.9747095,6000.0,10.355513
6795611300001195904,0.9629129,0,1.4523906,0.18293722,22,0.7442446,0.05801446,1.9524968,4250.0,10.240463
6855818185917435392,0.8863655,0,22.727608,0.12608847,22,0.057610344,0.19191617,0.7558098,6000.0,7.339645
6857446489620516224,1.2680897,0,-6.182796,0.61850137,21,-0.31625095,0.5706695,7.357613,4500.0,12.055555
6865066453096640896,1.0182213,0,-24.85973,0.28629395,15,1.0747648,0.052543305,2.9848995,7500.0,7.580306
6868753253024203520,1.0647902,0,15.682455,4.205644,13,,,,3800.0,14.551111
6903571174203089408,1.1495285,0,7.5706487,0.36110562,30,-1.5286685,0.9351207,7.2437515,3500.0,12.715992
6642410671250666240,1.4659635,0,-9.449274,1.1637197,17,1.4879823,0.72153765,6.577413,3700.0,12.533894
6644512357662373120,1.0682652,0,26.864687,3.5455945,15,,,,3600.0,15.046832
6646454675015039488,1.1438961,0,-24.319277,0.97131735,14,-0.5255901,0.7311302,8.336384,4250.0,13.245493
6652404029353637120,0.9840817,0,-10.83333,0.43707737,17,0.15672538,0.3214192,4.6182995,4750.0,11.532221
6654500836686908416,1.0267545,0,-3.424017,7.4836884,10,,,,3500.0,15.328882
6660328935508006528,1.059473,0,17.59237,0.28106692,13,1.1732476,0.07643475,1.9695053,6000.0,9.858266
